Crop,Season,Area,Annual_Rainfall,Fertilizer,Pesticide,Yield
0,4,-0.46495575615781787,2.4303651814257146,-0.45932446219580664,-0.44492313637310327,2.5020212607403414
0,4,-0.4255904660990347,0.8225093594081206,-0.4307588554701547,-0.40489516644879825,2.6938336815733757
0,4,-0.46854252425000464,1.4930900257161825,-0.46176435878025307,-0.44900518620185903,2.149433913499871
0,4,-0.4377977235412661,1.6980537478014968,-0.43957082344854553,-0.41743152419479757,2.628800829654255
0,4,-0.46500409535043497,5.433973423881726,-0.4592100977347744,-0.44537136339164063,2.50692437586199
0,4,-0.4255507205406607,0.6548916531368509,-0.4283184233849231,-0.40804378722036394,2.6910072407399914
0,4,-0.4684888140359857,2.497478168668012,-0.46161340532353806,-0.44909838455503026,2.132982308607866
0,4,-0.4286401320510318,1.437839890555993,-0.4307140094965877,-0.410997680494018,2.4303498904727854
0,4,-0.4648698198153875,5.046892954091454,-0.4588071711058058,-0.44563813892257526,2.4983868111097856
0,4,-0.4702805867756585,-0.1878239397376356,-0.46300277863169403,-0.45081156048703824,3.4094961844768505
0,4,-0.417892718225836,-0.7359179122673556,-0.4254446700762523,-0.4025876132644227,2.9248219805244067
0,4,-0.4248933075210685,0.3953368432292421,-0.4304659132307221,-0.4090332113697451,2.6900338034276134
0,4,-0.46843510382196674,2.50582610161468,-0.46169670500965054,-0.44912311064872873,2.124653884501384
0,4,-0.43262650413551973,-0.43088883604499895,-0.43601262636084753,-0.4161533373111622,2.9632282123472597
0,4,-0.42218094171311055,0.8864369511839258,-0.42852044154665947,-0.4065358759061976,2.135095848744497
0,4,-0.4648075159671255,5.111150069536207,-0.4590947810979359,-0.4457831099119367,2.5146965855103183
0,4,-0.4703267775597148,-0.1878239397376356,-0.4630535270435651,-0.45086481668885037,3.305053521109253
0,4,-0.41632867679360364,-0.7438264803220944,-0.4227530919685217,-0.4011475655674227,2.5442470245670132
0,4,-0.42374820575818406,0.2406804012699054,-0.4282894928431634,-0.40797889073444144,2.6930395522356574
0,4,-0.4683276833939288,1.0160495943032564,-0.46155438878896204,-0.4490242062739348,2.124653884501384
0,4,-0.4159376664355455,1.4730989231333702,-0.42246132276070797,-0.4007875536431726,2.12200487634692
0,4,-0.4703418164196401,-0.1878239397376356,-0.46305732083470597,-0.45087866330132154,3.2724165917962305
0,4,-0.42830927713267497,-1.0517114283419957,-0.43399709158431476,-0.41367540232113204,3.3264567307940727
0,4,-0.4247891097058717,0.4042339822908232,-0.43156223402850846,-0.4105589635115185,2.6930395522356574
0,4,-0.4683104961254427,1.0003422994167614,-0.4616654546185272,-0.4490888745189924,2.132982308607866
0,4,-0.4107847085025656,0.9947403970446544,-0.4218755578139688,-0.3981607295289334,2.2033959712723123
0,4,-0.3881157755737193,-1.4166039710898062,-0.4061957290070784,-0.3780917004781936,3.5784964261752674
0,4,-0.42899676787211777,-0.8563038926561576,-0.4331630466391381,-0.41575673076823844,2.814368153071578
0,4,-0.42441206400345854,0.667962758671766,-0.4298474888578902,-0.4118602027225096,2.6935984497807204
0,4,-0.4682428212557788,1.5443858768490022,-0.461544935940425,-0.44911185076605986,2.1701959049483
0,4,-0.43489844618852214,-0.8106099438954444,-0.43743101159934805,-0.42077255201548164,2.7319113930362446
0,4,-0.41052904788383526,0.8572191858705853,-0.4198075945830898,-0.40006106297016686,2.2208325911217868
0,4,-0.4645378906927503,1.884564144425754,-0.4588656110136387,-0.44596303979377344,2.4788167153901455
0,4,-0.47028273518421926,-0.1878239397376356,-0.4630201571743964,-0.4508455683759097,3.3163654461454577
0,4,-0.39422047849911535,-1.3839811278640082,-0.4080135931222403,-0.38620045172596473,3.57036770466639
0,4,-0.4254916393052398,-0.5358970452162531,-0.4275445151072854,-0.4175681643925898,2.852310865845839
0,4,-0.4073494032139123,1.4000545098500188,-0.41318375235032634,-0.40407650450651333,2.1751574833562226
0,4,-0.46384180631906446,3.47352727609036,-0.45790117276529935,-0.4460876593060138,2.4038515254185895
0,4,-0.3830380119403659,-0.6278341488525918,-0.39393970103198306,-0.38599708911533065,3.7551191135886084
0,4,-0.42155468061764934,-0.5822500413148611,-0.4202799720457531,-0.41464040469796787,3.2152091106805765
0,4,-0.4255023813480436,0.6359989627838635,-0.4237388377797607,-0.4175761528228617,2.6882253516391197
0,4,-0.42378902552083847,-0.3178622175960233,-0.42223764299180366,-0.41630199819450636,2.802169998136558
0,4,-0.4046273695674309,1.5655852328846216,-0.40544873225351047,-0.4020522362756342,2.2039479564615654
0,4,-0.46368067567700755,1.9428898338294525,-0.45718959888244476,-0.4459678328519365,2.418079797750592
0,4,-0.36891222565337695,-0.26524827178741384,-0.37415611513125613,-0.3754923033078876,3.9023696649029844
0,1,-0.47025588007720975,-0.1878239397376356,-0.4629319627929201,-0.4508459487773512,3.1457314909736493
0,1,-0.46368497249412904,0.9326801060595513,-0.45680072547992956,-0.4457267344183042,2.426318643390919
0,4,-0.41656607593956746,-0.8352143778435207,-0.41283463205226617,-0.40901769099093127,3.3031469429087044
0,4,-0.42412417725631685,0.18597947222462866,-0.41988700833707926,-0.4149060009844338,2.68840163613782
0,4,-0.424772996641666,-0.5044824554432629,-0.42049241414663396,-0.41541147841991927,3.0425275039274697
0,4,-0.40705184862824717,2.003632030138766,-0.4039570173912956,-0.40160541674243033,2.1959539291824433
0,4,-0.3575707768611313,-0.7443756864370069,-0.3577868057927534,-0.36305606722129513,4.007865958556283
0,1,-0.47024191542156485,-0.1878239397376356,-0.462904731365406,-0.450907649891165,3.1548704948922883
0,4,-0.4233195982503127,0.602497389774206,-0.41717136793362475,-0.42432154530424215,2.6871417774785678
0,4,-0.4145197167854447,-0.3100634907642671,-0.40859446462937005,-0.41933554753001373,3.023246804686766
0,4,-0.4068391561807321,2.0694269227052735,-0.4011085199729465,-0.4149837550390795,2.144091663699172
0,4,-0.3494207889858929,-0.5913668628224072,-0.3451450635008975,-0.38245060647608414,3.8919751067393973
0,1,-0.47027736416281735,-0.1878239397376356,-0.46291771900573003,-0.4510036251748593,3.3162444907174375
0,4,-0.4124690608142005,-0.726032202198932,-0.4025026067554033,-0.4325794519572314,3.303809118170158
0,4,-0.4216212812830329,0.5539475692159485,-0.4120675376552041,-0.4354963702107702,2.700739592940084
0,4,-0.4050559770753023,-0.4849307177523809,-0.3947552372554589,-0.4302168166441245,3.06686538189923
0,4,-0.41178264427903805,1.0096788033702726,-0.4017852369379182,-0.432360683088216,2.189416394888408
0,4,-0.46357755206609114,1.657192812852013,-0.45591578543506595,-0.44886831776320185,2.431355168140068
0,4,-0.34618635989767055,-0.4434107354650019,-0.3332309522669862,-0.4114543904647012,3.818697306857755
0,1,-0.47027736416281735,-0.1878239397376356,-0.46288913254068764,-0.4509168936461938,3.2994107192133875
0,4,-0.40803367134051394,-0.9826212990860136,-0.39202664186129593,-0.41344552573002435,3.463968717246735
0,4,-0.4222658038512605,0.13347536763900134,-0.4082294780308952,-0.4220134215177043,2.6925228662254073
0,4,-0.4018548483197717,-0.3125898388928641,-0.3849922457825326,-0.4097258082743118,3.132009891846539
0,4,-0.41550368790627223,1.335577711959301,-0.4005310212652806,-0.41794255549132914,2.17880194981552
0,1,-0.4632767748675849,1.5271408048407524,-0.45491918135061454,-0.44670246411579073,2.4336133554004498
0,4,-0.348466895584916,-0.743716639099112,-0.32421173724384406,-0.37758569048069,3.795938526407344
0,1,-0.4702977740441446,-0.1878239397376356,-0.46289088620176694,-0.45085834986434464,2.947941609892468
0,4,-0.4194213109168159,1.068663540111866,-0.40114464112161463,-0.4076185744890382,2.6922218876677966
0,4,-0.4073386611711085,-0.33895173240866017,-0.38648052717664705,-0.39734956149504624,3.4831653603499513
0,4,-0.3999363194750141,-0.31621459925128603,-0.3774966714516496,-0.3910583302946908,3.20727779255624
0,4,-0.407558722659987,1.6764150268739477,-0.3867476049165189,-0.39753659118938744,2.2234645789858556
0,1,-0.4632842942975475,1.6631242388930667,-0.45437897297748764,-0.44489761143637757,2.4241704143471634
0,1,-0.4702977740441446,-0.1878239397376356,-0.4628879425563838,-0.45076728175924585,2.4768184726582136
0,4,-0.4194911341950405,0.15137948698514633,-0.40070303403793894,-0.3913941867274046,2.771476993248047
0,4,-0.4038722039583242,-0.816870893605446,-0.3815862069694528,-0.37314176476062083,3.597903290005734
0,4,-0.39618842074077043,-0.4685793534771565,-0.3721816220986907,-0.364162426773798,3.2604677299072753
0,4,-0.4071309100632831,1.5701985642498857,-0.38557470811078426,-0.37694991794345684,2.222381658087913
0,1,-0.4631510929667805,2.721339573389898,-0.45414074513639496,-0.4424156061509231,2.4309783077624445
0,4,-0.3598255316456477,-0.7459134635587616,-0.32767517690644005,-0.3216684284245822,3.7920181484788182
0,4,-0.42002823633523023,0.6172161136538589,-0.4075363266935928,-0.395602415714311,2.832668533320854
0,4,-0.4050452350324985,0.6392941994733379,-0.39102819134690575,-0.37915431386492227,2.2322392658895507
0,1,-0.4630726760543128,1.4715611460116158,-0.4549623011327307,-0.442855920819477,2.4471800583454217
0,4,-0.40545880368044457,-0.5967490827485491,-0.3944862884022251,-0.3888332101026916,3.485161385149907
0,4,-0.41600748971377016,0.21102327106463484,-0.4056224114123143,-0.39891917392302645,2.8564914916261315
0,4,-0.4680870616351238,2.237483993868473,-0.4606021991694572,-0.4487142551793882,2.510818031572501
0,4,-0.4037024796820243,1.8121787784802972,-0.39263215794178763,-0.3871539279391226,2.238351287345994
0,1,-0.463022188453135,0.9257601090116552,-0.4552552724899694,-0.44387155462817857,2.409072246157428
0,4,-0.3712593620060059,-0.9497787734142511,-0.358382342549658,-0.35613394023018663,3.7642412481543777
0,4,-0.4044050092813924,-1.0083241452639147,-0.3902454331398329,-0.37376440584009296,3.481050722176094
0,4,-0.41549939108915074,0.3222924299458906,-0.4024820921229495,-0.3867293999303917,2.8564914916261315
0,4,-0.46802690619542253,2.071184382272993,-0.46041783840639416,-0.44811352522294734,2.5087859235779435
0,4,-0.40405159607314756,1.5826106224469065,-0.38985563251963096,-0.37335140399503985,2.22816938120103
0,1,-0.4629867397118824,2.063715179110184,-0.4548587365523292,-0.4422235414631021,2.412987423018471
0,4,-0.3723904991132454,-0.7626093294520991,-0.3549347100885332,-0.33635196210721424,3.7727609380946383
0,4,-0.4067457004083391,-0.7303160098952489,-0.38958551251841006,-0.3764997584855965,3.7036354317036926
0,1,-0.47031925812975217,0.41192286789959703,-0.4629327922972141,-0.4507923882543859,2.8324287227920304
0,4,-0.4156884510424975,0.6038154844499961,-0.39990311084490365,-0.38695033708762366,2.869812053756286
0,1,-0.4629437715406673,2.488141664714501,-0.45442340729905134,-0.4421733284728221,2.4238368532189045
0,4,-0.4679903832498896,1.0781098852883595,-0.4602458790032996,-0.44807084418120935,2.510818031572501
0,4,-0.40630891820589404,1.0954647985195922,-0.3890815799479594,-0.37598933088615266,2.28026644600119
0,4,-0.3693784303110616,-0.4434107354650019,-0.3464734434030459,-0.33283203148858553,3.672659915935141
0,4,-0.41070414318153714,-0.7860055099473681,-0.3961912575245067,-0.3768846867042658,3.747801269566395
0,1,-0.4703128129040699,-0.23537145913617827,-0.46293457280004463,-0.4507656840731915,2.6409602799989873
0,4,-0.41766176430555446,0.7592408149702102,-0.40398164611075776,-0.3855081971826953,2.8786989567257004
0,1,-0.4628062733927787,2.4511251725694034,-0.4545295650123771,-0.441461825616612,2.4617620811715177
0,4,-0.46796782496000167,1.8248105191232828,-0.4603089099493752,-0.4478592268592944,2.4932054526026954
0,4,-0.4091841441248003,1.4484944891852942,-0.39448932764191513,-0.3750007485651616,2.2452585978174557
0,4,-0.3728384422981636,-0.7614010759992919,-0.3537933576224917,-0.3299526588573243,3.5334228143087176
0,4,-0.4113626304054097,-0.8099508965575495,-0.3951156061309092,-0.3714093785558163,4.764078759637415
0,1,-0.47031603551691104,-0.025464882016652125,-0.46292999274965335,-0.45074126230064626,2.5123056237058443
0,4,-0.41356260077162665,0.5414955683566022,-0.3976462426680566,-0.37436981473426445,2.8815469250157997
0,1,-0.4627804924900496,3.1488366209541394,-0.45426182121250047,-0.4406009010741747,2.4619171317958597
0,4,-0.46797534438996435,1.2817555126978841,-0.4602374844418193,-0.44759146228461183,2.494444354268489
0,4,-0.4038668329369223,1.1634565155457497,-0.38649315410150736,-0.3613225017720219,2.258707840715111
0,4,-0.3862778120499902,-0.697143960554539,-0.3662604184280445,-0.33765346759921444,3.659625040933841
0,4,-0.40710018782086427,-0.42298026799026006,-0.38800467370249264,-0.3724178227772732,4.847235131720938
0,1,-0.4703020708612661,0.09700808160881699,-0.46290414116081796,-0.4507523700227385,3.2386784521643803
0,4,-0.4156777089996937,0.8428299856598801,-0.3981697469171015,-0.3830490920640201,2.927473259691937
0,1,-0.4627708246515262,4.441448133012005,-0.45397899046481005,-0.441417889250117,2.4619171317958597
0,4,-0.4679936058627308,3.0760118901167526,-0.4601684188892845,-0.44789118058038163,2.4997952622817508
0,4,-0.41375959909460547,1.5203306490158381,-0.39589662777086004,-0.38067172190107607,2.189496378923642
0,4,-0.3765755989896035,-0.680338253438219,-0.3518305070817881,-0.3345846170099344,3.6478295690452693
0,4,-0.3656391252110609,-0.7759001174329796,-0.33153969402110306,-0.3135969184779354,4.110873864173311
0,1,-0.47029025461418195,-0.3169834878121635,-0.4628696543765571,-0.45071695464853345,3.519474122685245
0,4,-0.41746948173936654,0.5262675810243623,-0.3965832220450674,-0.38150808582444184,2.9484077017791606
0,1,-0.462759008404442,2.459143581847125,-0.45341845904026656,-0.4408490749746193,2.4622271609410875
0,4,-0.4679409698529922,3.1677293113071263,-0.4599214637902687,-0.4476387842239363,2.6458201245660757
0,4,-0.40540294505786484,1.6625750327781543,-0.38144054950013073,-0.36569780307204175,2.2839118277284243
0,4,-0.37128406870445463,-0.7639274241278889,-0.3386237093530395,-0.3209932539060368,3.777541161267628
0,4,-0.45103621709266173,-0.3315923704688337,-0.4496456338971416,-0.4296424865477248,3.220522468406296
0,4,-0.4498513697714033,-0.8860708640844106,-0.4488217607984051,-0.4283417798987517,4.030268156514967
0,4,-0.451523905835954,-0.2999580982498785,-0.4494792471398407,-0.4315277560918742,2.937021184172291
0,4,-0.4508181536237447,-0.9116638690393293,-0.44896979070180804,-0.43080297722535527,4.162921791786359
0,4,-0.3903608625197122,-0.5804925817471416,-0.40532790670041635,-0.3687157939885911,3.825421933924434
0,4,-0.4540558053248082,-0.22284955971617507,-0.450421786757361,-0.43529848538089394,2.6070572382294337
0,4,-0.45264430090038965,-1.2595310222248548,-0.4493272804462597,-0.4339488971466862,4.131110341412424
0,4,-0.43938539746766686,-0.44132375222833486,-0.43904608455742944,-0.4212716006666055,3.195229203468258
0,4,-0.37771962654820757,-0.7499775888091136,-0.39122931949268086,-0.3623108227572226,3.4210233514963533
0,4,-0.4531964419005047,-0.43780883309289537,-0.45076662132247736,-0.4350925360404576,2.941737966292091
0,4,-0.4460916547900754,-1.3465252708269815,-0.44567064123598615,-0.4285510006915851,3.9895600123308097
0,4,-0.3873487937175284,-0.6969242781085739,-0.403536732704119,-0.3744651433355082,3.421035022397645
0,4,-0.45311372817091544,-0.39387234389990194,-0.4502018412882308,-0.43501637967186624,3.104199322736039
0,4,-0.4443729279414684,-1.0315006433132188,-0.4436795169915811,-0.4269685306948817,4.141844211495596
0,4,-0.45109207571524146,-0.7146087150087538,-0.44869329829618276,-0.4331549993382439,3.302095020618944
0,4,-0.4519922589021994,-0.5489681507511687,-0.45037832580245973,-0.4346421787738477,3.1432710810488977
0,4,-0.4704180849235471,-1.3748643063564625,-0.46312324849234227,-0.45095474358962456,0.0
0,4,-0.4278162173679808,-0.8180791470582534,-0.4336560480633764,-0.4132388916669933,2.8884357288897515
0,4,-0.45327056199585086,-0.8839838808477435,-0.45126251270859624,-0.43577387306235554,2.9298943576352245
0,4,-0.46484296470837805,3.0203223900646337,-0.45926700475885596,-0.44601903488596445,2.5198830206940475
0,4,-0.45661133730783077,-0.27645207653162696,-0.4531333005947473,-0.43922628242511536,3.0151467534718988
0,4,-0.44029095167602667,-0.7722753570745576,-0.44133075388188425,-0.4253556285828572,4.191410775055107
0,4,-0.47052765376014577,-1.1130028307662216,-0.463197276943404,-0.45105372404470684,0.0
0,4,-0.4534123569608609,-0.4861389712051881,-0.45081986782235833,-0.4365074772423177,2.9421480274657563
0,4,-0.40860192540483464,-0.6240995472711873,-0.418413941663793,-0.3984232065235789,4.07019822898982
0,4,-0.4684888140359857,-1.0082143040409322,-0.46172283255052476,-0.44932091939831664,2.1805430004047253
0,4,-0.4266421120895261,-0.9048537132144153,-0.4284551893279441,-0.41842372527470173,3.309464921147495
0,4,-0.4547024763015966,-0.5028348370985256,-0.4506667971636528,-0.4392911028307495,2.7386087978809726
0,4,-0.43599413455450914,-0.9729552714635551,-0.4358579248695443,-0.4253784526693481,4.100989104940769
0,4,-0.4538302224259285,-0.7664537722564861,-0.44855890533663534,-0.43864244229267774,2.9040156294092583
0,4,-0.4376054409750782,-0.7284487091045467,-0.4343432024668528,-0.4265767172101211,4.21760750520383
0,4,-0.4420096785246337,-0.6034493973504804,-0.4365757611998048,-0.42884010578713666,4.071731836475068
0,4,-0.4546466176790169,-0.5857649604503007,-0.44836714190113236,-0.4386851994147041,3.1232235865685385
0,4,-0.46843295541340596,-1.1149799727799063,-0.4612310130266711,-0.44942575803559826,3.6849458014369194
0,4,-0.451385333483785,-0.005913144325770108,-0.44452595199493633,-0.44022354284419163,2.785789254323247
0,4,-0.4370683388348885,-0.6414544605024197,-0.4305717323612562,-0.43211155818416763,4.076887515290238
0,4,-0.4624807894958238,-0.9503279795291635,-0.45534026281398504,-0.44651020922724893,3.7867431890013883
0,4,-0.44029095167602667,-0.9440670298191619,-0.4315790985752205,-0.4414466095589514,4.303513139148795
0,4,-0.46215423139458844,-0.7805134487982439,-0.4544282815099208,-0.44841468904419496,3.532203151710345
0,4,-0.46522215881935197,-0.5171141960862485,-0.4576345541214034,-0.44939247290946566,2.6326080059353516
0,3,-0.46844477166049014,-0.7842480503796484,-0.46100248753682627,-0.45041955680155676,3.6656193565650237
0,4,-0.446843597786341,-1.0847736364597234,-0.4362105250201345,-0.4368095159868807,4.191320021345486
0,4,-0.4643090851810295,-0.6734182563903225,-0.4560944342420769,-0.4473239259507942,2.455020016324006
0,3,-0.4680741711837592,-1.120142510260083,-0.46038086648409104,-0.4495905479400627,3.7401451839215873
0,4,-0.4619469099684752,-0.7705178975068379,-0.453405171902508,-0.4459018712419778,3.8145628237853786
0,4,-0.4453397117938098,-0.5471008499604665,-0.43260052139047817,-0.42964655684314895,4.267807553081732
0,4,-0.46188030930309165,-0.8230220020924651,-0.4526750258823532,-0.4437043681946326,3.5607441904482906
0,4,-0.4642467813327675,0.609527228045085,-0.45554709585219344,-0.44571562669621195,2.635399855632822
0,4,-0.4398612699638749,-0.7854563038324557,-0.42563511049596525,-0.4151989100944005,4.163652939487425
0,4,-0.45233278165907964,-0.827086127342817,-0.4408996471029202,-0.42977323052317357,3.003021432469611
0,4,-0.4638385837062233,-0.07910924284599934,-0.4549822010733847,-0.4432190139954033,2.6429386760070006
0,3,-0.4682471180729003,-0.9096867270256446,-0.4603780372693316,-0.4483708667981324,3.799362404646969
0,4,-0.44039837210406463,-1.2576637214341522,-0.429979958080116,-0.41796442857421623,4.150457058910981
0,4,-0.45122742545456923,-0.6108087592903069,-0.4419113111364647,-0.42985239206315284,2.6910662061271258
0,4,-0.4635141740135487,-0.47109072365658783,-0.4554487395918279,-0.44334059029611156,2.667228206581955
0,3,-0.4680494644853105,-0.943847347373197,-0.46044568162177574,-0.44831936044295123,3.821988882724165
0,4,-0.44187969980670777,-0.6580404851727748,-0.43293539743044035,-0.4236564894640411,4.284188261630597
0,4,-0.4505635672092948,-0.16935688412370553,-0.4421028534807011,-0.43195943564770567,3.7416393195352713
0,4,-0.4633863437041836,-0.19418100051774695,-0.45563970687901423,-0.4442197360675974,2.6741486494265287
0,4,-0.4689485734679881,-0.28216382012671615,-0.461511687016106,-0.44953797646084526,3.4703235776832186
0,3,-0.46775190989964543,-0.6704525433697954,-0.4602483834485664,-0.44839380500505577,3.7974406115488746
0,4,-0.44159181305956613,-1.0983939481095513,-0.4312609889761545,-0.41722123827792795,4.224375517248864
0,4,-0.46307160185003243,-0.6789103175394466,-0.4549523360933503,-0.4423227121189051,2.6756035291962084
0,1,-0.4687498456761179,-0.9437375061502145,-0.46121521171154883,-0.4489583587844085,3.767315101927472
0,3,-0.4679613797343194,-1.086531096027443,-0.460345565343074,-0.4480369504127703,3.830966881104711
0,4,-0.44433103397453355,-1.1217901286048202,-0.43294916991729104,-0.4204223164082786,4.295316865150692
0,4,-0.4462725507908913,-0.6644112761057588,-0.4351891731863967,-0.42269119037408087,3.8169475806467044
0,4,-0.463115644225528,-0.30369269983128305,-0.4546217034831041,-0.4423741804339421,2.6796507265805123
0,1,-0.4686972096663793,-0.9420898878054772,-0.46106137206021647,-0.4488968478713155,3.9002202932415364
0,3,-0.4656615083700271,-1.1081698169549923,-0.4575589657093852,-0.44534930010803275,3.815387845565298
0,4,-0.4399686903919129,-0.9831705052009261,-0.4289585195679278,-0.41315615435346376,4.4296581191427
0,4,-0.4416124377817494,-0.6120170127431142,-0.43079900939573096,-0.41519347035378684,3.820218340859324
0,4,-0.4617814825092968,0.47694887190522733,-0.4533821154660928,-0.4401916652033927,2.677667355650301
0,1,-0.46888734382400643,-0.7282290266585818,-0.4613384873200454,-0.44899890957807403,3.8486571298063263
0,3,-0.4669569987321647,-0.703295069041558,-0.45917709650801924,-0.446606374711664,4.028634985355239
0,4,-0.43875483955508415,-0.8686061096301958,-0.4266249966080866,-0.40827027823864215,4.288127958229824
0,4,-0.44225132077750506,-0.8848626106316033,-0.4306470158447019,-0.41297539139247014,3.886337608455404
0,4,-0.46313712831113557,0.19158137459673522,-0.45467206111988956,-0.4410808155327903,2.673075276326299
0,1,-0.46873910363331406,-0.8676175386233533,-0.4611160403880653,-0.44861923089929767,4.182215523316214
0,3,-0.39605736781856415,-1.0473177794226964,-0.3775098886595827,-0.35081353154872214,3.849612111765162
0,4,-0.4314771055555138,-0.5274392710466018,-0.4168933407606165,-0.4026313974703411,4.36711919387788
0,4,-0.4420726376375067,-0.5529224347785381,-0.4294499240806351,-0.4157638575892452,3.8928062064330535
0,4,-0.4635109514007076,-0.4489027966141261,-0.4548561019795083,-0.442335227326331,2.6886030660911597
0,1,-0.46895287028510957,-0.28040636055899654,-0.46130522670151314,-0.4490801252858375,4.134716084895147
0,3,-0.39488326254010947,-0.8927711786863421,-0.3735266051151731,-0.35727575319703875,3.8499519751296183
0,4,-0.43811461380397804,-0.5907078154845125,-0.42249144101071656,-0.40855854645102235,4.3143211993530795
0,4,-0.44197305890071553,-0.1745194216038823,-0.4273335238893908,-0.4136141070956564,3.874632616209587
0,1,-0.46878959123449193,-0.6303604969811889,-0.46098642518174915,-0.4487506976374854,4.09641293449793
0,3,-0.3926123946913874,-0.8689356332991431,-0.36538928964145007,-0.34893887520479094,3.8572670165118845
0,4,-0.47028918040990153,-0.1878239397376356,-0.4630340867875218,-0.45084062315717,3.1162892360931
0,4,-0.4688486724699128,-0.9903101846947875,-0.4618644337760275,-0.4498110666557091,3.6192971231262927
0,4,-0.46844477166049014,-0.9376962388861779,-0.4613637674621247,-0.44951070167748863,3.6656193565650237
0,1,-0.47029884824842494,-0.557206242474855,-0.4629240323111909,-0.4507886983604032,3.4402578255627496
0,1,-0.4703428906239205,-0.5737922671452099,-0.4629836511369916,-0.45087113135277956,3.07523637466659
0,1,-0.4703149613126306,-0.30270412882444064,-0.46294147160101445,-0.45078736695535787,3.228628116310879
0,4,-0.47058243817844514,0.49177743700786286,-0.46323692574175573,-0.45110001890013923,2.5649493574615367
0,0,-0.46920853090383985,0.2739622918335978,-0.4622451243686552,-0.4496891479937034,2.6188546222977394
0,2,-0.4698745375576751,0.2739622918335978,-0.46272588995705743,-0.4503731097855478,2.631457092270689
0,3,-0.4705620282971179,0.2739622918335978,-0.4632221641128274,-0.45107913486100004,2.6390573296152584
0,5,-0.46957376035916887,0.2739622918335978,-0.46250877001390805,-0.4500642238150374,2.6303288707794903
0,4,-0.46681305535859385,0.535054878862961,-0.4603139914382124,-0.4474961336833681,2.6290069937617573
0,4,-0.466909733743828,0.3999501745945065,-0.4606026179635639,-0.44771866852665454,2.6274726281915393
0,4,-0.4658355294634486,0.4476212653689042,-0.45969476087102823,-0.4467296247787149,2.629998565484052
0,4,-0.4659966601055055,0.15170901065409373,-0.46006500201699935,-0.44704041275643286,2.0712133381687847
0,4,-0.46642634181765724,0.008476055884935132,-0.4599470011265549,-0.4480096756294137,2.6305290030274735
0,4,-0.47025910269005095,-0.1878239397376356,-0.4629808812566295,-0.450859947550399,3.4070689989297
0,4,-0.4658355294634486,-0.02216964532717762,-0.4590776219198378,-0.44757031196446356,2.6302688235821794
0,4,-0.4702440638301256,-0.1878239397376356,-0.4629402572864683,-0.4508487637480184,3.149882953238392
0,3,-0.46926224111785886,-0.07910924284599934,-0.462004809856102,-0.45007183184386773,2.6330187260355276
0,4,-0.46607185440513205,-0.07910924284599934,-0.45902789718329146,-0.44758628882500723,2.6299084632179195
0,4,-0.4605289603183744,-0.1866019561319555,-0.4534378905845135,-0.44540430615647586,2.630769108435054
1,4,-0.4494689530475882,0.4896904537711956,-0.4485558507139534,-0.4279219688678955,8.517393171418904
1,4,0.4793825977451064,1.8088835417908227,0.19731285463533976,0.5917565722809607,8.517393171418904
1,4,-0.44450935188507656,0.2716556261509658,-0.44510723593891577,-0.4224773971559205,8.517393171418904
1,4,-0.4489211088645947,0.8225093594081206,-0.4476003842032303,-0.42885478928277915,8.517393171418904
1,4,-0.4438809423810546,1.4930900257161825,-0.4439620742987415,-0.42367874294836977,8.490571970255367
1,4,-0.137151577957243,-0.3787142551283193,-0.22254548256011938,-0.10868013971443875,8.453882952644273
1,4,0.47717403374464634,1.6980537478014968,0.22091347161041616,0.5222073202470011,8.517393171418904
1,4,-0.4441408998169064,0.6007399302064863,-0.44414972796389207,-0.4239457086800251,8.517393171418904
1,4,-0.44884376615640736,0.6548916531368509,-0.4463802763909505,-0.4303150743364679,8.517393171418904
1,4,-0.4437552604802502,2.497478168668012,-0.4424345561507019,-0.4254497779396322,8.490658232748078
1,4,0.5230930441180242,1.437839890555993,0.3072772782251057,0.4989873499759026,8.517393171418904
1,4,-0.46820522410596555,-0.1878239397376356,-0.46139350451217526,-0.4488272344075182,8.517393171418904
1,4,-0.44457058152905815,0.7826369954654789,-0.44306677098336994,-0.42622933461372936,8.517393171418904
1,4,-0.36032073981890256,-0.7359179122673556,-0.384150588924832,-0.3495798135935999,8.517393171418904
1,4,-0.4481186782671513,0.3953368432292421,-0.44712454423314507,-0.43041732624394713,8.517393171418904
1,4,-0.44370155026623126,2.50582610161468,-0.44395631470250524,-0.4263503783524195,8.517353178617602
1,4,-0.10965517099237175,-0.43088883604499895,-0.2043581859640347,-0.11878645501189464,8.44991194946962
1,4,0.5238965489197479,0.8864369511839258,0.25006316378972476,0.4645386899541572,8.517393171418904
1,4,-0.4681848142246383,-0.1878239397376356,-0.4615171822760321,-0.4488926634554588,8.517393171418904
1,4,-0.44425369126634623,0.3318486163453667,-0.4443523433938352,-0.42685874683886044,8.517393171418904
1,4,-0.3586041613788563,-0.7438264803220944,-0.37967946031938,-0.34799932168439246,8.517393171418904
1,4,-0.4479532508079729,0.2406804012699054,-0.44635112899609547,-0.43026501350676444,8.517393171418904
1,4,-0.44370155026623126,1.0160495943032564,-0.4431785396429998,-0.4263503783524195,8.517353178617602
1,4,-0.0733126917785762,-0.6619947692001442,-0.16679695128639246,-0.08532512693160217,8.33469997532967
1,4,0.5023426400339355,1.4730989231333702,0.2627530508435841,0.44469352715174915,8.517393171418904
1,4,-0.4681321782148997,-0.1878239397376356,-0.4614085041850552,-0.44884420031180977,8.517393171418904
1,4,-0.42932977119903537,-0.053803917546133076,-0.4324544181283289,-0.41311796204873563,8.517393171418904
1,4,-0.3574794694972991,-1.0517114283419957,-0.3850049638280747,-0.3509690776981577,8.517393171418904
1,4,-0.448112233041469,0.4042339822908232,-0.4476945584873629,-0.43120715375696517,8.517393171418904
1,4,-0.44365535948217494,1.0003422994167614,-0.44461179254319433,-0.4272614398048485,8.490553484467343
1,4,0.49533882812586183,0.9947403970446544,0.2048792160796138,0.4040393403744218,8.517393171418904
1,4,-0.09909681712052272,-1.4166039710898062,-0.20628478460063882,-0.12222037686459679,8.517393171418904
1,4,-0.44375418627596985,0.025830969116167477,-0.44468014985022336,-0.42734893213639696,8.517393171418904
1,4,-0.35890386437308214,-0.8563038926561576,-0.3824733885359967,-0.3561849520634938,8.517393171418904
1,4,-0.44769329337212105,0.667962758671766,-0.44668396584781195,-0.43164685978321266,8.517393171418904
1,4,-0.443610242902399,1.5443858768490022,-0.4437311928565928,-0.42817668567313416,8.49051651186609
1,4,-0.06672889374413092,-0.8106099438954444,-0.1711788262030111,-0.10786619475002866,8.334758028089306
1,4,0.49458688512959625,0.8572191858705853,0.2347524949242303,0.369194644411915,8.517393171418904
1,4,-0.4681644043433111,-0.1878239397376356,-0.4614882265406989,-0.44904520443350643,8.517393171418904
1,4,-0.09170092065011061,-1.3839811278640082,-0.18923805107195915,-0.1290898562961996,8.517393171418904
1,4,-0.44432673715741206,-0.0866464432178955,-0.44424934586504927,-0.4287856323007117,8.517393171418904
1,4,-0.058941986915660716,-0.5358970452162531,-0.137396565862546,-0.14497975707030888,8.334806476899564
1,4,0.495412948221208,1.4000545098500188,0.30141150975584957,0.26727197438025263,8.517393171418904
1,4,-0.08703242884758178,-0.6278341488525918,-0.1596319821746119,-0.16586950223111774,8.517393171418904
1,4,-0.3583957657484627,-0.5822500413148611,-0.3649418850534509,-0.367671630071776,8.517393171418904
1,4,-0.45011240141153547,0.6359989627838635,-0.44530145382496183,-0.4358776465756009,8.517393171418904
1,4,-0.04532215084473042,-0.3178622175960233,-0.0906354791815292,-0.13485122632866847,8.334870212461272
1,4,0.49387253928314395,1.5655852328846216,0.38179193268442174,0.2661264334792736,8.517393171418904
1,4,-0.07257471343795556,-0.26524827178741384,-0.11451341759561706,-0.15511787392827542,8.517393171418904
1,4,-0.4438530130697647,0.04889762594248902,-0.43981715161215573,-0.43122278825621146,8.517393171418904
1,4,-0.35774587215883313,-0.8352143778435207,-0.3579501851751332,-0.3631924791782224,8.517393171418904
1,4,-0.4506086837890707,0.18597947222462866,-0.4445993928314035,-0.4355393555736614,8.517393171418904
1,4,-0.036958396317696485,-0.5044824554432629,-0.05862712872528272,-0.11327573148924014,8.334643430825777
1,4,0.46713559474450095,2.003632030138766,0.4117371012733146,0.279450108088777,8.517393171418904
1,4,-0.06818229213548423,-0.7443756864370069,-0.08776178214635438,-0.13760141463039113,8.517393171418904
1,4,-0.44365535948217494,0.0283573172447648,-0.4381113269286754,-0.4301222108056196,8.517393171418904
1,4,-0.4682589343199845,-0.1878239397376356,-0.46097199656320215,-0.44978409619350557,8.517393171418904
1,4,-0.4503755814602284,0.602497389774206,-0.4435417858443016,-0.43965141907615274,8.517393171418904
1,4,-0.035178439825107835,-0.3100634907642671,-0.03886522852651204,-0.20440142936623162,8.517393171418904
1,4,0.40898784284328416,2.0694269227052735,0.39404642746182705,0.047262426063341835,8.517393171418904
1,4,-0.05877011423080001,-0.5913668628224072,-0.06185911895229857,-0.2177684316999236,8.517393171418904
1,4,-0.43981400497553824,0.44147015688188523,-0.4332478267027693,-0.4336672479193884,8.517393171418904
1,4,-0.46834487066241487,-0.1878239397376356,-0.46089808160094814,-0.450387717200902,8.517393171418904
1,4,-0.3560561488257964,-0.726032202198932,-0.34354580967395454,-0.41460000606487896,8.517393171418904
1,4,-0.4500286134776659,0.5539475692159485,-0.4417558707121565,-0.4445501147195534,8.517393171418904
1,4,-0.02094201049723977,-0.4849307177523809,0.006679972973507989,-0.3077952639328101,8.517393171418904
1,4,0.3756413193674667,1.0096788033702726,0.4211468405451562,-0.18139958128169772,8.517393171418904
1,4,-0.052257213678859764,-0.4434107354650019,-0.02604735866862764,-0.3177757804735568,8.517393171418904
1,4,-0.4396926198918554,-0.04995947474174615,-0.4309537856044236,-0.4412559143163198,8.517393171418904
1,4,-0.46828686363127436,-0.1878239397376356,-0.4606230101599595,-0.4497185910652767,8.517393171418904
1,4,-0.3582851227075836,-0.9826212990860136,-0.33538948066524477,-0.3834963680789537,8.517393171418904
1,4,-0.44870411959995804,0.13347536763900134,-0.4383286707100542,-0.4379295699912782,8.517393171418904
1,4,-0.008826060418840622,-0.3125898388928641,0.062458693525854155,-0.17311827994005535,8.517393171418904
1,4,0.3658112759977149,1.335577711959301,0.48897154287270894,0.05241739815789132,8.517393171418904
1,4,-0.04040122103631243,-0.743716639099112,0.026511364190115468,-0.1921268638922831,8.517393171418904
1,4,-0.468294383061237,-0.1878239397376356,-0.4604594697270724,-0.44915567301212245,8.517393171418904
1,4,-0.44971602003207545,1.068663540111866,-0.4379118300864061,-0.43336596997770827,8.517393171418904
1,4,-0.35892534845868973,-0.33895173240866017,-0.3277236858372319,-0.3562032113326865,8.517393171418904
1,4,0.002862356355967528,-0.31621459925128603,0.11136014419559995,-0.04872076998093425,8.517393171418904
1,4,0.3570620217805812,1.6764150268739477,0.5412347462129949,0.25231261617719514,8.517393171418904
1,4,-0.4683330544153307,-0.1878239397376356,-0.4604832192614553,-0.44847129277869235,8.517393171418904
1,4,-0.4483367417360683,0.15137948698514633,-0.43600868446916713,-0.42510342242713256,8.517393171418904
1,4,-0.35890171596452136,-0.816870893605446,-0.3265444704911101,-0.32058884913356195,8.517393171418904
1,4,0.006097859648470253,-0.4685793534771565,0.12019763420576964,0.10595292874852814,8.517393171418904
1,4,0.4111952681872069,1.5701985642498857,0.6160175776289859,0.5793533938404386,8.517393171418904
1,4,-0.020062237191609048,-0.7459134635587616,0.08817892102840766,0.07538200494130086,8.517393171418904
1,4,-0.3633510700938528,-0.6995604674601535,-0.3450899374505544,-0.3333831190569086,8.517393171418904
1,4,-0.4488491371778093,0.6172161136538589,-0.4392909346195759,-0.42724154480945725,8.517393171418904
1,4,0.003192137070044001,-0.713290620332964,0.05876405361645028,0.06900221628536066,8.517393171418904
1,4,0.38680552445344973,0.6392941994733379,0.48142581488665276,0.49012692547969733,8.517393171418904
1,4,-0.3641663911426608,-0.5967490827485491,-0.35089437714888216,-0.3493521052907089,8.517393171418904
1,4,-0.4478737596912248,0.21102327106463484,-0.4392632555156031,-0.4293876175819096,8.517393171418904
1,4,-0.4429227521629562,2.237483993868473,-0.43403653545923837,-0.4246537879232616,8.511950472350176
1,4,-0.007844237706573859,-0.40639424331990515,0.02527070344487144,-0.008660161612947246,8.517393171418904
1,4,0.39806855633322763,1.8121787784802972,0.4537880362228011,0.3794471099432011,8.517393171418904
1,4,-0.010246158477502177,-0.9497787734142511,0.02273502411182058,-0.010956721195662997,8.517393171418904
1,4,-0.36413309080996903,-1.0083241452639147,-0.3458271193058825,-0.3267022807001532,8.517393171418904
1,4,-0.4487341973198087,0.3222924299458906,-0.4391387528780466,-0.42556789258722266,8.517393171418904
1,4,-0.44288408080886255,2.071184382272993,-0.4326863085691724,-0.4187313939605992,8.508415782421208
1,4,0.002618511984321406,-0.40320884785341304,0.058685216096780755,0.10188693186060432,8.517393171418904
1,4,0.38218000082213605,1.5826106224469065,0.47732634329030604,0.54544589214859,8.517393171418904
1,4,-0.010994878860926613,-0.7626093294520991,0.04367019099094845,0.08597820121514005,8.517393171418904
1,4,-0.3589221258458486,-0.7303160098952489,-0.334409599305738,-0.320612700303945,8.517393171418904
1,4,-0.4684984818745091,0.41192286789959703,-0.4608320920974055,-0.44866461279127046,8.517393171418904
1,4,-0.4484527557983493,0.6038154844499961,-0.4377045602811056,-0.42523899750088856,8.517393171418904
1,4,-0.4428497062718904,1.0781098852883595,-0.43124010468098656,-0.41869122356837524,8.517393171418904
1,4,0.0032479956926237293,-0.6378297001439978,0.08344011973017426,0.1026225521682065,8.517393171418904
1,4,0.37827741667151776,1.0954647985195922,0.5161261111512278,0.540885297306408,8.517393171418904
1,4,-0.0034389259527379777,-0.4434107354650019,0.07572515881937274,0.09480815555587987,8.517393171418904
1,4,-0.36042601183837975,-0.7860055099473681,-0.3398952658957461,-0.31456827355884454,8.517393171418904
1,4,-0.4685102981215933,-0.23537145913617827,-0.4609163124869785,-0.44853158640717256,8.517393171418904
1,4,-0.4490553843996421,0.7592408149702102,-0.4391328127671092,-0.42441850963168437,8.517393171418904
1,4,-0.44274765686525436,1.8248105191232828,-0.43207010444867994,-0.4166004992056634,8.517393171418904
1,4,-0.0010498956331742128,-0.5034938844364204,0.06249508332748836,0.13085461575242155,8.517393171418904
1,4,0.3689028359166468,1.4484944891852942,0.47672797786803456,0.589386519139744,8.517393171418904
1,4,-0.0026375695595749525,-0.7614010759992919,0.060717378474859196,0.1288867990954633,8.517393171418904
1,4,-0.358900641760241,-0.8099508965575495,-0.3347683272240702,-0.30081280527307724,8.517393171418904
1,4,-0.4685317822072009,-0.025464882016652125,-0.46087755755033605,-0.44834024448209037,8.517393171418904
1,4,-0.44918858573040915,0.5414955683566022,-0.43862698522396215,-0.4223106672041043,8.517393171418904
1,4,-0.4424726605694772,1.2817555126978841,-0.4309016240763812,-0.41327324191716214,8.517393171418904
1,4,0.009163638664673034,-0.5424875185952021,0.0886177921370912,0.19448059890040312,8.517393171418904
1,4,0.3462876132018195,1.1634565155457497,0.47641312805053265,0.6481385327380236,8.517393171418904
1,4,-0.002204665234582058,-0.697143960554539,0.07554077725787675,0.17918260276929152,8.517393171418904
1,4,-0.3582969389546678,-0.42298026799026006,-0.3301687806171939,-0.31192942875905344,8.517393171418904
1,4,-0.4685672309484534,0.09700808160881699,-0.4608482121387023,-0.44860215087457367,8.517393171418904
1,4,-0.4482916251562924,0.8428299856598801,-0.4368199395118091,-0.4234718806444738,8.517393171418904
1,4,-0.4422449292620368,3.0760118901167526,-0.42965410392946296,-0.4159774016444614,8.517393171418904
1,4,0.18493246245031159,-0.2048355991470479,0.31360306470786115,0.3613674282710093,8.517393171418904
1,4,0.34682880806031746,1.5203306490158381,0.5054636469442413,0.5620272238968479,8.517393171418904
1,4,0.0017924488927096548,-0.680338253438219,0.09656697613109823,0.13437751350229413,8.517393171418904
1,4,-0.35883726370769864,-0.7759001174329796,-0.32300382626052804,-0.30468472134554,8.517393171418904
1,4,-0.46858871503406097,-0.3169834878121635,-0.46073433938401903,-0.44848749788010095,8.517393171418904
1,4,-0.44824006335083416,0.5262675810243623,-0.4351981828791909,-0.4218255032055958,8.517393171418904
1,4,-0.4420719823728957,3.1677293113071263,-0.4274576660312405,-0.41374372242002816,8.517393171418904
1,4,0.18502914083554572,-0.20132068001160838,0.3595110564918357,0.40792088060335496,8.517393171418904
1,4,0.34664532322718583,1.6625750327781543,0.5623282359437851,0.6196798640150978,8.517393171418904
1,4,0.0009223434256023483,-0.7639274241278889,0.12846970500268137,0.166693376761896,8.517393171418904
1,1,-0.4705673993185198,1.1408292236113575,-0.46322646860360317,-0.4510835094775775,1.27954399117301
1,4,-0.12559421410464114,-0.44132375222833486,-0.195726669742096,-0.12124498952840758,8.451372980144665
1,4,-0.06730037042129275,-0.8180791470582534,-0.1842915640782507,-0.09407067019246976,8.33473269169016
1,4,-0.35900698798399855,-0.9048537132144153,-0.374917578725397,-0.3681261717542425,8.517393171418904
1,4,-0.44448679359518856,0.008036690993005349,-0.4425804182295134,-0.4316941056422488,8.517393171418904
1,1,-0.47050079865313627,-0.5356773627702881,-0.46315122905586603,-0.45107483632471096,0.0
1,4,-0.4395970157109016,-0.31676380536619847,-0.42796051877059743,-0.4324469961752958,8.517393171418904
1,4,-0.4395035599385086,-0.559732590603452,-0.42551747275400864,-0.4246864263669436,8.517393171418904
1,4,-0.4705050954702578,-0.3326907826986586,-0.4631416941123823,-0.45100955943734694,0.0
1,4,-0.4392887190824327,0.08887983110811312,-0.42493433547344095,-0.4145298219989194,8.517393171418904
1,4,-0.47047609195468754,-0.2622825587668867,-0.46311931782396715,-0.4509832736977382,0.0
1,4,-0.4392167473956473,-0.04347884258577952,-0.4286780546616076,-0.4166672596586493,8.517393171418904
1,4,-0.470556657275716,-0.20571432893090774,-0.4632093220615341,-0.45107552104730564,0.0
1,4,-0.4701237529507231,-0.28216382012671615,-0.4627523100887168,-0.450661606238793,8.517393171418904
1,4,-0.43910932696760935,0.36721749014572647,-0.43001074760935887,-0.42100764010633807,8.517393171418904
1,4,-0.47052013433018314,-0.36344632513375397,-0.46316776922550856,-0.4510271339839449,0.0
1,4,-0.47011193670363893,-0.9437375061502145,-0.46271754358515377,-0.45055011057628486,8.517393171418904
1,4,-0.4387011293410652,-0.13409785154632842,-0.42807268055985254,-0.41384315935684024,8.517393171418904
1,4,-0.4705212085344635,-0.5157961014104586,-0.4631657903134761,-0.4510283893087019,0.0
1,4,-0.4388805214558885,0.1223814041177706,-0.4266607021805189,-0.4140527985912593,8.517393171418904
1,4,-0.43876021057648606,0.20893628782796755,-0.42760539510296985,-0.4116583236774975,8.517393171418904
1,4,-0.43808883290124895,0.24650198608797697,-0.42585888593766114,-0.40737405244243224,8.517393171418904
1,4,-0.43748190748283455,0.4470720592539918,-0.42400952852137586,-0.41007395167358657,8.517393171418904
1,4,-0.47052443114730463,-0.20351750447125805,-0.4631635297985099,-0.45102378645125957,0.0
1,4,-0.4369609184068506,0.14039536468689798,-0.4210436327392608,-0.4070469072027291,8.517393171418904
1,4,-0.46813540082774086,-0.1878239397376356,-0.4615443433028127,-0.4489338609315749,8.517393171418904
1,4,-0.4689034568882121,-0.557206242474855,-0.4613866027287886,-0.4492568597955655,8.517393171418904
1,4,-0.46893353460806275,-0.5737922671452099,-0.4614958106696558,-0.449523597286356,8.517393171418904
1,4,-0.4689442766508665,-0.30270412882444064,-0.4614296612928757,-0.4491855725654255,8.517393171418904
1,4,-0.4682879378355547,-0.1878239397376356,-0.4614205757525132,-0.44939407059552,8.517393171418904
1,4,-0.46822670819157314,-0.1878239397376356,-0.46117270630729384,-0.44934853654297063,8.517393171418904
1,4,-0.44355653268838,1.0022096002074636,-0.4418440560678978,-0.43100230758070923,8.499105592617582
1,4,-0.4433932536377624,1.9631006188582296,-0.43941432316748763,-0.43088088344057757,8.507694218685664
1,4,-0.4432256777700232,1.453437344219506,-0.43771039592897026,-0.4297874575370862,8.512189694777916
1,4,-0.44314296404043396,2.2727430264458506,-0.4364924340440639,-0.43555343042699746,8.516146643976457
2,1,-0.3690497238012655,0.4896904537711956,-0.39263705138139704,-0.33963901096334737,2.390556154231069
2,1,-0.4660256636210757,2.4303651814257146,-0.4600684128815198,-0.44609766386392563,2.244602810491022
2,1,0.21859802459740169,0.2716556261509658,0.01597860968496699,0.30547139261533807,2.670409415472551
2,1,-0.3860414871083067,0.8225093594081206,-0.4022099092311177,-0.3642799708192262,2.3066637205729092
2,1,-0.4660278120296365,5.433973423881726,-0.45994908096985065,-0.44642267885555625,2.14632107048041
2,1,0.18690040469196664,0.6007399302064863,0.011375667047169647,0.22410808909252858,2.6565504868150467
2,1,-0.3915811585822232,0.6548916531368509,-0.4019778046056571,-0.3755643133007664,2.3156729846701842
2,1,-0.4660342572553188,5.046892954091454,-0.45971009716458344,-0.44675149786160206,2.048982334195127
2,1,0.18889520204063115,0.7826369954654789,0.048134167525456545,0.17944922613964953,2.7040815524235313
2,1,-0.3959123502407129,0.3953368432292421,-0.40967902983890997,-0.38234980009408265,2.3790629256444964
2,1,-0.46605037031952445,5.111150069536207,-0.459986230895346,-0.44692743352830283,2.095970843590063
2,1,0.1878972662641587,0.3318486163453667,0.009064295438729086,0.15517668507987822,2.6758105539048502
2,1,-0.3973464129550194,0.2406804012699054,-0.4085886588056733,-0.38367017349758203,2.3679656508316893
2,1,-0.4662211688001048,2.894773872195655,-0.4599825222600533,-0.44708469148422525,1.9791606952681524
2,1,0.22959787642848664,-0.053803917546133076,0.05923280650088394,0.19357136337489347,2.798929903242979
2,1,-0.39762892868075916,0.4042339822908232,-0.41277586282283074,-0.38651378839334083,2.394569590752262
2,1,0.212681307421072,0.025830969116167477,0.009368401806065532,0.15379986010245797,2.731268748279594
2,1,-0.40180543492287424,0.667962758671766,-0.4134988680738315,-0.3926468867144584,2.421488274386216
2,1,-0.4662405044771516,1.884564144425754,-0.4600969041446785,-0.44741008687729733,2.082769331814039
2,1,0.19587538145453645,-0.0866464432178955,0.018730854545580745,0.11532050444656151,2.7393968579005965
2,1,-0.46626628537988074,3.47352727609036,-0.45982030602022606,-0.44789064801836354,1.7578579175523736
2,1,-0.4096149000412324,0.6359989627838635,-0.4098186679277955,-0.4057612644508401,2.4236877158301686
2,1,-0.46626843378844146,1.9428898338294525,-0.4594569206656351,-0.4478922457044179,2.0930978681273213
2,1,0.12983007968397037,0.04889762594248902,0.06282804041769274,-0.004597474217564588,2.7700118756455296
2,2,-0.46632214400246047,0.9326801060595513,-0.4592614394906197,-0.4477812826039279,2.0864999060886555
2,1,-0.4086416709632087,0.18597947222462866,-0.40544046209020457,-0.40284400383600394,2.337272755360403
2,1,0.16843268470368414,0.0283573172447648,0.13302089611626192,0.04673884151924027,2.7635776561330925
2,1,-0.406300979836262,0.602497389774206,-0.40058398035436354,-0.41467882524356087,2.4313691232047203
2,1,0.1844845192653934,0.44147015688188523,0.1752317416619341,-0.07994077276781898,2.7129401862793285
2,1,-0.40601201888483995,0.5539475692159485,-0.3957543908353677,-0.4305215181987781,2.4326707411037107
2,1,-0.4663393312709465,1.657192812852013,-0.45880210437208335,-0.44974852865872395,1.9892432737616872
2,1,0.15700744797756894,-0.04995947474174615,0.19265388823974197,-0.25108071849543045,2.710361253894641
2,1,-0.4004701990023627,0.13347536763900134,-0.38341586599367206,-0.40889223459551954,2.4519943913589652
2,1,-0.46636403796939524,1.5271408048407524,-0.45843393349428035,-0.4485610294787459,2.054550992791993
2,1,-0.403696034456342,1.068663540111866,-0.3820596514309692,-0.3942537024034187,2.4168723134023185
2,1,-0.46641452557057306,1.6631242388930667,-0.4581779797374126,-0.44755798695775845,2.0438143640366846
2,1,-0.4001586797610526,0.15137948698514633,-0.3770410301348066,-0.3688021070756709,2.3150624812157092
2,1,-0.46640593193633006,2.721339573389898,-0.45812451308808083,-0.44621924016463393,2.063058062429312
2,1,-0.47058028976988436,-0.7459134635587616,-0.46323372835549054,-0.45109743217033693,0.0
2,1,-0.4006614073642702,0.6172161136538589,-0.38619812966423944,-0.3743418171881689,2.237275904622087
2,1,-0.463730089073905,1.4715611460116158,-0.4556866328528463,-0.4435776184343197,2.285777974643766
2,1,-0.3955804211180757,0.21102327106463484,-0.38405779683391755,-0.37938814663102166,2.397086865306887
2,1,-0.46360118456025945,0.9257601090116552,-0.4558665118283032,-0.44442515284601564,2.3708043319711893
2,1,-0.39495630843117524,0.3222924299458906,-0.3798238943699362,-0.36272256927751867,2.439379674496722
2,1,-0.4635045061750253,2.063715179110184,-0.45542981223298973,-0.44282860799597623,2.377692565480851
2,1,-0.3931033060475208,0.6038154844499961,-0.3738457529092246,-0.3605571340716932,2.543728631353754
2,1,-0.4634303860796791,2.488141664714501,-0.45498483337015067,-0.4427419905877432,2.3896797998449792
2,1,-0.3898678027550181,0.7592408149702102,-0.3728609861940277,-0.35105942304051757,2.4270617262365284
2,1,-0.46342394085399685,2.4511251725694034,-0.4552211619611334,-0.4422273835176614,2.3909622036114584
2,1,-0.3954687038729162,0.5414955683566022,-0.3768327456799163,-0.3500213835869108,2.51071276415632
2,1,-0.4634153472197538,3.1488366209541394,-0.45499209767414794,-0.44145520663152965,2.3918772004728073
2,1,-0.39991268698084576,0.8428299856598801,-0.3794868897477089,-0.36350939161914875,2.494765300696116
2,1,-0.46340997619835195,4.441448133012005,-0.4547364379992737,-0.44221007525207245,2.392242964924581
2,1,-0.4015691099811908,0.5262675810243623,-0.37662935050494883,-0.36067448791640067,2.53912005931962
2,1,-0.46340782778979117,2.459143581847125,-0.45423268268641115,-0.44169919611611747,2.3929740927217265
2,0,-0.3717459765450178,-0.11970865133562318,-0.39451186686446926,-0.34259891457977737,0.795252403497099
2,1,-0.3121093775111951,-0.3315923704688337,-0.3530440855203582,-0.2771307994111141,2.266194056742171
2,1,-0.31339734844337,-0.2999580982498785,-0.3497707903903346,-0.28967738995589015,1.801903918367762
2,1,-0.46923001498944744,0.9526712086423637,-0.46226063293602304,-0.44971121127731134,2.185770338402211
2,1,-0.47051261490022045,-0.947032742839689,-0.46318649440788145,-0.4510283893087019,0.6043159668533294
2,1,-0.31039494747970964,-0.22284955971617507,-0.33902453369210156,-0.2979393669043036,2.1751935430711726
2,1,-0.47030421926982685,0.1939978815023499,-0.4630211036993076,-0.45083415633266427,0.8712933659434193
2,1,-0.4556628149282558,-0.1332191217624686,-0.45166789135508356,-0.4368350028834623,1.86175184104809
2,1,-0.4705426926200711,-0.7932550306642121,-0.46320602029068086,-0.4510621689567085,0.5306282510621704
2,1,-0.32524797006451545,-0.43780883309289537,-0.3589942917031906,-0.317287535223372,2.2135016407019963
2,1,-0.4702075408845927,0.028796682136694583,-0.4629680033378499,-0.4507550328328291,0.8515744170122163
2,1,-0.4557057830994709,-0.5926849574981972,-0.4525664715616735,-0.4374029422356445,1.9289819580346255
2,1,-0.47055128625431414,-0.8031407407326355,-0.463214558165137,-0.4510715268321697,0.6286086594223741
2,1,-0.3173643848508111,-0.39387234389990194,-0.3489066260963642,-0.3100289431572434,1.9943979243805952
2,1,-0.47026125109861167,-0.08082485839982392,-0.46299720355287616,-0.4508044850202261,0.6864581925769339
2,1,-0.46562928224161576,0.07350205989056542,-0.459540860629544,-0.44653972837911055,2.20741934717863
2,1,-0.31182041655977305,-0.5489681507511687,-0.3534231449664495,-0.31054666951914556,2.0272369009581293
2,1,-0.4662072041444599,3.0203223900646337,-0.4602106328015395,-0.4472268094627753,2.0885664494155485
2,1,-0.4689722059621564,-0.07577216214262977,-0.46212315136993903,-0.44967469273892585,1.5815527089445647
2,1,-0.4645572263697971,-0.5522633874406432,-0.4590693629798372,-0.44576606792735685,2.294426905292582
2,1,-0.30452442108743627,-0.27645207653162696,-0.3431473619286599,-0.30996800284631254,2.198926831346084
2,1,-0.46843510382196674,0.11447283606303173,-0.46168399049591785,-0.44927527122533484,2.048660117340398
2,1,-0.4678013232965429,0.046810642705821984,-0.461225654251556,-0.4487366227841493,2.0889792462015957
2,1,-0.40830007400204804,1.0229695913511532,-0.4139362702637557,-0.4047834805855694,2.1032854378708503
2,1,-0.32615674688571644,-0.5028348370985256,-0.3489144710298219,-0.34369675313999026,2.185007393429764
2,1,-0.46843510382196674,0.116340136853734,-0.46153706722611754,-0.449503512090244,2.234306252240751
2,1,-0.46953294059651446,1.2090406230834803,-0.4624060766131512,-0.45031992966402395,2.1838015570040787
2,1,0.14080737322516737,0.008036690993005349,0.020718076533055067,0.003565902677208119,2.73692344542527
2,1,-0.3298101156432867,-0.7664537722564861,-0.33989593238741656,-0.34641361827543626,2.5599016739304643
2,1,-0.4683276833939288,-0.04062297078823505,-0.461261177975048,-0.44942362778752576,2.0744289998562917
2,1,-0.4698476824506656,0.17609376215620512,-0.4625929589311353,-0.4505539906709883,2.1784381002511632
2,1,-0.3278067246603792,-0.607183998931885,-0.3300143154431798,-0.3398677083099863,2.4787568258258252
2,2,-0.470213986110275,-0.31676380536619847,-0.4628928720204488,-0.4508133103336692,0.0
2,1,-0.46563357905873726,-0.5857649604503007,-0.4586189475635922,-0.4472448404911032,1.0908840902555323
2,1,-0.46789800168177703,-0.2670057313551335,-0.4607318539320382,-0.44900899021627416,1.8257582384001845
2,1,-0.4700829331880687,0.17433630258848526,-0.4627705880655388,-0.4507112105867665,2.24865675096849
2,1,-0.3291892255692274,-0.005913144325770108,-0.3254261429891379,-0.37098743727688765,2.397765394273611
2,1,-0.46630603093825473,3.401141910144904,-0.45906857734846396,-0.4486775844804261,2.007766505017708
2,1,-0.467951711895796,0.179498840068662,-0.4606725587769452,-0.4496100244938682,0.7724203614544531
2,1,-0.47009152682231176,1.3468913579264972,-0.4627581534280774,-0.4508224399682656,2.2132072818428288
2,1,-0.32884333179094527,-0.4480240668302663,-0.31510585726965223,-0.40592696731876415,2.246543702110421
2,1,-0.46789800168177703,-0.07104898955438278,-0.4604310615006762,-0.4502452949011987,1.0702128141464118
2,1,-0.47010012045655475,0.24408547918236229,-0.4627324826678818,-0.4509471355607943,2.204145020180793
2,1,-0.33618874066017956,-0.7867743985082456,-0.3102334432278036,-0.37019411007060765,2.3380901202786455
2,1,-0.470338593806799,-0.7125217317720867,-0.46295884056858916,-0.45095375454587666,0.0
2,1,-0.46924075703225127,-0.4170488419492059,-0.4617089878577936,-0.45029284508138806,0.9376607576103475
2,1,-0.47008078477950793,0.4378453965234633,-0.46266533308268804,-0.45079855075773845,2.205523380150914
2,1,0.18937000033255885,-0.31676380536619847,0.28809868805162325,-0.053802134396550516,2.772393390663811
2,1,-0.33342266463820264,-1.072471419485685,-0.29677234078322445,-0.3345285458374551,2.355177543113216
2,1,-0.4700012936627599,-0.3542196624032255,-0.46253106263768345,-0.45060637194948494,0.0
2,1,-0.4673608995415873,0.1825743943121715,-0.45932654698363556,-0.4483623077656983,1.0296194171811581
2,1,-0.47004855865109657,0.8158090448061892,-0.46258842581456633,-0.4506465423417089,2.2560174571777107
2,1,0.14006187545458407,-0.559732590603452,0.2778724096009294,0.06788474901076548,2.8109606588177702
2,1,-0.3319359659141575,-0.5585243371506449,-0.29353967613758825,-0.2890764317585845,2.5858825671280026
2,1,-0.47031603551691104,-0.3326907826986586,-0.46291029372971015,-0.4507886222801149,0.0
2,1,-0.46988313119191816,-1.2456460930733106,-0.4623804394443869,-0.45028272640304373,0.0
2,1,-0.46731793137037214,-0.06725447507790275,-0.45924075697949385,-0.44728501088332717,1.0303334479148152
2,1,-0.46989709584756306,0.7579327059600014,-0.462397531518107,-0.4502990456248848,2.258633205464863
2,1,0.17289385508009977,0.08887983110811312,0.32434799195456254,0.30087222506698647,2.777246973222237
2,1,-0.3384058982948826,-0.7485496529103413,-0.3176055727372789,-0.30599870400482193,2.6699251838282323
2,1,-0.4703804877737338,-0.2622825587668867,-0.4630139820019242,-0.45087832094002417,0.0
2,1,-0.4673501574987835,-0.3393910973005902,-0.45967519150773123,-0.4475516722938293,1.0654001544619962
2,1,-0.4698960216432827,0.3038391044848334,-0.46248020160033576,-0.45034648168464175,2.2133439592161026
2,1,0.14891976395059253,-0.04347884258577952,0.21932543512397157,0.22897970015329333,2.8074806687292355
2,1,-0.3579177448436939,-0.5884011498018802,-0.344297755198812,-0.34337755829041483,2.717086176766321
2,1,-0.4703461132367617,-0.20571432893090774,-0.4629870532112309,-0.4508742126044558,0.0
2,1,-0.46945130107120564,-0.16935688412370553,-0.4620424105974423,-0.4500186517223439,0.0
2,1,-0.46732867341317597,-0.27974731322110147,-0.4598015776984671,-0.4479891339515718,1.0654001544619962
2,1,-0.46989279903044157,0.48101299715557927,-0.46250849476823114,-0.4504407832019933,2.234573882377502
2,1,0.1378500888412829,0.36721749014572647,0.17907847980519676,0.13064322667137152,2.888580030377311
2,1,-0.3687478723984789,-0.5981770186473213,-0.3509170386505251,-0.33209515585622634,2.7502966353463254
2,1,-0.47043419798775277,-0.36344632513375397,-0.46307298488017073,-0.4509267080033849,0.0
2,1,-0.46731793137037214,-0.29907936846601874,-0.45963586755735686,-0.44728501088332717,1.0654001544619962
2,1,-0.4698852796004789,0.45047713716644894,-0.46246754987432515,-0.4502852370525578,2.246675898554529
2,1,0.13872126851267058,-0.13409785154632842,0.208801107829919,0.26093783389729425,2.889194594755868
2,1,-0.3697060626165773,-0.8035801056245655,-0.34685144550389646,-0.3332149055394706,2.821527684861984
2,1,-0.4704395690091547,-0.5157961014104586,-0.46307159962605104,-0.4509329846271699,0.0
2,1,-0.46413828670044915,-0.6644112761057588,-0.45580156577821784,-0.4435692496026064,0.6931471805599453
2,1,-0.4679731959814036,-0.3265396742116396,-0.4602260493848944,-0.44805075898509733,1.9702542688733828
2,1,-0.4698852796004789,0.8005411148116239,-0.462432094432481,-0.4502852370525578,2.2294766211734074
2,1,0.11453663334420898,0.1223814041177706,0.2118381382554671,0.2326754523181903,2.7958096640390924
2,1,-0.37242272524165676,-0.4393466102146502,-0.35332788280654615,-0.3294374051047919,2.848319261248225
2,1,-0.4703246291511541,-0.3368647491719929,-0.46294780335036867,-0.45078032952868985,0.0
2,1,-0.46413828670044915,-0.6120170127431142,-0.4560210088670863,-0.4431127678727881,0.6931471805599453
2,1,-0.4672857052419608,0.38907589351924055,-0.45954514636248783,-0.44701378465552677,1.0664333903038747
2,1,-0.46994973185730166,0.9553073979939433,-0.4625280340719062,-0.450315669167879,2.3136486653500254
2,1,0.09065599798709474,0.20893628782796755,0.1651773843923088,0.24451799587501005,2.876830191123258
2,1,-0.380917532690897,-0.5421579949262547,-0.3600944631934909,-0.33044029546520265,2.9298213823472556
2,1,-0.47047609195468754,-0.5284278420534443,-0.4631141064430298,-0.45095664559683213,0.0
2,1,-0.4641705128288605,-0.8848626106316033,-0.45586076832142075,-0.4424714110423934,0.8578138021151792
2,1,-0.46727496319915696,0.12798330648987716,-0.4594318325755008,-0.44664897967311373,1.0655724345899094
2,1,-0.4699916258242364,1.8906054116897906,-0.46255682271341386,-0.4503047136063633,2.299329800273373
2,1,0.0827197767636518,0.24650198608797697,0.17322977303610013,0.2934629559898736,2.7648855173443434
2,1,-0.3947081672424076,-0.09246802803596707,-0.373319102681362,-0.3570587341746542,2.600836116795061
2,1,-0.4704427916219958,-0.0989486601919337,-0.46307090692050656,-0.4509267840836732,0.0
2,1,-0.47014416283205035,-0.5529224347785381,-0.4627170070640681,-0.45055665348107893,0.3130396526826445
2,1,-0.46727496319915696,-0.2558019266109201,-0.45931676779591274,-0.44700047060507375,1.0655724345899094
2,1,-0.4698788343747966,0.6189735732215785,-0.4624025708606857,-0.45022779643488897,2.3040839691177815
2,1,0.08613252376241713,0.4470720592539918,0.19651695213257608,0.23891144922923782,3.2745207484482495
2,1,-0.41860276725516676,-0.45131930351974076,-0.3980054173210318,-0.3829929828513966,2.6616571615324998
2,1,-0.4705459152329122,-0.20351750447125805,-0.4631904908463954,-0.4510519361579317,0.0
2,1,-0.4705781413613236,-0.1745194216038823,-0.46323093241822383,-0.4510941607179399,1.7047480922384253
2,1,-0.46727496319915696,-0.013821712380508971,-0.45908567130581573,-0.44676614331710035,1.0655724345899094
2,0,-0.4704256043535097,-0.01283314137366652,-0.4630395089782362,-0.45089429780056783,1.0784095813505903
2,1,-0.46991428311604916,0.7109106768579175,-0.4623978360385594,-0.4502243347817712,2.3112970335960674
2,1,0.07213241937623253,0.14039536468689798,0.21783344627183424,0.2599969870119946,2.916899481845179
2,0,-0.46787651759616944,-0.346201253125504,-0.46109490980805734,-0.44908811371610935,2.2162098772473
2,0,-0.4705727703399217,0.2739622918335978,-0.4632299183965113,-0.45109016650280404,1.0986122886681098
2,3,-0.4705727703399217,0.2739622918335978,-0.4632299183965113,-0.45109016650280404,1.0986122886681098
2,1,-0.4705620282971179,0.535054878862961,-0.46322101352781925,-0.45108065646676615,1.0986122886681098
2,0,-0.46487626504106977,-0.2729371573961877,-0.45911782175893595,-0.4452400868541737,2.0080919993081503
2,0,-0.467657379922972,-0.1122394481728141,-0.4606738766912329,-0.44892514973856423,2.2301679981473814
2,0,-0.46536502798864243,0.1222715628947882,-0.45836836568877654,-0.44703561969826977,2.274626438375165
2,0,-0.4643337918794782,0.030993506596344252,-0.4571463123989264,-0.44756011720583094,2.213510983998408
2,0,-0.46797427018568394,-0.07313597279105007,-0.4605107692581745,-0.4502696025533115,2.1326437272435315
2,0,-0.46743072281981196,-0.30237460515549325,-0.4596483207171962,-0.4492031851521677,2.2945529212967815
2,0,-0.46716646856683863,-0.3445536347807667,-0.4590905757332765,-0.44819706137950405,2.4427196363796084
2,0,-0.46638337364644206,-0.2849098507012782,-0.45809690281514837,-0.4461928783447369,2.3242067931069195
2,0,-0.4686757255807717,-0.1926432233959921,-0.46113569043358527,-0.4490068599682017,0.9911331280439536
2,0,-0.46846625574609774,0.029455729474589635,-0.4610025099049523,-0.44907681579329634,1.0367368849500223
2,0,-0.4694480784583645,-0.07544263847368213,-0.46198533451741886,-0.44977431987645866,0.9360933591703349
2,0,-0.4692901704291487,-0.43440375518043844,-0.4617454938951984,-0.4495897871371796,1.0652852846669192
2,0,-0.46977463655959983,-0.15936133283229964,-0.46233198137165005,-0.45009865014549455,1.0085660081049064
2,0,-0.46956624092920624,-0.2868869927149629,-0.46206750041423883,-0.44973228551717126,1.1167795926235586
2,0,-0.47036867152664963,0.03330017227897656,-0.4629830684669301,-0.4508349171355473,0.9321640810304452
2,1,-0.43298636256944684,-0.11817087421386832,-0.436097679786524,-0.41249045183081207,0.8628899551470398
3,1,-0.44994160293095514,0.4896904537711956,-0.44888450362732063,-0.4284408364341223,0.47973869807030944
3,1,0.069523177179191,-0.37223362297235263,-0.08767926612949883,0.14181938298294489,1.305024048455923
3,2,-0.4181150785118745,-0.37223362297235263,-0.4267542115426741,-0.39350218131556125,1.091923300517313
3,3,-0.46013150473463404,-0.37223362297235263,-0.45596996166414244,-0.439627149464184,1.1523787129140224
3,1,-0.45213405386720945,2.4303651814257146,-0.4504090049822809,-0.4308476743947333,0.8937529387318981
3,4,-0.4324825607619489,0.2716556261509658,-0.43674451317059865,-0.4092745760843865,1.297042714234888
3,1,-0.44930352558840975,0.8225093594081206,-0.4478764367023773,-0.4292475157309995,0.47542369660696665
3,1,0.013315438208339378,-0.3787142551283193,-0.11392890471454196,0.04584337652591344,1.473847258127752
3,2,-0.41695708629762557,-0.3787142551283193,-0.4245267376733993,-0.3960290359309703,1.0917634924466701
3,3,-0.4577209903294627,-0.3787142551283193,-0.45395269339708605,-0.43789191024856816,1.1761610465710728
3,1,-0.45208678887887277,5.433973423881726,-0.44988557160487735,-0.4321058141224008,0.8989992347059546
3,1,-0.4292062377067917,0.6007399302064863,-0.4333689473581574,-0.408608417080005,1.2903339699739793
3,1,-0.4494130944250085,0.6548916531368509,-0.4468217439289137,-0.43085942879927613,0.478661691692514
3,1,-0.45271197577005357,5.046892954091454,-0.449379756776244,-0.43401360343188794,0.8955047642893496
3,1,-0.4328477902172779,0.7826369954654789,-0.4339767044894215,-0.4150207680993389,1.0789327308785677
3,1,-0.008091304691061119,-0.7359179122673556,-0.13151048030670684,-0.025274346731701505,1.2710365436333884
3,2,-0.3662535700594379,-0.7359179122673556,-0.38840597114704106,-0.35504230221347033,1.7950117506560688
3,1,-0.44884054354356623,0.3953368432292421,-0.4476423093704481,-0.4310819636425625,0.47353001298947867
3,1,0.1738241159869083,-0.43088883604499895,-0.0010298132871736155,0.1422192229381215,1.4282037641971002
3,2,-0.40849772758963787,-0.43088883604499895,-0.41870601845296057,-0.39393743664494296,1.223001138110719
3,3,-0.4585900215922896,-0.43088883604499895,-0.4546352206593797,-0.44005852469886236,1.3283373091887172
3,1,-0.4524230148186315,5.111150069536207,-0.4502118729610812,-0.4343804245419411,0.8908263929496031
3,1,-0.4326995500265855,0.3318486163453667,-0.4360650192616461,-0.41622059228602215,1.2721653557622143
3,1,-0.10800411901342863,-0.7438264803220944,-0.19268345284228564,-0.1172662947713115,1.335479421249941
3,2,-0.373097325529735,-0.7438264803220944,-0.39049415853867436,-0.3613434999315935,1.8859868119152163
3,1,-0.44952910848728944,0.2406804012699054,-0.4475270230286855,-0.4317159406849918,0.47542369660696665
3,1,0.07250624246580456,-0.6619947692001442,-0.05798787742956406,0.04893360567620652,1.2983734796564286
3,2,-0.4005572095490734,-0.6619947692001442,-0.41098453287752856,-0.3866264252601735,1.1875384978625112
3,3,-0.4606234902950478,-0.6619947692001442,-0.45580557351852186,-0.441930784513712,1.2882679958213301
3,1,-0.4524659829898467,2.894773872195655,-0.4497184983423196,-0.4344199862918587,0.9047963522750095
3,1,-0.43482540029745637,-0.053803917546133076,-0.4365552183128761,-0.4181779098631946,1.1982421295307442
3,1,-0.02622924396526713,-1.0517114283419957,-0.15588315889402815,-0.05770999840523649,0.9128302055537504
3,2,-0.3502833750230375,-1.0517114283419957,-0.3800275116564707,-0.3445983045563814,1.8874139423323966
3,1,-0.449301377179849,0.4042339822908232,-0.44851707521433193,-0.4322599147463586,0.4738007591397244
3,1,-0.3405435648128376,-1.4166039710898062,-0.3732906018430757,-0.3359755548808349,1.0321008081254806
3,1,-0.4408022729134873,0.025830969116167477,-0.44263834680983416,-0.42473557423318736,1.0631179571228049
3,1,0.12862052566426319,-0.8563038926561576,-0.029906389392130275,0.0581607752021766,1.22990633183355
3,2,-0.2957009071283999,-0.8563038926561576,-0.33676638919783275,-0.30246892098885797,1.8053036943657077
3,1,-0.4495624088199812,0.667962758671766,-0.44803566934813327,-0.4332354162029803,0.4746125568029992
3,1,0.11544433596112956,-0.8106099438954444,-0.0394351222283034,0.0469623654062746,1.2046525732306932
3,2,-0.401620671786649,-0.8106099438954444,-0.4133652514059837,-0.3924898569994009,1.0795919640333929
3,3,-0.461530118707688,-0.8106099438954444,-0.4566904559556504,-0.4434067421067911,1.2444165455254226
3,1,-0.4524294600443138,1.884564144425754,-0.4501090582230514,-0.4356721156767502,0.9276544906939617
3,1,-0.29854002904144267,-1.3839811278640082,-0.3388195802043553,-0.30488188341267736,1.0244632900317876
3,1,-0.4109329486932579,-0.0866464432178955,-0.42009968683373394,-0.4004043372309902,1.1420974005014655
3,1,0.37141539972845417,-0.5358970452162531,0.20325936536830114,0.17505992606658194,1.3879929177554722
3,2,-0.4088403987550789,-0.5358970452162531,-0.4143639725354562,-0.4051852986282419,1.3476213241646173
3,3,-0.46085551841960976,-0.5358970452162531,-0.4555373311841314,-0.4438668756904479,1.388248971374061
3,1,-0.4524563151513233,3.47352727609036,-0.44888881416141463,-0.43762072206091196,0.9024815367158435
3,1,-0.26659963896864186,-0.6278341488525918,-0.30177113693460705,-0.2994064991839396,1.0148125321726256
3,1,0.16656464346010438,-0.5822500413148611,0.09501384490908263,0.022720560782977732,1.5693732069314543
3,2,-0.29352564346063165,-0.5822500413148611,-0.3081044856491013,-0.3194302985032832,1.950509943333879
3,1,-0.45020693138820883,0.6359989627838635,-0.44538427836498706,-0.4359479447619929,0.4922089596493856
3,1,0.43415752333685365,-0.3178622175960233,0.3294712942753108,0.22171874959822718,1.4161443830887759
3,2,-0.38290588481387927,-0.3178622175960233,-0.3864169706188526,-0.38589883142298725,1.4681748439727345
3,3,-0.4577038030609766,-0.3178622175960233,-0.45195282910175955,-0.44152307024869597,1.4101736349912006
3,1,-0.45243160845287456,1.9428898338294525,-0.4473334786194441,-0.4376023486712868,0.9088344310249886
3,1,-0.2527026581933737,-0.26524827178741384,-0.2723365198016208,-0.2890718669412863,0.0
3,1,-0.3935061326526631,0.04889762594248902,-0.3957046133571348,-0.3937818144152191,1.2814239214663108
3,1,-0.45228014564934105,0.9326801060595513,-0.4461590144202564,-0.43684154578825635,0.9327263524537964
3,1,0.1048773884550375,-0.8352143778435207,0.0737181896223785,-0.0027753513127066354,1.3718726851180765
3,2,-0.26629993597441604,-0.8352143778435207,-0.2726230474903906,-0.2919494516857724,1.996492151549038
3,1,-0.4505420831236872,0.18597947222462866,-0.4445372485264492,-0.43548746881703876,0.4856308851314346
3,1,0.4595162637837699,-0.5044824554432629,0.40462759255649755,0.27351409575450847,1.3203682110037238
3,2,-0.3858266462522308,-0.5044824554432629,-0.384152028333362,-0.3850694421600516,1.3139386989277502
3,3,-0.4536325688383387,-0.5044824554432629,-0.4474209447418283,-0.4378951817009652,1.4358778612294163
3,4,-0.25812524140072884,-0.7443756864370069,-0.2649953352210007,-0.28558077075192445,1.7016664256869878
3,1,-0.37879705344142806,0.0283573172447648,-0.3775927971781862,-0.37959287868684516,1.3145633694008148
3,1,-0.45085897338639913,0.602497389774206,-0.4440129292142863,-0.4399253081140437,0.47600410905405116
3,1,0.6198595141031604,-0.3100634907642671,0.5995748702281516,0.16674195402597744,1.4141436843451123
3,2,-0.3871672531941443,-0.3100634907642671,-0.3819350787851026,-0.40383768848153007,1.4132358501641193
3,3,-0.44907149746384784,-0.3100634907642671,-0.44227074573060954,-0.43891252731615354,1.4301340200674317
3,4,-0.23057619842611898,-0.5913668628224072,-0.22931184852699307,-0.3151134649048242,1.6247811392105846
3,1,-0.43344827041000994,0.44147015688188523,-0.42704339201270414,-0.4300604336115175,1.0208145337846426
3,2,-0.4519321034624981,0.44147015688188523,-0.4450588674956523,-0.4405333417781616,1.4574515554362186
3,3,-0.44347059634594965,0.44147015688188523,-0.43681176455038684,-0.4357390663304569,1.3468500936602072
3,1,0.06415860100297632,-0.726032202198932,0.09561811331905086,-0.2806727172330624,1.5264514823581177
3,2,-0.09014654705640163,-0.726032202198932,-0.0656452744782258,-0.3298515481541695,2.07351492304449
3,1,-0.45191169358117095,0.5539475692159485,-0.44372386647123524,-0.44515027407383195,0.46722198656241026
3,1,0.5315427349874884,-0.4849307177523809,0.5840784773996617,-0.13171200147270823,1.3598363022709592
3,2,-0.3550711035006885,-0.4849307177523809,-0.342516344693307,-0.4142860607551964,1.3467736029576074
3,3,-0.44064758749711264,-0.4849307177523809,-0.4319518165398606,-0.4415602735096762,1.4046077847594038
3,1,-0.45219635771547145,1.657192812852013,-0.4440213672562643,-0.4452409998176334,0.9344112730995834
3,4,-0.16267467165905733,-0.4434107354650019,-0.14144398392573232,-0.35296709822957234,1.8287816609930503
3,0,-0.4310066040807076,-0.04995947474174615,-0.42187608240538726,-0.4384875808658369,1.21464294803186
3,2,-0.45129617452851356,-0.04995947474174615,-0.4430805911888895,-0.4449541010504426,1.4391886459006127
3,3,-0.4319379391917965,-0.04995947474174615,-0.42284941516244445,-0.4387844081106512,1.3200288594762235
3,1,0.06826313555830597,-0.9826212990860136,0.15022232360171825,-0.12670976055692706,1.409766717305033
3,2,-0.16872351596187368,-0.9826212990860136,-0.11957954102144697,-0.2693782560731779,1.959710587295402
3,1,-0.4496569387966546,0.13347536763900134,-0.43941342546003037,-0.438503177324939,0.4808245012412513
3,1,0.7201010349353241,-0.3125898388928641,0.8923193134239106,0.26570361727702946,1.2290989272298147
3,2,-0.3591863800988219,-0.3125898388928641,-0.33641553391804074,-0.3840389346549869,1.2353637998912654
3,3,-0.44013948887249316,-0.3125898388928641,-0.4285781074388477,-0.4327735708128366,1.345379356284727
3,1,-0.45209753092167654,1.5271408048407524,-0.44219196299322755,-0.43997243985264745,0.9455721030138907
3,4,-0.20830686948957386,-0.743716639099112,-0.1646439466379889,-0.2932078576944489,1.7576663283382632
3,1,-0.44934434535106416,1.068663540111866,-0.43746074692273623,-0.433050084620674,0.4762341789963716
3,1,0.0015614949724280858,-0.33895173240866017,0.10978135312275532,-0.04982636873055411,1.5731510731169438
3,2,-0.1441156443069426,-0.33895173240866017,-0.06701978028165698,-0.1736369953457055,2.088603983517082
3,1,0.7539008726174615,-0.31621459925128603,1.022858417525829,0.5895849365316385,1.4711605816975153
3,2,-0.3461874341019509,-0.31621459925128603,-0.3122643096672972,-0.3453772906283163,1.3474235867308972
3,3,-0.4375689180295453,-0.31621459925128603,-0.4231694936275074,-0.4230421791761381,1.4572508207385528
3,1,-0.45202555923489113,1.6631242388930667,-0.4407148035022739,-0.43532884141592687,0.9405651383944108
3,1,-0.4477061838234856,0.15137948698514633,-0.4352369116019594,-0.4243665467947734,0.5266989727254304
3,1,0.09973194995202021,-0.816870893605446,0.23480130327397195,0.21537456651721276,1.4878864214861438
3,2,-0.11308295685106239,-0.816870893605446,-0.02567401157101166,-0.03332284239113662,2.0058316971514842
3,1,0.8254740296148599,-0.4685793534771565,1.123075060046841,1.063483270269401,1.3494636468226666
3,2,-0.3509579753111158,-0.4685793534771565,-0.31682171009417365,-0.311305722555545,1.3956256885487748
3,3,-0.436752522776457,-0.4685793534771565,-0.4218301519308897,-0.41156600024764173,1.4254321794913405
3,1,-0.4519965557193209,2.721339573389898,-0.4404881225587361,-0.4293803138742324,0.9477893989335261
3,1,-0.28121526240748385,-0.7459134635587616,-0.23145994961126706,-0.2298037627073032,1.9216624923573846
3,2,-0.3584988893593791,-0.7459134635587616,-0.32605142990303015,-0.32011810234968685,2.0296578284852425
3,1,0.13634190603163024,-0.6995604674601535,0.20546726500823034,0.21517192666931764,1.617595028715865
3,2,-0.03338237026831349,-0.6995604674601535,0.018466592167927266,0.028851300615157918,1.9628438827960994
3,1,-0.4451302419591358,0.6172161136538589,-0.43519348949696113,-0.4231590004588275,0.5718161914160805
3,1,0.7772594446943114,-0.713290620332964,0.9116244134014567,0.918761063450698,1.3193720487416016
3,2,-0.33353975290476395,-0.713290620332964,-0.3122440977501487,-0.3006567265616235,1.4243569965079772
3,3,-0.4357653290427883,-0.713290620332964,-0.42487531313100063,-0.4128783471807252,1.4905792986258646
3,4,-0.4703901556122572,0.6392941994733379,-0.46302463393898474,-0.45088893414024245,0.4285303810391605
3,4,-0.4512317222716908,1.4715611460116158,-0.4419160453307138,-0.42985710904102764,1.1631508098056809
3,1,-0.35258646900017093,-0.5967490827485491,-0.33866959038220584,-0.33828014093396663,1.4953212244785457
3,2,-0.2103371155794909,-0.5967490827485491,-0.18849863138372935,-0.20227061069158409,2.135167305780943
3,1,-0.44472956376255435,0.21102327106463484,-0.43594396508275873,-0.42638134302975883,1.510803695534725
3,1,0.8679921092365567,-0.40639424331990515,0.9498807700090608,0.8287572835451672,1.426716275618806
3,2,-0.3589962459411948,-0.40639424331990515,-0.3454363160442427,-0.34440875051807435,1.383512718185869
3,3,-0.44138664004201367,-0.40639424331990515,-0.4324148800718221,-0.4231850579575712,1.4138424388401694
3,4,-0.47052872796442613,1.8121787784802972,-0.4631798374181265,-0.45104881686611126,0.8940451229268354
3,4,-0.45122098022888696,0.9257601090116552,-0.4427968766255254,-0.4325880109896655,1.1505720275988207
3,1,-0.2309145727744385,-0.9497787734142511,-0.21022200942662836,-0.22194542972848158,1.968665152033461
3,2,-0.3015939918105613,-0.9497787734142511,-0.2848374356684652,-0.28952446857640113,1.8612426419643688
3,1,-0.3633102503311984,-1.0083241452639147,-0.3449195591992726,-0.32574070193629107,1.492212413650146
3,2,-0.2520226868838935,-1.0083241452639147,-0.22217383198675558,-0.19568905711106419,2.1378918557544178
3,1,-0.4405562801332804,0.3222924299458906,-0.4301188376148333,-0.41601110521217965,1.3786727981556761
3,1,0.8295645995145446,-0.40320884785341304,0.9707736451191581,1.0682635469440582,1.4194009540078818
3,2,-0.36013382827411655,-0.40320884785341304,-0.3414160928347223,-0.3220287066298413,1.433126827868668
3,3,-0.44487995236180744,-0.40320884785341304,-0.434887674989644,-0.4210637873591057,1.4327007339340463
3,4,-0.4705115406959401,1.5826106224469065,-0.46315829079097476,-0.4510170913858889,0.7731898883873279
3,4,-0.4512080897775224,2.063715179110184,-0.44186735721945997,-0.42845890550259425,1.167685965112475
3,1,-0.2648938025713994,-0.7626093294520991,-0.2363701573097322,-0.21073035834944126,2.2414050285354032
3,2,-0.330431005717346,-0.7626093294520991,-0.3086550686730108,-0.2873177217740271,2.1561231695939105
3,1,-0.3899999298815047,-0.7303160098952489,-0.37026526743592253,-0.35693050084871947,1.5845145039974164
3,2,-0.3012588400750829,-0.7303160098952489,-0.26788122955604715,-0.253226867348171,1.9337485839604205
3,1,-0.4400546267343432,0.6038154844499961,-0.4280153129878291,-0.4154248685506605,1.2567760692240069
3,1,-0.45118767989619524,2.488141664714501,-0.44085994830984465,-0.4284350543322113,1.1755733298042381
3,1,0.7020039154237724,-0.6378297001439978,0.8896219316900534,0.9191949873750344,1.3143954855760271
3,2,-0.3589199774372878,-0.6378297001439978,-0.3344071206034373,-0.320610189654431,1.2653366485677837
3,3,-0.44399265962621404,-0.6378297001439978,-0.4325587743049372,-0.42002688910982355,1.3551667362218625
3,4,-0.47052013433018314,1.0954647985195922,-0.4631645509623258,-0.4510271339839449,1.0043016091968684
3,1,-0.25386279881618345,-0.4434107354650019,-0.21319857810120624,-0.1978394284198056,2.1727041721395257
3,2,-0.3058929573406396,-0.4434107354650019,-0.2732277904185688,-0.2586423383498701,2.060469603695734
3,1,-0.3787379722060072,-0.7860055099473681,-0.36039901056609075,-0.33726473536613005,1.5908038329519034
3,2,-0.29357827947037024,-0.7860055099473681,-0.26504643438078457,-0.23171493758961986,2.0140821709373897
3,1,-0.43692546966559803,0.7592408149702102,-0.42555105147083816,-0.40938428386011944,1.2657993179809237
3,1,-0.4511103371880079,2.4511251725694034,-0.4414337257461888,-0.4269654874833496,1.1772554158471669
3,1,0.8857508543997887,-0.5034938844364204,1.055438263320174,1.229985399662203,1.2816280488915401
3,2,-0.37682696279121225,-0.5034938844364204,-0.3582592697455039,-0.33489616579053544,1.307142922814453
3,3,-0.4487965011680707,-0.5034938844364204,-0.43884294343728264,-0.4240976410157663,1.5001189551402678
3,4,-0.4705136891045008,1.4484944891852942,-0.4631594921555532,-0.45101465681666325,1.0206507471983979
3,1,-0.28888830358223383,-0.7614010759992919,-0.25979510867944566,-0.22590202316182564,1.737342392487713
3,2,-0.31387214673529773,-0.7614010759992919,-0.28776930317366023,-0.25686784170548993,0.976379713225552
3,1,-0.355347174000746,-0.8099508965575495,-0.3306807560986386,-0.2960310069926542,1.6905214982675019
3,2,-0.22430714224582488,-0.8099508965575495,-0.17994477470530826,-0.11969424501192658,2.1489855433000047
3,1,-0.43670633199240066,0.5414955683566022,-0.42426858846534243,-0.4055136611525579,1.3836055642933605
3,1,-0.45108455628527877,3.1488366209541394,-0.44080792930993146,-0.42486201967234705,1.177535488695973
3,1,0.8005589355357404,-0.5424875185952021,0.9989636245325801,1.2594382475525288,1.664467076930707
3,2,-0.36299550847704726,-0.5424875185952021,-0.3394786721848153,-0.30632314839429026,1.5558683450913426
3,3,-0.445320376116763,-0.5424875185952021,-0.43417736502363596,-0.41710532995869826,1.5558748375162494
3,4,-0.47050760910827394,1.1634565155457497,-0.46315036077701416,-0.4509990573143496,0.7781774297445208
3,1,-0.2920561320050727,-0.697143960554539,-0.2578767648231555,-0.21086209136863798,2.2987778546510915
3,2,-0.30051226810021925,-0.697143960554539,-0.267603899012816,-0.222241267929548,2.07402511353132
3,1,-0.3584688116395285,-0.42298026799026006,-0.330372463987806,-0.31214245356630194,1.5511566965583847
3,2,-0.29672032699047995,-0.42298026799026006,-0.257195394032219,-0.23560929734713204,1.9152243382838807
3,1,-0.4359253854805648,0.8428299856598801,-0.4221649209962703,-0.40814474576294213,1.3528716221227073
3,1,-0.45107274003819464,4.441448133012005,-0.4401157910525257,-0.426918888306764,1.177535488695973
3,1,0.9216400194072641,-0.2048355991470479,1.1866625533519952,1.2744676422257863,1.3564570718019198
3,2,-0.3700186560621677,-0.2048355991470479,-0.34405998649293745,-0.32645772061340306,1.434417636301619
3,3,-0.4495065501974015,-0.2048355991470479,-0.4382597263378232,-0.42497769975071176,1.4533687267842115
3,4,-0.47047144494697063,1.5203306490158381,-0.46310486348442975,-0.4509622979818516,1.7062015808664084
3,1,-0.2891031444383097,-0.680338253438219,-0.24816840165090515,-0.2261683041708863,2.1547095549666615
3,2,-0.23247754000239051,-0.680338253438219,-0.18106236916062435,-0.15598461861276786,2.0774395390091627
3,1,-0.3678992510169792,-0.7759001174329796,-0.3343759962586661,-0.3165582676198432,1.732199985065636
3,2,-0.2502642144769125,-0.7759001174329796,-0.1867521266135612,-0.16242595622194525,2.041020508637167
3,1,-0.4312289643667461,0.5262675810243623,-0.41385042516338777,-0.3995365654626057,1.4244461271912185
3,1,-0.45106092379111046,2.459143581847125,-0.43873816846656766,-0.42552155969164607,1.180052620747949
3,1,0.9853081071053507,-0.20132068001160838,1.3638060467004254,1.4564932316840862,1.519965830245742
3,2,-0.3480490301198484,-0.20132068001160838,-0.30946533606478355,-0.2905493461401314,1.4966690703216472
3,3,-0.43728317969096436,-0.20132068001160838,-0.4214480484575445,-0.40746915280281104,1.5903279023952015
3,4,-0.47046212729904263,1.6625750327781543,-0.46308534275964164,-0.4509421523019104,1.0367368849500223
3,1,-0.2894866353664052,-0.7639274241278889,-0.2359735636858723,-0.21381746820791395,2.263306447106696
3,2,-0.29336343861429437,-0.7639274241278889,-0.2408386847768254,-0.2188970827768993,2.0594513968458417
3,0,-0.41542419678952414,-0.11970865133562318,-0.42488313075179923,-0.39054817392147473,0.5944312076207876
3,3,-0.4693331386003639,-0.11970865133562318,-0.462368236336651,-0.4497285575830444,0.665629151812896
3,5,-0.47042882696635085,-0.11970865133562318,-0.4631301135449114,-0.45093138694111556,0.6893901316822331
3,1,-0.1428437864389734,-0.7448150513289368,-0.23534675479759556,-0.09131371074508814,1.1637188303264754
3,2,-0.37304576372427684,-0.7448150513289368,-0.39541566237622916,-0.34402580038690095,1.43746264769429
3,1,-0.067756907240454,-0.3315923704688337,-0.18313575787857322,-0.008884522383152913,0.8154467501927611
3,2,-0.275170714921789,-0.3315923704688337,-0.32735911340226914,-0.23658011986602306,1.335936301895146
3,3,-0.3164115656541146,-0.3315923704688337,-0.3560355739704395,-0.2818536735082465,1.106974662354696
3,4,-0.0411166410870451,-0.8860708640844106,-0.1646116845796926,0.02036074044053798,0.9897889945070831
3,1,0.397695807447936,-0.45747041200676003,0.1405126679442076,0.5020821059033497,0.7622175685090848
3,0,-0.47056095409283755,-0.49371801559097955,-0.4632219869729663,-0.4510764340107653,6.898583345099427
3,1,-0.2690627893835518,-0.49371801559097955,-0.3231120214354371,-0.2298749358170107,0.7333689948480719
3,2,-0.4213849563413494,-0.49371801559097955,-0.42902789215242376,-0.39709180147827555,0.9069976849625624
3,3,-0.46252698027988004,-0.49371801559097955,-0.45763563438416277,-0.44225686462937885,0.8787042383043419
3,1,-0.46183948954043724,1.1408292236113575,-0.4571575937829014,-0.44150214816941263,1.1273617019540956
3,2,-0.47045460786907994,1.1408292236113575,-0.4631480400674587,-0.4509596888083643,1.1474024528375417
3,1,-0.29333980612012606,-1.0055781146893525,-0.33999283016748155,-0.25652586080956774,1.1322814902081444
3,1,0.6225181696970994,-1.2430548387774822,0.29684090781797046,0.748888539245927,0.9155404504834509
3,3,-0.4594279009309855,-1.2430548387774822,-0.45548071698628895,-0.43885474433718735,0.9469892758196078
3,1,-0.13231658449125538,-0.6121268539660968,-0.21905527947399325,-0.10371479773848463,1.2469016688760104
3,2,-0.3806726141149705,-0.6121268539660968,-0.39833431824590143,-0.35876635624561615,1.6572752418482606
3,1,-0.07364247249265267,-0.2999580982498785,-0.17670060656412998,-0.043458867041174826,0.8225792732737828
3,2,-0.2663568688012761,-0.2999580982498785,-0.31581400671014154,-0.24136872733224923,1.3440509023707976
3,3,-0.30788560628074335,-0.2999580982498785,-0.3457920674321224,-0.28401705454628773,1.1554040440748474
3,1,-0.03198590470382028,-0.9116638690393293,-0.14663026986631064,-0.0006792632896693989,0.9743376398862312
3,1,-0.4489737448743333,-1.0083241452639147,-0.4476383801932814,-0.42890884432761844,0.6617779168316021
3,1,-0.14727380489125802,-0.24602605776547923,-0.22985234407546407,-0.11907525578629305,1.172482137234565
3,1,0.3862018216478765,-0.7061509408391026,0.15524399394815244,0.42878255213777994,0.8303123141438212
3,1,-0.2553129745946956,-0.3193999947177782,-0.3078418276547177,-0.2300270963936168,1.0826890833143532
3,2,-0.4074203006964173,-0.3193999947177782,-0.4176424846188276,-0.3862351443374309,0.875237228891217
3,3,-0.4588746857265901,-0.3193999947177782,-0.4547855034647376,-0.4390767085783115,0.8865185736778476
3,1,-0.30515605320429934,-1.1170669560165734,-0.34382170394804185,-0.28121391436390614,1.2296405510745139
3,1,-0.39519693018998026,-0.5804925817471416,-0.40881888521491083,-0.37368223912872567,0.9580722660169873
3,1,-0.4680913584522453,0.9526712086423637,-0.46143867886552903,-0.44854185724609347,0.5581861951258283
3,1,0.5991026647933895,-0.947032742839689,0.3089292439929603,0.6474230737068216,0.6594768890381248
3,3,-0.45924958302044255,-0.947032742839689,-0.4550561279653059,-0.4394617128772691,0.698371604459897
3,1,-0.056085677734131915,-0.22284955971617507,-0.14182848110249927,-0.054785472122867385,0.9613683853865567
3,2,-0.25617233801899914,-0.22284955971617507,-0.296979331968008,-0.24609525328322013,1.368215247635131
3,3,-0.3065976353485685,-0.22284955971617507,-0.3360800285096488,-0.2943086253457615,1.2560907586829644
3,1,-0.05056963875438374,-1.2595310222248548,-0.13755124372996883,-0.04951139633697949,0.8433404603417732
3,1,-0.4490156388412681,-1.385738587431728,-0.44651354960995826,-0.4304794077592024,0.5947797004221256
3,1,-0.14842320347126395,-0.5060202325650175,-0.21342868505680238,-0.14307257640312812,1.2012190162295908
3,1,0.09378515505583991,-0.44132375222833486,-0.025615900042965586,0.08851121833390169,1.3182296302057612
3,2,-0.3977449427430402,-0.44132375222833486,-0.4067573154223231,-0.3814577206735853,1.2022570476569148
3,3,-0.45640723849455866,-0.44132375222833486,-0.452245130984911,-0.43754677202068143,1.0248461385481178
3,1,0.438683145970092,-0.4203440786386804,0.2418243014975358,0.41828012481927423,0.9334311279873211
3,1,-0.2623286027498534,-0.48229452840080117,-0.3017530120813424,-0.25198147106879437,0.8513467952334901
3,2,-0.4074203006964173,-0.48229452840080117,-0.4142597646948415,-0.39070866528965,0.9127288402631915
3,3,-0.4585524244424763,-0.48229452840080117,-0.45390854734965164,-0.4395978585531874,0.8874339054579188
3,1,-0.436155265196566,0.1939978815023499,-0.43654138099770223,-0.4181831594030875,0.838483618695997
3,1,-0.29298531870760086,-0.1332191217624686,-0.32552478956423375,-0.2812934182651829,0.7702625306231721
3,2,-0.4616998429839879,-0.1332191217624686,-0.45634911317273136,-0.4426072143570144,0.8735323399960812
3,1,-0.29656241896126423,-1.3633309779433016,-0.32829853843483287,-0.2847136076258463,1.311481012131028
3,1,-0.3461874341019509,-0.7499775888091136,-0.3667786815504687,-0.33216180218877983,0.9887974226609031
3,1,0.5558423100139507,-0.7932550306642121,0.33267165746335525,0.5303000565940846,0.8342867526977483
3,2,-0.4580593646777822,-0.7932550306642121,-0.4535262198026231,-0.43912642704671756,0.8981590886261889
3,1,-0.17737193462320816,-0.43780883309289537,-0.25292871645576687,-0.18113478383825898,1.003905530401717
3,2,-0.26487124428151143,-0.43780883309289537,-0.31568847725787424,-0.26169734232667896,1.2721653557622143
3,3,-0.3029582312466431,-0.43780883309289537,-0.3430067521212898,-0.29676487745362534,1.3270750014599193
3,1,-0.37029150394938404,-0.7789756716764892,-0.39130221988382974,-0.3587601176619753,0.7738627387418772
3,1,-0.05927069342545681,-1.3465252708269815,-0.16821941215442152,-0.07239634705853573,0.5974619304255374
3,1,-0.4540096145407519,-1.3421316219076822,-0.4513498775857785,-0.4358412421576479,0.554204347323282
3,1,-0.15041477820708735,-0.5900487681466174,-0.23359342460960786,-0.15631473098371476,1.2037227730707267
3,1,0.4202530231316228,-0.9691108286591682,0.17572380142730962,0.369111792977953,0.9394744462597405
3,1,-0.192901705904653,-0.6016919377827609,-0.2640676012622989,-0.19543338930222176,0.6187137118995211
3,2,-0.39517437190009225,-0.6016919377827609,-0.4091497074440779,-0.38167032703924814,0.7708795292544995
3,1,-0.4636978629454936,1.349637388501059,-0.4582988712960996,-0.4447614277203151,1.1576670514494245
3,2,-0.4703332227853971,1.349637388501059,-0.4630581499465768,-0.450870750951338,0.9229352747252739
3,1,-0.43298636256944684,0.028796682136694583,-0.4362707384456638,-0.416484666966722,0.9212782733851941
3,1,-0.41217795145421765,-0.5926849574981972,-0.4213456960726036,-0.397325900525384,0.6316972182437227
3,1,-0.29333980612012606,-1.3184059177434657,-0.3361078398602614,-0.2879089797345742,1.362159285483153
3,1,-0.34189169118471374,-0.6969242781085739,-0.3709321682469,-0.3326117790539482,0.9666381244576152
3,1,0.5047155572892935,-0.8031407407326355,0.23630540442710213,0.44687832479094775,0.9301078775473657
3,2,-0.45671123830590604,-0.8031407407326355,-0.4532876444314884,-0.438328687183716,0.9580505913575439
3,1,-0.43463311773126845,-0.21109654885704926,-0.43745189016513625,-0.4180008710323134,0.8491642495987872
3,2,-0.4705158375130616,-0.21109654885704926,-0.46318913219857305,-0.4510388883884877,0.9301936370431464
3,0,-0.2076258239758133,-0.39387234389990194,-0.267020475734174,-0.20899021195522985,1.018164093351125
3,2,-0.26927870444390806,-0.39387234389990194,-0.3130254260453346,-0.26575538882447514,1.364002274098617
3,3,-0.3095989621079485,-0.39387234389990194,-0.3431121216917334,-0.302879145903388,1.2439209035428975
3,1,-0.36980166679753107,-0.061053438262976885,-0.38803496092995843,-0.35830911371291485,0.5617563524345336
3,1,0.005826085965534267,-1.0315006433132188,-0.10774414612690147,-0.012460295933396075,1.1341939098252465
3,1,-0.4513079907755977,-1.2321805577022162,-0.4488544126114865,-0.4333537971315798,0.7187002550419023
3,1,-0.1469450983814619,-0.7551401262892902,-0.22174094062375904,-0.15312011967786984,1.2422315163467799
3,1,0.4350405192553255,-0.7146087150087538,0.2125326767305209,0.38272696921208954,1.0796182234375025
3,1,-0.19719852302617058,-0.6258570068389072,-0.25923969633788796,-0.19938956429398016,1.068417386801422
3,2,-0.40280122229078597,-0.6258570068389072,-0.4126589995674267,-0.3886925376496193,1.0602673823107358
3,3,-0.4614527759995007,-0.6258570068389072,-0.4564243807394895,-0.44269432628712135,0.8300918590408803
3,1,-0.4646829082706015,0.8796267953590121,-0.45883468295898383,-0.44566838083717575,1.1238467599549935
3,2,-0.46855971151849074,0.8796267953590121,-0.4617275265606317,-0.44923783972348974,0.9564725215069869
3,1,-0.4222443197656529,-0.08082485839982392,-0.4271673035823413,-0.40659422948732604,1.1069110914828049
3,1,-0.4153393346513742,0.07350205989056542,-0.4220148517476523,-0.40023665627557026,0.5391887901605565
3,1,-0.29333980612012606,-1.237123412736428,-0.3309796526547308,-0.2879089797345742,1.3250836300749942
3,1,0.5109362742769706,-0.830051840363344,0.26916556090542476,0.45260587713526595,0.9166384973967152
3,2,-0.4518719480227969,-0.830051840363344,-0.44927523358429483,-0.43387304509924807,0.9689443907462177
3,1,-0.4352013717955891,-0.070609624662453,-0.43683576562808163,-0.4185240751749734,0.7817918382285655
3,2,-0.4704492368476781,-0.070609624662453,-0.46313747721047893,-0.45097756767611547,0.7419373447293773
3,0,-0.1966238237361676,-0.5489681507511687,-0.27374304443940967,-0.20856199405251616,1.0143489751998058
3,2,-0.26894784952555123,-0.5489681507511687,-0.32376870495736054,-0.2725911646883597,1.2679368362886971
3,3,-0.2977837892280556,-0.5489681507511687,-0.34371417832570467,-0.2981199054284468,1.2835580267844522
3,1,-0.36965664921967983,-0.6636423875448815,-0.3934277728767839,-0.36174965455069935,0.8239012825808076
3,1,0.02838437585350147,-1.2600802283397672,-0.11810757360420605,-0.00936002418504695,0.982780473142988
3,1,-0.4535187031846185,-1.3748643063564625,-0.4514341489903757,-0.4359935548948306,0.390915326867954
3,1,-0.1485359949207038,-0.7851267801635083,-0.24048127045612497,-0.16598936672533918,0.9583919078927904
3,1,0.15107032091991207,-0.8180791470582534,-0.03324717802709564,0.09925504840719292,1.1549926221042173
3,2,-0.4066651350873106,-0.8180791470582534,-0.4190260983307473,-0.3945136307084061,1.2479461915717982
3,3,-0.458412777886027,-0.8180791470582534,-0.45481932171672707,-0.44032632731368904,1.2447808856934035
3,1,0.4413836955309658,-0.8839838808477435,0.16755909849858314,0.35627233136335434,0.9790777199729198
3,1,-0.14703318313245303,-0.7009884033589259,-0.2394417935807594,-0.16465891268363966,1.002536383604346
3,2,-0.4043051082833171,-0.7009884033589259,-0.4173936961183254,-0.3924242757908837,0.8682457446514046
3,3,-0.46166761685557656,-0.7009884033589259,-0.4570706547634445,-0.44320786823316694,0.8697506657144423
3,1,-0.45240582755014547,3.0203223900646337,-0.4506643862720921,-0.4350083151613061,0.9270893590598515
3,1,-0.4631833190951919,1.1219365332583706,-0.4581190478092921,-0.4445497343181119,1.0612565021243408
3,2,-0.4699389898144979,1.1219365332583706,-0.46279186415609275,-0.4505305959823351,0.9913982043609605
3,1,-0.42761534116754985,-0.07577216214262977,-0.4335171044066978,-0.4130610539930849,1.1081499931485985
3,1,-0.42428530789837376,-0.5522633874406432,-0.4312137603655017,-0.4101129428213419,0.6548220662382774
3,1,-0.3073044617650581,-1.4320915835303363,-0.3502995132409049,-0.3065486503688205,1.126011262748116
3,1,-0.43996224516623056,0.0051808191954606266,-0.4420573097000872,-0.4239918894150251,0.7144569671090458
3,2,-0.4704954276317344,0.0051808191954606266,-0.4631767455152346,-0.4510232158490973,0.8981267612464839
3,0,-0.4031446131730948,-0.619925580797853,-0.41659099558103757,-0.3913968780676033,0.7900794209306277
3,1,-0.19233237763605193,-0.27645207653162696,-0.26201252458351126,-0.2146162731949518,0.9858167945227653
3,2,-0.2596763923815967,-0.27645207653162696,-0.3107142463318698,-0.2718517784064865,1.3676073275475662
3,3,-0.2975700225762601,-0.27645207653162696,-0.3381180926981541,-0.3040574774086256,1.328400382700988
3,1,-0.36469382544432705,0.04186778767161022,-0.3866605620226242,-0.3611058251109348,0.7912942416994698
3,1,-0.4704836113846502,-0.7065903057310325,-0.4631654264586263,-0.45101629254286174,1.091923300517313
3,1,0.049761041033051345,-0.7722753570745576,-0.0869358476482155,-0.008861698296661998,1.0385083645984043
3,1,-0.452783947456839,-1.1130028307662216,-0.4503654157834572,-0.43597339361843024,0.6732445481134173
3,0,-0.37434349917336035,-0.3814602857028814,-0.39363899546743464,-0.36930705803556135,0.8712933659434193
3,1,0.4947157896432418,-0.4861389712051881,0.2348457158552869,0.3693042000270714,1.0702271031389738
3,1,-0.1356466177604315,-0.6240995472711873,-0.2210186201513528,-0.16643919142993094,1.002264533568659
3,2,-0.40838708454875877,-0.6240995472711873,-0.41825857344536527,-0.39824061383165155,0.989217882990188
3,1,-0.4680698743666377,-1.0082143040409322,-0.46141986452459066,-0.4489648636490584,1.324418957401803
3,1,-0.46009390758482077,0.9818889739557042,-0.4556518194154609,-0.442186109961257,1.092482428404367
3,2,-0.46981438211797383,0.9818889739557042,-0.4626814544582239,-0.4504475163075082,1.0303334479148152
3,1,-0.4222443197656529,0.11447283606303173,-0.42827982353395433,-0.41001784246096307,0.9900057696964357
3,2,-0.4704331237834724,0.11447283606303173,-0.4631289149272958,-0.4509733832602588,0.9969486348916096
3,1,-0.41091253881193074,0.046810642705821984,-0.4200849268529833,-0.4003869909252571,0.6351513119172976
3,2,-0.4558024614847051,0.046810642705821984,-0.4525483392523669,-0.438538820940009,0.8415671856782186
3,1,-0.30515605320429934,-1.2674395902795934,-0.3436041444908375,-0.3105048253605789,1.4077923830201369
3,1,0.4074549533351827,-0.5821402000918788,0.17174058341758497,0.29514143931041537,0.83116847845732
3,2,-0.4661019321249827,-0.5821402000918788,-0.4599966916437926,-0.44729231459100427,0.8539424031531758
3,3,-0.4484108618314145,-0.5821402000918788,-0.4472028956973606,-0.43225671937424986,0.8595792770978268
3,1,-0.4370586709963651,0.1413839356937402,-0.43899323903563897,-0.42260852153281075,0.8985966492025169
3,3,-0.47043634639631354,0.1413839356937402,-0.4631312454505722,-0.4509761221506377,0.9644457736341374
3,1,0.07227421434124262,-0.9048537132144153,-0.0335303871492965,-0.047399483613975266,1.340131424700816
3,2,-0.30786949321653767,-0.9048537132144153,-0.33443891740471254,-0.3300972494452442,1.830293133276117
3,1,-0.17950315591548086,-0.5028348370985256,-0.23282859182629714,-0.23463630654002438,0.9546794982864657
3,2,-0.2636004606178226,-0.5028348370985256,-0.2993970917207146,-0.2971761294520475,1.4346082213984412
3,3,-0.30559003173357263,-0.5028348370985256,-0.33263457501793614,-0.32840210454156404,1.3743149994777872
3,1,-0.3654715493433217,-0.5302951428441466,-0.38003470053671684,-0.37293360909182366,0.8514855085080394
3,1,-0.4704954276317344,-1.0475374618686615,-0.463167947856578,-0.451035693016379,0.9242589015233319
3,1,0.023013354451604517,-0.9729552714635551,-0.07252356960584404,-0.08403282715448662,0.7117235661328808
3,1,-0.4536454592897033,-1.231301827918356,-0.44983009928024664,-0.4385050412920024,0.5578284773613269
3,1,0.4677833399255697,-0.7797445602373665,0.2795408733136833,0.24672493287810485,0.8506849747761612
3,1,-0.09117456055272471,-0.6080627287157448,-0.1629107494900737,-0.16894984094393145,0.8703631334112663
3,2,-0.4007602341580651,-0.6080627287157448,-0.40796799542267004,-0.39917640137777904,1.0019098358012906
3,3,-0.45618917502564166,-0.6080627287157448,-0.45184361613787466,-0.44039670158036937,0.9012898909510298
3,1,-0.42181463805350117,0.116340136853734,-0.42463392887263146,-0.4148337247105459,1.0300657461329996
3,2,-0.4695093081023461,0.116340136853734,-0.4623873699531564,-0.45030235511742595,1.0664333903038747
3,1,-0.30515605320429934,-1.3611341534836519,-0.33229105271621245,-0.3280793719585825,1.3567719219472019
3,1,-0.467586482440467,1.2090406230834803,-0.4608653280717568,-0.4488724260987702,0.7190585623444462
3,1,-0.4388934119072531,-0.4239688389971025,-0.43815289192982215,-0.42753452999971225,0.8913673232324237
3,3,-0.4705040212659774,-0.4239688389971025,-0.4631747502783944,-0.4510420837605965,1.085189268335969
3,0,-0.3717178861030858,-0.5012970599767708,-0.38497908334903863,-0.3775787614684329,0.8619305385139696
3,1,-0.40115876394608585,0.008036690993005349,-0.40828345773440144,-0.3994727721408636,1.2765841213355984
3,1,-0.17304718819040074,-0.7664537722564861,-0.2025446093869636,-0.22983525994666065,0.9628729464110198
3,2,-0.24277378802982696,-0.7664537722564861,-0.2636371195351086,-0.2816881608410432,1.3280323973868025
3,3,-0.28236358678320944,-0.7664537722564861,-0.298324601610442,-0.3111295206078352,1.2130151322771316
3,1,-0.36145832215182433,-0.34367490499690695,-0.36762521191267694,-0.36994913154227177,0.736266534128884
3,1,-0.47049865024457554,-1.0462193671928715,-0.4631633188317635,-0.4510380895454606,1.0367368849500223
3,1,0.0202204233226181,-0.7284487091045467,-0.0332088961174548,-0.08610981902515978,0.9624584127191623
3,1,-0.45181823780877794,-1.1958231128950143,-0.44679606029723506,-0.4371462093027659,0.4031290483106166
3,1,-0.15331620396839207,-0.3926640904470947,-0.1852568690326094,-0.215162111223382,1.069297900884918
3,1,0.4452733892302196,-0.629262084751364,0.3392107067610045,0.2299851772435063,0.8673686441631954
3,1,-0.052610626887104585,-0.23987494927846,-0.09702143945506433,-0.14027137626809824,0.9822171781478781
3,2,-0.39442242890382667,-0.23987494927846,-0.39650744668260646,-0.3944632275174053,1.1433650091929317
3,3,-0.4603785717191213,-0.23987494927846,-0.4542963871092912,-0.4435121893863791,0.8062408757589357
3,1,-0.45897136411182426,0.5160523472869917,-0.4530634308884613,-0.4424657050207707,1.0981955351717674
3,2,-0.4695823539934119,0.5160523472869917,-0.46236048550629183,-0.4503566764432743,1.2878542883066382
3,1,-0.416873298363756,-0.04062297078823505,-0.41617827493859527,-0.4111590467855088,1.030511875964178
3,2,-0.4688647855341185,-0.04062297078823505,-0.461731771952464,-0.4498230493011168,1.0935997468445655
3,1,-0.3116012788865757,-1.1411221838497372,-0.3239418553650593,-0.3328724301216744,1.3420812064435652
3,1,-0.4682739731799098,0.17609376215620512,-0.46121411857730643,-0.44938368563616665,0.684358674526866
3,1,-0.43688357569866326,-0.277111123869522,-0.4337107241612057,-0.4260398946958548,0.7618836087681297
3,3,-0.4704879082017717,-0.277111123869522,-0.46315390695221514,-0.4510301011151887,1.094436917257629
3,0,-0.3902820588937036,-0.7034049102645404,-0.3928797694785899,-0.3913841989071562,0.7133953414344362
3,1,-0.1918339468499559,-0.607183998931885,-0.203139700586495,-0.23393503648259106,0.9395848720332444
3,2,-0.24920719746501915,-0.607183998931885,-0.25667401232212095,-0.27863296666351367,1.4426615668705867
3,3,-0.28191349518973047,-0.607183998931885,-0.2871918776921753,-0.3041135485811049,1.4792026687372244
3,1,-0.36300732472413144,-0.31676380536619847,-0.36285958526652246,-0.3672915329514139,0.7172976408464584
3,1,-0.4705115406959401,-1.2553570557515201,-0.4631705167377446,-0.45104512697212856,1.0367368849500223
3,1,0.010337743943127708,-0.6034493973504804,-0.01449565126024101,-0.07642860233859718,0.42485915521479906
3,1,-0.4561762845742771,-1.4018852472101533,-0.4497944562600826,-0.43987692105068293,0.41912143455565
3,1,-0.14935668699091365,-0.43780883309289537,-0.16350466428314617,-0.20084216523855022,1.2129325455982998
3,1,0.47409321586851827,-0.5857649604503007,0.41822917672149373,0.2848706003895041,0.6437557717041459
3,1,0.03966352079748507,-0.18253783088160355,0.012867889469633348,-0.05358169176119245,0.9553740729000101
3,2,-0.3782019442700979,-0.18253783088160355,-0.3770375077435947,-0.3791292454099264,1.1626506847639986
3,3,-0.4499587901994412,-0.18253783088160355,-0.4439929846943495,-0.43503304125500464,0.7815068546467269
3,1,-0.402693801862748,-0.2670057313551335,-0.39989057472678646,-0.3982101817163303,0.9820784724121582
3,2,-0.4689722059621564,-0.2670057313551335,-0.461734181431301,-0.4498458733876077,1.0969442315674127
3,1,-0.30515605320429934,-1.1379367883832452,-0.3088792377937245,-0.32222118975924796,1.4356338248728697
3,1,-0.467951711895796,0.17433630258848526,-0.46078197030700135,-0.44905083437484083,0.6893901316822331
3,1,0.4339523503193012,-1.1149799727799063,0.38077420257207223,0.2535979500431137,0.8363059935536966
3,2,-0.46605574134092637,-1.1149799727799063,-0.4590128622708025,-0.4475737355774372,1.4159634837322297
3,3,-0.4433352466066219,-1.1149799727799063,-0.4378126333338951,-0.42987281962056223,0.8440166208610345
3,1,-0.4414049015147801,-0.46867421675097315,-0.43601145081771986,-0.4283689405616759,0.7600866630192273
3,2,-0.47049650183601477,-0.46867421675097315,-0.46315648415275495,-0.4510334106077299,0.9657156153285816
3,0,-0.3892525200273023,-0.1543086365751055,-0.38734867123899125,-0.3877384467077319,0.8990520873789979
3,1,0.08692850913417827,-0.6605668333013719,0.08014768070215576,-0.13521584111036083,1.6557488152973507
3,2,-0.18377096952142818,-0.6605668333013719,-0.18369260648927477,-0.28859370232930165,1.9770626875590844
3,0,-0.18774659956311232,-0.005913144325770108,-0.18756749896108224,-0.2908462875053782,0.8353089870432004
3,2,-0.24014413595145823,-0.005913144325770108,-0.23863734629689018,-0.32053464192814607,1.5610060173886207
3,3,-0.2756358453751933,-0.005913144325770108,-0.2732297395064333,-0.3406441837324071,1.4367837610083265
3,1,-0.3625282296150822,-0.3947510736837618,-0.35792037772434926,-0.38987725989907435,0.9035431589166085
3,1,-0.015120897501863852,-0.6414544605024197,-0.019315919627947018,-0.19303686022067582,0.8759588134969672
3,1,-0.45578420001193864,-1.2761170468952097,-0.44881335666179706,-0.44271593308899937,0.6827811383107671
3,1,-0.1481610976268514,-0.5603916379413468,-0.14898504490040207,-0.26841720987133383,1.1949320595728787
3,1,0.43371387696905694,-0.9503279795291635,0.4181459343291777,0.06127215467261791,0.7572950003836971
3,1,0.14289455214194452,-0.3826685391556886,0.1346956130937174,-0.10350557694565125,1.2015770797681944
3,2,-0.3774500012738323,-0.3826685391556886,-0.37246405006314354,-0.3983319101776152,1.30432479825264
3,3,-0.4558669137415278,-0.3826685391556886,-0.44889397452732777,-0.4427627985465941,0.8811542984595674
3,1,-0.45227047781081764,3.401141910144904,-0.4453886678546416,-0.4407250641046853,0.9180035497637398
3,1,-0.40383245839995013,0.179498840068662,-0.3981780082116417,-0.4132801652233977,1.0420419371797154
3,2,-0.4689722059621564,0.179498840068662,-0.4616671947802462,-0.4501882346849714,1.0681530811834012
3,1,-0.30623025748467875,-1.1845094669278182,-0.3030489268853981,-0.3579789252616796,1.5175053552947404
3,1,-0.46830297669548004,1.3468913579264972,-0.46101492295913404,-0.449809050528069,0.6906440503418267
3,1,0.4017648932620131,-1.02447080504234,0.3870064985289891,0.0431699151949444,0.8587844314110247
3,2,-0.46668737345778943,-1.02447080504234,-0.4594402571181186,-0.4488936524992067,1.3297240096314962
3,3,-0.4470262125140055,-1.02447080504234,-0.44027728578294095,-0.4377536723647215,0.8881851590150991
3,1,-0.44050579253210254,0.3500822593604589,-0.4339220852144807,-0.43405921356472565,0.7992381986358982
3,3,-0.4704954276317344,0.3500822593604589,-0.4631518198883314,-0.4510512894754812,0.9695154932378751
3,0,-0.38859238927088086,-0.17671624606353198,-0.38332410369988534,-0.4046451681430402,0.8617385444267905
3,0,-0.20741098311973744,-0.4480240668302663,-0.18819763559863226,-0.3672250768195813,0.9526734135462519
3,2,-0.2490116922859901,-0.4480240668302663,-0.23167428805832574,-0.38048370278258553,1.431838522002016
3,3,-0.2673290236750195,-0.4480240668302663,-0.2508176215915892,-0.38632164762523147,1.4359684882884092
3,1,-0.36383446202002356,-0.5356773627702881,-0.3516748782943135,-0.41707904421908953,0.8170840818397868
3,1,-0.020599339331798742,-0.9440670298191619,0.007038096560014602,-0.30768605067895105,0.9075862911095096
3,1,-0.45794120220694046,-0.9775686028288193,-0.4500252698914914,-0.4470719480359345,0.7665008999794327
3,1,-0.15077356243673407,-0.2729371573961877,-0.12900620582257577,-0.3491740774160798,1.1951842983937395
3,1,0.4174847987010851,-0.7805134487982439,0.464877210498509,-0.1680635816654893,0.8045096484134061
3,1,0.12033626225397731,-0.607183998931885,0.15432905126117366,-0.26276824846483265,1.0960163294130216
3,2,-0.37830936469813586,-0.607183998931885,-0.3668025125519211,-0.4216923627010655,1.2188220071761418
3,3,-0.4603785717191213,-0.607183998931885,-0.4525725501980229,-0.4478487658196527,0.8675205675047257
3,1,-0.45126931942150406,-0.5171141960862485,-0.44305252507709425,-0.4449455420180085,1.002264533568659
3,2,-0.46816655275187186,-0.5171141960862485,-0.4607117226186281,-0.4503308852255396,0.9033180606601663
3,1,-0.402693801862748,-0.07104898955438278,-0.39228654206195396,-0.4294639641512217,1.0305929691969962
3,2,-0.4692944672462702,-0.07104898955438278,-0.4618904993140261,-0.4506903645877715,1.0681530811834012
3,1,-0.3083786660454375,-1.004260020013563,-0.2937183574372454,-0.3994046422426882,1.4859656467810087
3,1,-0.4683352028238914,0.24408547918236229,-0.4608879778007019,-0.45038463594922573,0.688134638736401
3,1,0.3563314232233668,-0.7842480503796484,0.4009661830490347,-0.18755386796310777,0.8615239195915881
3,2,-0.46669811550059326,-0.7842480503796484,-0.45917706762566707,-0.44986287733204344,1.293654525944638
3,3,-0.44322138095290164,-0.7842480503796484,-0.43464167269431164,-0.4423805711781596,0.9186328146558314
3,1,-0.4418163217541654,-0.26568763667934364,-0.4331732537251873,-0.4419327626012079,0.787407858921152
3,3,-0.4704846855889306,-0.26568763667934364,-0.4631343893887889,-0.4510697009052505,0.9282193027394289
3,0,-0.39225858402755887,-0.3409288744223448,-0.3813807583220329,-0.4261381398349506,0.7295594667522075
3,0,-0.21823144283599905,-0.7867743985082456,-0.1759427618973238,-0.2991825568553195,1.0154213557521288
3,2,-0.24582130557326332,-0.7867743985082456,-0.20735295468017442,-0.3157919489159107,1.2573239798229305
3,3,-0.2594518836869974,-0.7867743985082456,-0.22287094004933777,-0.32399770253126825,1.33697280578718
3,1,-0.3613143787782535,-0.7125217317720867,-0.33883819362458284,-0.38532001258957777,0.8807786887426681
3,1,-0.028333610150530358,-1.0847736364597234,0.04024996042600335,-0.18486203324251352,0.6971392018294827
3,1,-0.4574792943663773,-1.331916388170311,-0.4483189317614133,-0.44321231893003266,0.6629743011516053
3,1,-0.1588505044209067,-0.6982423727843639,-0.10833942725929233,-0.2634345976699349,1.1249295969854831
3,1,0.25235596831260443,-0.6625439753150567,0.35980623570083864,-0.01588390890703315,1.0895590861516145
3,2,-0.3616591983522553,-0.6625439753150567,-0.33923075988697554,-0.3855275976562126,1.094436917257629
3,3,-0.44899200634709974,-0.6625439753150567,-0.4386564207359771,-0.4381028808880325,0.8536641073369469
3,1,-0.45092557405178263,-0.6734182563903225,-0.44085772688023545,-0.43926690929906914,0.9953072723566504
3,2,-0.4560817545976037,-0.6734182563903225,-0.4467278765982577,-0.4423709850618334,0.9833261330856251
3,1,-0.40280122229078597,-0.4170488419492059,-0.38606966284536126,-0.4102955355132692,0.7116120148805962
3,2,-0.46521249098082856,-0.4170488419492059,-0.45712293339058874,-0.4478677858917285,0.9202827531436926
3,1,-0.3212691174099902,-1.3557519335575101,-0.2932479204291347,-0.36121233751455906,1.501667086978695
3,1,-0.46841576814491986,0.4378453965234633,-0.46076976390291,-0.4497961929593458,0.6931471805599453
3,1,0.25429812965153037,-1.120142510260083,0.36201732574189893,-0.014714707036391933,0.8883026953339863
3,2,-0.4656035013388866,-1.120142510260083,-0.45756808641087204,-0.44810317830373814,1.3942831984622353
3,3,-0.43917700183727326,-1.120142510260083,-0.42748234615815023,-0.43219414333712064,0.9013124485580964
3,1,-0.44254355805198226,-0.8323585060459762,-0.4313150647448756,-0.43422084613722545,0.8047573570404484
3,2,-0.4705158375130616,-0.8323585060459762,-0.4631606269651462,-0.45106045715022164,0.9555114450274363
3,0,-0.40565001204235207,-0.6694639723629531,-0.38931292056456857,-0.41201053737219645,0.6667604255578734
3,0,-0.43155767087654223,-0.31676380536619847,-0.4188079770019144,-0.4276072247151858,1.0784095813505903
3,2,-0.44524840442997754,-0.31676380536619847,-0.4343944474511214,-0.43584919254777554,1.5331457385244072
3,3,-0.4299775163801042,-0.31676380536619847,-0.4170090207029122,-0.4266559548303887,1.3641389681950078
3,4,0.40216020043719275,-0.7705178975068379,0.5303536520181419,0.0742998389204783,0.7300575345800424
3,0,-0.2187191315792913,-1.072471419485685,-0.1575623401570123,-0.2370423076174641,1.0684243412962664
3,2,-0.2152204482380956,-1.072471419485685,-0.15331616135911402,-0.23406878562942782,1.5338265483220308
3,3,-0.2756014708382212,-1.072471419485685,-0.2265976198269862,-0.2853864616955984,1.552896160536734
3,1,-0.3579413773378622,-0.3542196624032255,-0.3265294887912156,-0.35536693680365944,1.0057250970223643
3,1,-0.016732203922432937,-0.5471008499604665,0.08757919625195187,-0.06537413644816459,0.990518997563748
3,2,-0.3524210415409925,-0.5471008499604665,-0.319829730473009,-0.3506752175845872,1.0585912552373071
3,3,-0.4351347711302056,-0.5471008499604665,-0.42021529001803937,-0.4209734039766017,1.099028868553326
3,1,-0.4602045506256998,-1.0614872971874367,-0.4506412405201422,-0.44228014519759956,0.5974619304255374
3,1,-0.1680188379539448,-0.313907933568654,-0.09602990328160521,-0.19395225824953807,1.279080276719977
3,1,0.4294546569973527,-0.8230220020924651,0.6290941041766913,0.31383893096377197,0.8633961561196307
3,1,0.3142301348624573,-0.23789780726477536,0.4892518052886253,0.21590990546585717,1.17272026089326
3,2,-0.32277300340252135,-0.23789780726477536,-0.28384737406466043,-0.32547742609861835,1.2567549897649053
3,3,-0.4466287569302651,-0.23789780726477536,-0.434164971669102,-0.4307421129947128,0.8153648132841945
3,1,-0.45068924911009917,0.609527228045085,-0.4390929900467671,-0.43419311487213896,1.007957920399979
3,2,-0.46644782590326483,0.609527228045085,-0.4582183947029437,-0.44758628882500723,1.115505822967189
3,1,-0.4612153768535368,1.2446291793298045,-0.4518680302802964,-0.4431392438131176,0.9636513032339927
3,2,-0.47027843836709776,1.2446291793298045,-0.4628674194475875,-0.4508419165220712,1.2125360349864238
3,1,-0.40244673487826077,0.1825743943121715,-0.3805434383692695,-0.39319192589986146,1.0845748289310584
3,2,-0.46521249098082856,0.1825743943121715,-0.45671912985259583,-0.44653638084642516,1.084062507766118
3,1,-0.32771434309226655,-1.3322459118392587,-0.2898444334660519,-0.3296770580129465,1.5498809023548907
3,1,-0.22299124200236012,-0.5606113203873119,-0.1627471891220848,-0.24067316329643862,1.7098002436929522
3,1,-0.467252404909269,0.8158090448061892,-0.4591948724185181,-0.44827009845627497,0.8469406537393619
3,1,0.3007230902409669,-0.9479114726235488,0.47285897409971706,0.20443030292438713,0.8792760345576855
3,2,-0.4646839824748819,-0.9479114726235488,-0.45607770523836005,-0.446087202824284,1.3865943161288885
3,3,-0.4381382462981464,-0.9479114726235488,-0.4238604591672329,-0.4235260498097455,0.9039289242025673
3,1,-0.4424468796667481,-0.2049454403700303,-0.42908963422353313,-0.42718794624634776,0.8696828002223815
3,2,-0.4705147633087812,-0.2049454403700303,-0.46315423533200195,-0.4510427684831912,1.0635606507242656
3,1,-0.1394976401055916,-0.27853905976829424,-0.06141513715848703,-0.16971216543272793,0.9429326628205762
3,0,-0.4358920851478731,-0.559732590603452,-0.42113440455673085,-0.42161704321564547,1.2394884373312152
3,2,-0.45207604683606895,-0.559732590603452,-0.4407760778048533,-0.43537175069852974,1.4432759917651665
3,3,-0.4285563441171622,-0.559732590603452,-0.41223137876279564,-0.4153824157497875,1.3567443824294185
3,0,-0.18706233143651063,-0.5585243371506449,-0.11622124426561771,-0.11977580308098745,1.2244905970068483
3,2,-0.2132192056637488,-0.5585243371506449,-0.14823601311827503,-0.15034296091394378,1.652835411046542
3,3,-0.26292800873830513,-0.5585243371506449,-0.20907722168733942,-0.2084331140441308,1.63494320290745
3,1,-0.3551763755201657,-0.3326907826986586,-0.32198483113254683,-0.31623538287628505,0.933184266369884
3,1,-0.054866455875901304,-0.7854563038324557,0.045580214218300996,0.03470948281449246,0.9025974047421526
3,2,-0.35661043823447214,-0.7854563038324557,-0.32374005562611136,-0.31791124142688043,1.107361778668407
3,3,-0.4460916547900754,-0.7854563038324557,-0.43326080492493496,-0.42247979368500205,1.0270651374272124
3,1,-0.4587189261059351,-1.2456460930733106,-0.44871598389261413,-0.43723613620354007,0.7631395523799803
3,1,-0.15880538784113077,-0.5462221201766067,-0.08163609048043698,-0.08675448534809564,1.2340169256743128
3,1,0.441302056005657,-0.827086127342817,0.6528668527501902,0.6145364561243705,0.7473647662617654
3,1,0.3202456788325819,-0.4739515877377171,0.5046996098383394,0.47306888795898305,1.1319993047486079
3,2,-0.3457609750026403,-0.4739515877377171,-0.3104608291204917,-0.3052324613811778,1.2965519857101868
3,3,-0.44383582580127867,-0.4739515877377171,-0.43049977763168734,-0.4198436116953015,0.8379687652428813
3,1,-0.4490994267751377,-0.07910924284599934,-0.43694217464926516,-0.42599470300460274,0.9920164425259
3,2,-0.4653736216228854,-0.07910924284599934,-0.45686101440769467,-0.4450128730731567,1.149516618635474
3,1,-0.4633906405213051,0.915809492666159,-0.4544339399394398,-0.44269554357173424,0.8415671856782186
3,2,-0.4703590036881262,0.915809492666159,-0.462962884725772,-0.45083883527039487,0.8444366282494379
3,1,-0.40237154057863417,-0.06725447507790275,-0.37974946643199237,-0.37138807607509144,1.0833448166911674
3,2,-0.46519100689522097,-0.06725447507790275,-0.45663750267443176,-0.4447994678644666,1.084062507766118
3,1,-0.33523377305492225,-0.9889920900189976,-0.297576035085336,-0.29293027876257527,1.678794354168046
3,1,-0.46656276576126543,0.7579327059600014,-0.45831647022370664,-0.44640251757915594,0.849081982180705
3,1,0.3299317788287629,-0.9096867270256446,0.5165549348116456,0.48438815129285434,0.9303325279890685
3,2,-0.4610617656414426,-0.9096867270256446,-0.451583507952887,-0.43997399949855764,1.2152550733001253
3,3,-0.4347910257604842,-0.9096867270256446,-0.4194293729606658,-0.40927377724135927,0.9806038178531302
3,1,-0.44322138095290164,-0.04490677848455176,-0.42974772638800274,-0.41912556593429734,0.8628899551470398
3,3,-0.4705330247815477,-0.04490677848455176,-0.46317587825982254,-0.45104219788102895,1.0554727958914827
3,0,-0.3997601499730319,-0.25360510215127047,-0.3765532486463328,-0.3683363815908238,0.8528183089185815
3,0,-0.43400470822724646,0.08887983110811312,-0.41846695773273374,-0.4083548795192351,1.110959983480501
3,2,-0.44629145678622595,0.08887983110811312,-0.43350535305662263,-0.4227132840898041,1.4922910379592764
3,3,-0.4263563737509452,0.08887983110811312,-0.40910576043372265,-0.3994169672493933,1.323236225271097
3,0,-0.19017430123676973,-0.7485496529103413,-0.15428533953108206,-0.14327240128035607,1.541911147259301
3,2,-0.21026514389270548,-0.7485496529103413,-0.17642124829141242,-0.16532781057840001,1.4326325421102302
3,3,-0.2665265930775761,-0.7485496529103413,-0.23840960424084828,-0.22709073962641657,1.8077569506074433
3,1,-0.34507455846747787,-0.2622825587668867,-0.3249530422119157,-0.3133194536664942,1.0454979740713573
3,1,-0.0696904749451369,-1.2576637214341522,-0.021537349237150227,-0.011007162426807897,0.9835339254604075
3,2,-0.38400264738414663,-1.2576637214341522,-0.367843658560395,-0.35605409396761256,1.0501220795076758
3,3,-0.4662866952612079,-1.2576637214341522,-0.45850347843107364,-0.4463842202698191,0.9987919533858988
3,1,-0.45997252250113785,-1.4253912689284047,-0.45154657998198944,-0.43945262128281687,0.8046885552928528
3,1,-0.17413213451358392,-0.626735736622767,-0.1366102253019866,-0.12566156438483184,1.2520484275574992
3,1,0.44734338087851067,-0.6108087592903069,0.548125877662527,0.5565844267575976,1.187905640582412
3,1,0.2693283959425988,-0.6614455630852318,0.35199057701854375,0.36116239189403265,1.0387806216923698
3,2,-0.34060479445681924,-0.6614455630852318,-0.3200282966442669,-0.30841261743224513,0.9802040576178078
3,3,-0.45758564059013485,-0.6614455630852318,-0.4489167350766024,-0.4368323400733717,0.7535103300778309
3,1,-0.45700557027873,-0.47109072365658783,-0.44827761885297096,-0.43619554806027516,1.0982418497307447
3,2,-0.4632789232761456,-0.47109072365658783,-0.4551895424566885,-0.4430823357574669,1.3341234888787774
3,1,-0.46414344288099496,0.4883723590954055,-0.4561420623396118,-0.4440313917058744,0.8649974374866045
3,2,-0.4703901556122572,0.4883723590954055,-0.46302463393898474,-0.45088893414024245,1.1069110914828049
3,1,-0.4023393144502228,-0.3393910973005902,-0.38804683251852146,-0.376183797048274,1.0836524613636447
3,2,-0.4650621023815754,-0.3393910973005902,-0.45715423307007397,-0.4450398815755043,1.085189268335969
3,1,-0.3298627516530253,-1.3913404898038348,-0.3081928110214629,-0.29662017274527297,1.5068513236589993
3,1,-0.15793420816974307,-0.987234630451278,-0.11876349653136045,-0.1078797370413466,1.5036804926869325
3,1,-0.46634255388378765,0.3038391044848334,-0.4585650229563122,-0.4464455409821913,0.8404890184578732
3,1,0.27930667950304294,-0.943847347373197,0.3629845596135664,0.37211639376376104,0.9920164425259
3,2,-0.46278371510289074,-0.943847347373197,-0.4546439265694773,-0.4425387040573975,1.4131056185282194
3,3,-0.43766022539337757,-0.943847347373197,-0.4269630927948632,-0.41495853442350705,1.0472058015587151
3,1,-0.44255107748194494,-0.32489205586690234,-0.43235178939892593,-0.42032763448948546,0.8703273379823473
3,3,-0.47052872796442613,-0.32489205586690234,-0.46317731170351895,-0.4510410566767044,0.8974476439368057
3,0,-0.3700498079862987,-0.553142117224503,-0.35247054628493496,-0.34073688756370446,0.8620105251018553
3,0,-0.4269837090506868,-0.04347884258577952,-0.4151998036343584,-0.4032380236491254,1.2113455586553492
3,2,-0.4343731602954166,-0.04347884258577952,-0.4233414341942852,-0.4113500463492936,1.513844359223324
3,3,-0.4182536508640435,-0.04347884258577952,-0.40558110446870554,-0.3936543038520232,1.3542588833654368
3,0,-0.17348331512823476,-0.5884011498018802,-0.14959251038269686,-0.1670334165217219,1.3696017576023718
3,2,-0.18753175870703642,-0.5884011498018802,-0.1644232860167036,-0.18046561966248956,1.6448618341961743
3,3,-0.2640537748241427,-0.5884011498018802,-0.24520667285445436,-0.2536309677994927,1.7179771543243056
3,1,-0.3379944780554973,-0.20571432893090774,-0.323264998226498,-0.32432823334380084,1.092420318258698
3,2,-0.470548063641473,-0.20571432893090774,-0.4632002498635625,-0.45106730437616893,1.5151272329628591
3,3,-0.4704470884391173,-0.20571432893090774,-0.46309365153739673,-0.4509707584903124,1.0402767116551463
3,1,-0.11272846943853719,-0.6580404851727748,-0.08545433877326471,-0.10894360575283224,0.8522854018982426
3,2,-0.37095428799037816,-0.6580404851727748,-0.35806027952166763,-0.3558422484048327,1.1380619134396401
3,3,-0.4635571421847639,-0.6580404851727748,-0.45582001681369894,-0.4443830424064399,1.0626396282092923
3,1,-0.4619898781396904,-1.2668903841646808,-0.4541654747086358,-0.44288452700787895,1.4350845252893227
3,1,-0.1569588306831586,-0.42693455201762937,-0.13214780770813456,-0.15123378500968415,1.2049723047589196
3,1,0.4442507467552984,-0.16935688412370553,0.5025420282789307,0.42360350063198254,0.9326364104102411
3,1,0.3315248237765655,-0.21505083288441884,0.3835386054902312,0.3158223440798324,1.2876887573657685
3,2,-0.28625005786962204,-0.21505083288441884,-0.2686390261902459,-0.2748536022617715,1.2460260405569354
3,3,-0.44029095167602667,-0.21505083288441884,-0.4312581748304483,-0.42213743238763834,0.8179426087092662
3,1,-0.4495398505300932,-0.19418100051774695,-0.4410221278973391,-0.43098062469854287,1.1589754384998028
3,2,-0.46380528337353155,-0.19418100051774695,-0.4560819765301277,-0.44462029878551296,1.2263863991954305
3,1,-0.4645486327355541,0.2671521360086838,-0.45686672165466763,-0.44533104083884,0.9769153536905899
3,2,-0.4703955266336591,0.2671521360086838,-0.46303921834956735,-0.450921458463492,0.8889195350780231
3,1,-0.4022963462790076,-0.27974731322110147,-0.3911477195486912,-0.3858094751243753,1.0885619528146082
3,2,-0.46498690808194887,-0.27974731322110147,-0.45732940375121717,-0.44575009106681324,1.0891229627591645
3,1,-0.3309369559334047,-1.119263780476223,-0.3158144556423548,-0.3175802921727622,1.654684390109129
3,1,0.12334081162619846,-0.28216382012671615,0.1637612075549652,0.1167704045408968,1.6138725094577182
3,2,-0.25861937536970336,-0.28216382012671615,-0.23946964166218945,-0.2484349503894037,1.8393143027541774
3,1,-0.4656969571112796,0.48101299715557927,-0.45807899410861724,-0.44642899351948545,0.8301880328207433
3,1,0.27655349393243056,-0.6704525433697954,0.32550602280172,0.2632623529859613,0.9939922395380071
3,2,-0.45616983934859484,-0.6704525433697954,-0.4480213286323972,-0.43731978648052927,1.5167083998418236
3,3,-0.4082775157121601,-0.6704525433697954,-0.39746196933689665,-0.39152827823553876,1.0441128752570048
3,1,-0.4453031888482769,0.14259218914654767,-0.43654953429736026,-0.42692980582813544,0.8805838378931193
3,3,-0.47053195057726727,0.14259218914654767,-0.46318323949236584,-0.45105189811778756,1.233288858659989
3,0,-0.37835877809503327,-0.38662282318305813,-0.3658771120989125,-0.3629219376730168,0.9033743400759948
3,0,-0.42363971112586574,0.36721749014572647,-0.41367965723580546,-0.40621660497633383,1.3264853788603075
3,2,-0.42023663196562383,0.36721749014572647,-0.4100870668390679,-0.40296280320618916,1.510905881296259
3,3,-0.41329190129297105,0.36721749014572647,-0.4027555968533015,-0.39632270584382007,1.3830948034900823
3,0,-0.17258205773699645,-0.5981770186473213,-0.13455399835212944,-0.10285402535662397,1.3130160042402321
3,2,-0.20018910774274679,-0.5981770186473213,-0.16500346929191406,-0.13511587161153063,1.451544944774514
3,3,-0.2800347119033469,-0.5981770186473213,-0.25306997415394483,-0.22842416079935993,1.6071108825991236
3,1,-0.3362284862185536,-0.36344632513375397,-0.31504945757036557,-0.2940927094875575,1.0308091851978411
3,1,-0.1388821210529342,-1.0983939481095513,-0.0973843173278912,-0.06347197708001186,0.8792494601560701
3,2,-0.3850081025905817,-1.0983939481095513,-0.36885142159276324,-0.3510970067029393,1.0883514929590488
3,3,-0.4642564491712909,-1.0983939481095513,-0.45625917525469595,-0.4437073353258764,1.046566831828168
3,1,-0.460915673859311,-1.4326407896452487,-0.452574433829687,-0.4398032753316056,1.0986122886681098
3,1,-0.1599193376798842,-0.643321761293122,-0.12058752506659706,-0.08805625712110489,1.0935997468445655
3,1,0.7443415287263654,-0.7846874152715783,0.8767760095336727,0.9686711020226856,1.1291612878814203
3,1,0.38931701406097674,-0.6634227050989164,0.485198182856676,0.5537862698340998,1.0152306797290584
3,2,-0.2129893259477476,-0.6634227050989164,-0.17912159752998696,-0.15007432141594573,1.0046200804575345
3,3,-0.4320195787171054,-0.6634227050989164,-0.4207031977098346,-0.4060350393682986,0.8066787671560897
3,1,-0.4495398505300932,-0.6789103175394466,-0.44002735611558896,-0.42650938615497286,1.1738571802839026
3,2,-0.46349376413222154,-0.6789103175394466,-0.4554179641898225,-0.44281605474840624,1.2043060819827673
3,1,-0.4646184560137787,0.4660745908299616,-0.4566584543094316,-0.4441303797689855,0.9778560875323099
3,2,-0.47043097537491163,0.4660745908299616,-0.46306943046722054,-0.4509229420291139,1.172482137234565
3,1,-0.40226412015059626,-0.29907936846601874,-0.3878841181366037,-0.3712625435993914,1.0897855688742086
3,2,-0.4649761660391451,-0.29907936846601874,-0.4570529941469004,-0.4445484029130666,1.0902440389975931
3,1,-0.33523377305492225,-1.343230034137507,-0.31395232877307994,-0.29293027876257527,1.5930181283822524
3,1,0.09000610439746522,-0.9437375061502145,0.15507023206652473,0.2040088561673325,1.3700520551313986
3,2,-0.28839202120469853,-0.9437375061502145,-0.2622877517380508,-0.23819058740882193,1.7906477403197472
3,1,-0.46572918323969104,0.45047713716644894,-0.45788354197292336,-0.44542838556772374,0.8367062525313127
3,1,0.21983550792839876,-1.086531096027443,0.2982668665899997,0.35572866162314076,0.9909468164154054
3,2,-0.45914001418384387,-1.086531096027443,-0.4506159522941436,-0.43772822350828416,1.2366819788324228
3,3,-0.4035810945983414,-1.086531096027443,-0.38933668822890627,-0.37280157175147377,1.0240002107564796
3,1,-0.4450636412937523,-0.3494964898149785,-0.43509027652780363,-0.4212784478925528,1.0375548807966324
3,3,-0.4705448410286318,-0.3494964898149785,-0.46319501972479316,-0.4510560064533559,1.1647120903726333
3,0,-0.3561549756195913,-0.49316880947606717,-0.3370275776455798,-0.3173789837299123,0.9992522525885024
3,0,-0.4217985249892955,-0.13409785154632842,-0.40942978463621393,-0.3940906243054412,1.4745722968727333
3,2,-0.4156991930853013,-0.13409785154632842,-0.40270246572585994,-0.38696289033519365,1.4885876776530165
3,3,-0.4111918319248294,-0.13409785154632842,-0.3977310268128897,-0.3816955476548206,1.4215006167740596
3,0,-0.17979641368402444,-0.8035801056245655,-0.12774531628598298,-0.11128478642463771,1.3337537517899631
3,2,-0.20205177796492466,-0.8035801056245655,-0.15342219341851085,-0.1372926047401691,1.5774007474331349
3,3,-0.27263666702437406,-0.8035801056245655,-0.23485871815551598,-0.21977873919789914,1.5179743788508009
3,1,-0.3348513563311072,-0.5157961014104586,-0.30663821872915314,-0.2924833831490832,1.0055218654801465
3,1,-0.1509132089931834,-1.1217901286048202,-0.09442164255592175,-0.07753161435841475,0.9110040547905315
3,2,-0.3757194581781411,-1.1217901286048202,-0.35378933324344136,-0.340242213529158,1.1235371624138522
3,3,-0.4641146542062808,-1.1217901286048202,-0.4557743000529106,-0.4435416324579524,1.1207888042305365
3,1,-0.464353127556525,-1.2947900548022317,-0.45604943600828374,-0.44382031455400645,1.3686394258811698
3,1,-0.16893513420510842,-0.420014554969733,-0.1152142368050008,-0.09859219780660806,1.3528237509721208
3,1,0.7110411960346043,-0.6644112761057588,0.9000485926823221,0.9297560345556775,1.1234403935424018
3,1,0.37707108526465166,-0.8017128048338632,0.5147343200448615,0.5394755676042968,0.7888360763695828
3,2,-0.20343964989517482,-0.8017128048338632,-0.15502343510473662,-0.13891448432621342,0.9398625722436709
3,3,-0.4393241678236852,-0.8017128048338632,-0.42717255420560496,-0.41457124771590037,0.8555247958733413
3,1,-0.4494002039736439,-0.30369269983128305,-0.43879766799569625,-0.4263461939365628,1.1902118891434894
3,2,-0.46306408242006974,-0.30369269983128305,-0.45456221462788826,-0.4423139248456061,1.2419106436021432
3,1,-0.4644906257044136,0.7746185861877579,-0.4562080729555259,-0.4439809961229025,1.080533175268204
3,2,-0.4703633005052477,0.7746185861877579,-0.4629836056943777,-0.4508438565694229,1.2725655957915476
3,1,-0.4022211519793811,-0.3265396742116396,-0.3843653654732219,-0.37121233060911146,1.091312986125448
3,2,-0.4649224558251261,-0.3265396742116396,-0.4567062921179584,-0.44448563667521657,1.092482428404367
3,1,-0.3470500201390956,-1.2005462854832607,-0.32071229039229565,-0.3067388510895781,1.5600860520328719
3,1,0.01743608582787472,-0.9420898878054772,0.09980946972372712,0.11920288155866597,1.382118989625728
3,2,-0.343305344017693,-0.9420898878054772,-0.31639191228224683,-0.30236278898667523,1.7332275635799286
3,1,-0.46270529819042305,0.8005411148116239,-0.45414827134367824,-0.441894646376768,0.8691991243403046
3,2,-0.4690667359388298,0.8005411148116239,-0.4614877088559299,-0.44932867958772355,0.9011770940641068
3,1,0.17934874860089953,-1.1081698169549923,0.2866143899106013,0.30841547153180104,0.9708294208071365
3,2,-0.45917546292509637,-1.1081698169549923,-0.45007576346369527,-0.4377696492252652,1.151328483186287
3,3,-0.3765433728611921,-1.1081698169549923,-0.3547399155757441,-0.3412050476177772,1.047934378927668
3,1,-0.44681889108789224,-0.39321329656200715,-0.43581950718145435,-0.4233296485454912,0.9528451717547678
3,3,-0.4705373215986692,-0.39321329656200715,-0.463184380580731,-0.4510472191800569,0.8415671856782186
3,0,-0.3430314219261963,-0.5711560777936304,-0.3160758777389128,-0.30204268117364014,0.7576857015412665
3,0,-0.421562200047612,0.1223814041177706,-0.40667988293490565,-0.3938144528589011,1.2926174620860733
3,2,-0.4145852432465479,0.1223814041177706,-0.39863029721351523,-0.3856611185621844,1.5260563034950492
3,3,-0.4111241570551655,0.1223814041177706,-0.39463710780715333,-0.38161646219512957,1.4538231983648542
3,1,-0.41655103707964214,1.4588195641456474,-0.4027379743802987,-0.3841315243658517,0.9493385859203555
3,0,-0.2112168888851216,-0.4393466102146502,-0.1728270930676699,-0.12963344995612483,1.2752117999064612
3,2,-0.16456097437540354,-0.4393466102146502,-0.12058686650187653,-0.07180653462346637,1.9541874854766792
3,3,-0.2615680661193448,-0.4393466102146502,-0.22920487355297908,-0.1920403986446267,1.7158978235951616
3,1,-0.34109140899583107,-0.3368647491719929,-0.31824647723372146,-0.2906043141484304,1.2085180148887356
3,1,-0.1253568149586773,-0.9831705052009261,-0.07669030608133925,-0.023215576090076958,1.0258786632056358
3,2,-0.34472007105495267,-0.9831705052009261,-0.3223094589605018,-0.2951018003914649,1.1505720275988207
3,3,-0.4584331877673542,-0.9831705052009261,-0.4496330586151827,-0.4360416756771822,1.1253933112066696
3,1,-0.4638160254163353,-1.1543031306076352,-0.45566017567643086,-0.4427133463591971,1.4188153305469813
3,1,-0.1885028393764994,-0.25448383193513024,-0.14739436701297184,-0.10148089027318645,1.129518618508718
3,1,0.8872106980168243,-0.6120170127431142,1.05707283728142,1.2317947791187702,1.2467823875624238
3,1,0.23659739151943876,-0.49921007674010376,0.32858670866713874,0.42540268532991715,1.22772300498565
3,2,-0.10009582710127556,-0.49921007674010376,-0.04840579504316098,0.008093744955275596,1.2913948113205242
3,3,-0.4166584575076801,-0.49921007674010376,-0.4028582521105171,-0.384264664870382,1.0559831066121506
3,1,-0.44937871988803635,0.47694887190522733,-0.43949484873506683,-0.4248192625503207,1.1321187004863191
3,2,-0.462999630163247,0.47694887190522733,-0.4547460649267704,-0.4417014785247666,1.2273637570513862
3,1,-0.46469579872196604,1.1217168508124058,-0.4566452502869202,-0.4438037670913005,0.9802040576178078
3,2,-0.47026339950717244,1.1217168508124058,-0.4628792450441441,-0.45070443944110755,1.0043016091968684
3,1,-0.4021996678937735,0.38907589351924055,-0.3866688696231094,-0.3663439529605995,1.091923300517313
3,2,-0.46489022969671473,0.38907589351924055,-0.4568629529786157,-0.44404475140450045,1.0913638598313622
3,1,-0.3459758158587162,-1.0651120575458588,-0.32371550562675583,-0.2966582128894245,1.5262235136450877
3,1,0.21304761108068138,-0.7282290266585818,0.3022182218713409,0.39621429252173285,1.4596222671189636
3,2,-0.2928940113437686,-0.7282290266585818,-0.2642802652392929,-0.23086683257576165,2.036229540633588
3,1,-0.45748251697921843,0.9553073979939433,-0.4485686007027491,-0.4348633822120888,0.8686748779324918
3,2,-0.46789800168177703,0.9553073979939433,-0.46023072942473314,-0.4477726855313497,0.9400072584914712
3,1,0.3106111406418592,-0.703295069041558,0.4114592679573984,0.5171378243563601,1.0071576802202065
3,2,-0.4573493156484514,-0.703295069041558,-0.4484194563172782,-0.4346982879864712,1.292085426472469
3,3,-0.39868809410121325,-0.703295069041558,-0.38273699062226724,-0.36199158986750296,1.0594651359558596
3,1,-0.44728187313273576,-0.027112500361389378,-0.43714702744120204,-0.42222035990188866,0.9439058989071284
3,3,-0.47048683399749136,-0.027112500361389378,-0.46312942272299856,-0.45098137169053065,0.9951019122984449
3,0,-0.3366592421349857,-0.33972062096953765,-0.3132838180849069,-0.2851109369315089,1.1322432724547118
3,0,-0.42070713344043,0.20893628782796755,-0.40739151976245175,-0.38928273048613016,1.3306054551711963
3,2,-0.4102014155783196,0.20893628782796755,-0.39562835774708416,-0.37626158914306385,1.5532202325063935
3,3,-0.4052579274800136,0.20893628782796755,-0.39009317660242965,-0.37013446312457804,1.5025948167418672
3,1,-0.41601715755229357,1.2520983824926135,-0.400469731187286,-0.3776728404509412,0.966223100622364
3,0,-0.23077600042226956,-0.5421579949262547,-0.18738593350740876,-0.1283991994389845,1.2917609065613969
3,2,-0.18260545787721655,-0.5421579949262547,-0.13197512577532758,-0.06357750043988815,1.8424822884255727
3,3,-0.2706536859227937,-0.5421579949262547,-0.23325742773032088,-0.18206144174979008,1.677975778395069
3,1,-0.34209041897658393,-0.5284278420534443,-0.31543144677005647,-0.2781917770716442,1.181840799354888
3,1,-0.1453251983266498,-0.8686061096301958,-0.08909146316707482,-0.013410538734301132,0.9844590209264354
3,2,-0.37115731259936985,-0.8686061096301958,-0.3488672348846425,-0.3173062509742946,1.2415438058183064
3,3,-0.4656035013388866,-0.8686061096301958,-0.45750914192520714,-0.4443997420297225,1.108195848968851
3,1,-0.46349376413222154,-1.3054446534315325,-0.4550823010272787,-0.44156072999140594,1.3113013820784605
3,1,-0.16893513420510842,-0.46504945639255124,-0.11625008643365849,-0.04518174320994147,1.3575518923399998
3,1,-0.1649025713365642,-0.483173258184661,-0.1116114098904693,-0.03975524056643839,1.1323425294820344
3,2,-0.4596986004096411,-0.483173258184661,-0.450716705868225,-0.4364536884784874,1.0604872713941322
3,1,0.9436279068223499,-0.8848626106316033,1.1635365528497539,1.451962003833189,1.2671729302120274
3,3,-0.43229887183000404,-0.8848626106316033,-0.419198665754446,-0.3995826701173173,1.513005674818291
3,1,0.27575750856066944,-0.5229357809043201,0.39528200820944237,0.5532282209193969,1.1797195181525804
3,2,-0.11207965005318803,-0.5229357809043201,-0.05084894842675462,0.031327029276827366,1.089838277023471
3,3,-0.43298421416088606,-0.5229357809043201,-0.41998701834756125,-0.40050491537212685,0.8477739373303042
3,1,-0.44930352558840975,0.19158137459673522,-0.4387592010977291,-0.42246533843022444,1.1891975186084636
3,2,-0.46293517790642424,0.19158137459673522,-0.45443975659401864,-0.4408090567429718,1.2315879714561857
3,1,-0.4647033181519287,2.482649603565377,-0.4564736568577611,-0.44318839167936136,0.9834819814144784
3,2,-0.47004082438027783,2.482649603565377,-0.4626134160500356,-0.4503709186732447,0.8576017355254755
3,1,-0.4021781838081659,0.12798330648987716,-0.3845506928532673,-0.3590501357209865,1.092533242652703
3,2,-0.46485800356830337,0.12798330648987716,-0.45665159223927926,-0.4433965473481585,1.092482428404367
3,1,-0.34812422441947494,-1.217132310153616,-0.32237216231163707,-0.28631129368021024,1.558320041185327
3,1,0.0269911329018494,-0.8676175386233533,0.10912484485706125,0.21847053972927286,1.6427437310760902
3,2,-0.29091854967215086,-0.8676175386233533,-0.2565681983715739,-0.2093312798876924,2.034226230060287
3,1,-0.4559786309866873,1.8906054116897906,-0.44643760707518715,-0.4314478337490119,0.886861921183343
3,2,-0.4682847152227136,1.8906054116897906,-0.4605933552048556,-0.4480077736222061,0.9360933591703349
3,1,0.2431790411453233,-1.0473177794226964,0.3578068399588885,0.5093883242299561,1.0895761518089102
3,2,-0.45577238376485446,-1.0473177794226964,-0.4462003598998296,-0.43117029285728237,1.3811054836496275
3,3,-0.42106484346579637,-1.0473177794226964,-0.4062761086716883,-0.3844653646709254,1.1589231357722118
3,1,-0.4482336181251519,-0.1425556257159797,-0.43752848137556166,-0.4210255950543776,1.0537758365682917
3,3,-0.47051261490022045,-0.1425556257159797,-0.46315611896366604,-0.4510057934630759,0.881699287104536
3,0,-0.41022934488960944,0.24650198608797697,-0.39381198232881415,-0.36988434917678176,1.2762445051721212
3,2,-0.34417330107623956,0.24650198608797697,-0.3178273961086936,-0.2809946509730168,1.679088345520029
3,3,-0.3939229239134503,0.24650198608797697,-0.37505462752710617,-0.34794127242441725,1.4950419912734552
3,1,-0.41579909408337656,1.523845568151278,-0.39831359829759627,-0.3831995408341394,0.9779843008453069
3,0,-0.2306954351012411,-0.09246802803596707,-0.17895042721159043,-0.1537758176426097,1.1487903781123898
3,2,-0.1672883790432868,-0.09246802803596707,-0.10380781272959697,-0.07518697203349149,1.8809457668899008
3,3,-0.2946105897838149,-0.09246802803596707,-0.2546951806579558,-0.23299441783815636,1.4850421517003618
3,1,-0.34377691969677954,-0.0989486601919337,-0.31296135486367255,-0.29393282676168864,1.1880692325697475
3,1,-0.13700441197083105,-0.5274392710466018,-0.0679188028277493,-0.03765200099630065,1.0421259177802302
3,2,-0.3678917315870165,-0.5274392710466018,-0.341539404781613,-0.32382153862370255,1.31117373070852
3,3,-0.4672642211563532,-0.5274392710466018,-0.4593040375852495,-0.44698715655462073,1.017040634974298
3,1,-0.4642457071284871,-1.1779189935488692,-0.45572684838887495,-0.4432459083773184,1.436512077280508
3,1,-0.16252320885552385,-0.6078430462697798,-0.09816069127937717,-0.069280859252526,1.2811653000632703
3,1,-0.19650566126532587,-0.4205637610846454,-0.13843271271258337,-0.11139985786069607,1.0358499669317942
3,2,-0.4641984421401504,-0.4205637610846454,-0.45567083546195664,-0.4431873265553251,1.0423203724870815
3,1,0.8793099255346339,-0.5529224347785381,1.136497885212374,1.2220022950105645,1.2031489355392295
3,1,0.28991337256750904,-0.239655266832495,0.4380141404987829,0.49148431194345604,0.9222728035517025
3,2,-0.2542291024757928,-0.239655266832495,-0.20683977273264878,-0.1829442393751145,0.8540879422307178
3,3,-0.45217702203842464,-0.239655266832495,-0.4414244567087083,-0.4282875726933358,0.7008673035750834
3,1,-0.45000175837065637,-0.4489027966141261,-0.4388465890493992,-0.4255914774765966,1.1796801116544324
3,2,-0.4628277574783863,-0.4489027966141261,-0.4540464605813253,-0.4414884537175181,1.215242396551207
3,1,-0.46442509924331044,0.06548365061284418,-0.45593944290695126,-0.4434682530198841,1.0264895241722305
3,2,-0.47012160454216234,0.06548365061284418,-0.46269027362167525,-0.4505286939751275,0.9720407468525435
3,1,-0.40214595767975453,-0.2558019266109201,-0.38213350054459955,-0.3662773827083344,1.092533242652703
3,2,-0.46482577743989195,-0.2558019266109201,-0.4564142797646907,-0.44396486710178223,1.0930412435069226
3,1,-0.35328040496529606,-1.1204720339290304,-0.32422377223745397,-0.305711767197487,1.514302717319062
3,1,-0.012605111077215318,-0.28040636055899654,0.07950467477913802,0.11653269168009396,1.600649406401021
3,2,-0.3451980919597215,-0.28040636055899654,-0.3146455617344211,-0.29569427563662487,1.949681829176167
3,1,-0.4560613447162765,0.6189735732215785,-0.4460277008845412,-0.4331019333371526,0.8361646873948703
3,2,-0.4679377472401511,0.6189735732215785,-0.4601022217938356,-0.4478219475180259,1.139034203167025
3,1,0.2531809571999358,-0.8927711786863421,0.39448318513578345,0.4459569164193095,1.0744561987903505
3,2,-0.45614405844586575,-0.8927711786863421,-0.44612572350664825,-0.4332044515256409,1.335368196437245
3,3,-0.4213688432771437,-0.8927711786863421,-0.40491421252649384,-0.390102875994037,1.1188505508002158
3,1,-0.44773948415617737,-0.2554724029419727,-0.43616560668371773,-0.4227875384511878,1.0188473201992472
3,3,-0.4704567562776407,-0.2554724029419727,-0.4630874561943688,-0.45094409234926214,0.9768212316141874
3,0,-0.4129417106975674,0.4470720592539918,-0.39492736226117053,-0.3796580034136326,1.443776796611931
3,2,-0.360036075684602,0.4470720592539918,-0.3322298017235749,-0.3140849735273995,1.6272778305624314
3,3,-0.35485841105317334,0.4470720592539918,-0.32609384018388615,-0.3076676012090376,1.6038987901823696
3,1,-0.41569167365533866,0.9091740843413002,-0.39435219533253557,-0.37917869759732337,0.9841736542621159
3,0,-0.24574503706935638,-0.45131930351974076,-0.18108087019082922,-0.15650466542346333,1.1988346264698124
3,2,-0.14696013724138723,-0.45131930351974076,-0.057112623960533127,-0.027070906659689628,1.9075497799856158
3,3,-0.2959576419514106,-0.45131930351974076,-0.24409423130900934,-0.22229615985755863,1.6559285157819106
3,1,-0.3304718254800004,-0.20351750447125805,-0.28740715473719536,-0.2675186636263307,1.33716038792991
3,1,-0.14778190351587747,-0.5907078154845125,-0.05814388404215659,-0.028147632939898498,0.9569090694337391
3,2,-0.32842116950875616,-0.5907078154845125,-0.28483372271651664,-0.26483177412447617,1.268689880896537
3,3,-0.46465820157215276,-0.5907078154845125,-0.455801815673352,-0.4433375090444353,1.1597073880279205
3,1,-0.4640845764864302,-1.3771709720390946,-0.4550819556948069,-0.44258591187628954,1.4073861468000863
3,1,-0.16180993721335193,-0.4260558222337696,-0.07574810025904678,-0.04652798391146385,1.2894621902495442
3,1,-0.20297022262464903,-0.513818959396774,-0.12740142385063727,-0.10045859943925839,1.114458297227552
3,2,-0.46237229486350545,-0.513818959396774,-0.45293316017832613,-0.440342380254521,1.0936795074826966
3,1,1.15802081971331,-0.1745194216038823,1.580548606600431,1.6827915385919823,1.0984161911089068
3,3,-0.4480305935161602,-0.1745194216038823,-0.43493531266230645,-0.4215510435655426,1.3266470841869384
3,1,0.3583917470331345,-0.05468264732999289,0.5770691888752265,0.6350707161380833,0.8600226779696649
3,2,-0.15052219863512528,-0.05468264732999289,-0.06158276569996244,-0.031738128025928285,1.1541521092368718
3,3,-0.4093603136267825,-0.05468264732999289,-0.3864067745206548,-0.37088297904104756,1.0238575074297667
3,1,-0.46428867529970225,0.629298648181932,-0.45533808564971995,-0.44285333408967475,1.0211010962265001
3,2,-0.4700539296724985,0.629298648181932,-0.46257308284981563,-0.45040730787514,0.9726710653102627
3,1,-0.4021137315513431,-0.013821712380508971,-0.3773128130688483,-0.3613880829805391,1.0928380742660753
3,2,-0.4647935513114806,-0.013821712380508971,-0.4559716702750311,-0.4435148521964697,1.0930412435069226
3,0,-0.4050130089040871,-0.01283314137366652,-0.38095120648100744,-0.36518688589594267,1.1145452876201187
3,3,-0.46635759274371297,-0.01283314137366652,-0.4579344345611014,-0.4455641508422005,1.1764988273251809
3,5,-0.47048146297608945,-0.01283314137366652,-0.4631096077027387,-0.45096748703791534,1.2473914246934572
3,1,-0.3474797018512473,-1.046109525969889,-0.3087508682958156,-0.2898033789133201,1.5128046354025442
3,1,-0.0509004936727406,-0.6303604969811889,0.06343561334547704,0.09879206181272476,1.81176632403439
3,2,-0.1992814051258262,-0.6303604969811889,-0.12277221192868301,-0.09562529480365417,2.024481995322588
3,1,-0.4571720719421888,0.7109106768579175,-0.4464072385376212,-0.43352874375453265,0.883767540168595
3,2,-0.4682739731799098,0.7109106768579175,-0.46033936003249526,-0.4480751046773543,1.2292749871881543
3,1,0.24404592399958946,-0.8689356332991431,0.43357305503352683,0.48524812483168783,1.1116820615401568
3,2,-0.4544790418112777,-0.8689356332991431,-0.4430276711851636,-0.4300001780231815,1.3206389372786473
3,3,-0.4181440820274448,-0.8689356332991431,-0.3974297989486746,-0.3823919866139467,1.2435673792188224
3,1,-0.44781790106864505,-0.2489917707860061,-0.4346683982882392,-0.42127236146948854,0.9958125939003741
3,3,-0.47019465043322817,-0.2489917707860061,-0.4627496777134662,-0.45059168845384245,0.9932517730102833
3,0,-0.4168453690524661,0.14039536468689798,-0.39580000360399126,-0.3806903368456166,1.4299124428623702
3,2,-0.2863069906964822,0.14039536468689798,-0.23198332859880633,-0.20965131162043915,1.6367096925009532
3,3,-0.3193237334582231,0.14039536468689798,-0.2734170669893673,-0.252911780834164,1.5926307941855156
3,1,-0.4494249106720926,-0.3203360330613168,-0.43330726650507717,-0.42337795952856366,1.089597417546021
3,3,-0.47037081993521035,-0.3203360330613168,-0.4629368034908428,-0.4508225160485539,1.1394342831883648
3,1,-0.44265420109286135,-1.0373222281312904,-0.44381727325394943,-0.4204408419584804,1.0894033495828
3,1,-0.4383573839713438,-0.2274628910814394,-0.44082951949606547,-0.41572386408369155,0.6924326398365153
3,1,-0.4704062686764629,-0.9018880001938883,-0.4631097269994108,-0.4509191760548429,0.5877866649021191
3,1,-0.0837947771465183,-1.0491850802133986,-0.16331462287940746,-0.08127910111935789,1.363304842871936
3,2,-0.37182331925320505,-1.0491850802133986,-0.3866572151230957,-0.35667315927353443,1.6854284652061087
3,1,-0.4705212085344635,-1.3616833595985645,-0.4631893611383049,-0.45104162727886665,0.5423242908253617
3,1,-0.12971271331561574,-1.0308415959753239,-0.19892022925256955,-0.12518282917068496,0.8278237504061583
3,1,-0.47052443114730463,-1.1657266177978136,-0.46319529606925525,-0.45104680073847125,0.9707789171582248
3,1,-0.11587266536720767,-0.676713493079797,-0.20881774640259093,-0.12451104022496905,0.9126173263740222
3,1,-0.4705265795558654,-1.091473951061655,-0.4631951898010355,-0.45104877882596717,1.0260415958332743
3,1,-0.11988159574158355,-0.7159268096845437,-0.20154634331150723,-0.12820215149227965,0.9136205031845864
3,1,-0.4704825371803698,-1.1115748948674493,-0.46316782934475254,-0.4510118038058519,1.2325602611778486
3,1,-0.11667079914752955,-0.7385541016189352,-0.21844049702449925,-0.13777879582256972,0.8533509321002809
3,1,0.340725383438015,-1.034246673887781,0.09793495224688109,0.2671585386703928,0.7273385451191491
3,2,-0.4491713984619231,-1.034246673887781,-0.4484271704953046,-0.43214484331030023,0.7422656979584122
3,1,-0.1499689834307299,-0.5414989475883599,-0.2313762424328379,-0.17861173323726506,1.2537148961256026
3,1,-0.1255609137719494,-0.19253338217300972,-0.21372485913726266,-0.15786737750740334,0.940658088452573
3,1,-0.15059202191334994,-0.7319636282399862,-0.20994354423077358,-0.2131362453064485,1.1513628540536387
3,1,-0.1239388653085765,-0.6299211320892592,-0.18884583296748567,-0.19331535211600914,0.8919980393051105
3,0,-0.4075363147586983,-0.346201253125504,-0.4133317050248311,-0.404215503193243,0.721345834918624
3,3,-0.4683588353180598,-0.346201253125504,-0.4614766957324978,-0.44944679423531403,0.8187781286348947
3,5,-0.4688916406411279,-0.346201253125504,-0.46189844588510903,-0.4498430203767963,0.9007865455256898
3,1,0.433629014830907,-0.9903101846947875,0.25250549810748313,0.22132571882885363,0.8883614583132909
3,2,-0.46611911939346873,-0.9903101846947875,-0.45970381454662174,-0.4477812065236396,1.7310864830962522
3,1,-0.12584557790624992,0.12765378282092976,-0.16118786946369074,-0.19473329848925716,0.8440783976169127
3,1,0.399850661234377,-0.9376962388861779,0.2994125742479027,0.19620609983911624,0.8293987509565306
3,1,-0.12297315566051543,0.19872105409059665,-0.13888649857375265,-0.18028747766742798,0.8957478307789264
3,1,-0.4705093922873793,-1.0194181087851455,-0.46316543069679755,-0.45105920182546466,1.0402767116551463
3,1,-0.1457000956205022,-0.6188271685680281,-0.14658640165454664,-0.2670228103473156,0.8658391883780568
3,1,-0.470525505351585,-1.0885082380411277,-0.4631770498787176,-0.4510827106345503,1.0402767116551463
3,1,-0.47053195057726727,-1.1831913722520286,-0.463178971183015,-0.4510701573869803,3.133753571451366
3,1,-0.13648234869056666,-0.9379159213321427,-0.08287398401379714,-0.2499687290015931,0.9190868191761563
3,1,-0.4705405442115103,-0.676713493079797,-0.46318552433757443,-0.45106467960622243,3.133317936506554
3,1,-0.4705426926200711,-1.0590757831146127,-0.4631877112339365,-0.45105349580384196,3.1432898379116057
3,1,-0.13324684539806392,-0.7886416992989477,-0.05035365124794106,-0.056886543404788464,0.9132862228538563
3,1,-0.47054376682435145,-1.2672199078336286,-0.46319388138339085,-0.4510575660992661,3.1518809560439225
3,1,-0.13660373377424953,-0.5369954574460779,-0.09526177273015855,-0.08446347962642604,0.8783811588009349
3,1,-0.47054376682435145,-0.987234630451278,-0.46319571376457674,-0.4510631960406005,3.1518809560439225
3,1,-0.4705459152329122,-1.3062135419924101,-0.46319620452910987,-0.4510572617781129,3.1514531485507664
3,1,-0.15101203578697828,-0.35938219988340203,-0.11076312767232886,-0.07764710423605879,0.7170692783312199
3,1,-0.4705469894371926,-0.9313254479531937,-0.46319553474108405,-0.4510585171028699,1.8115620965242347
3,1,-0.1549199909589985,-0.03622932186893571,-0.09904442234665099,-0.08221397570202571,0.9518509072727059
3,1,-0.4705469894371926,-0.942968617589337,-0.4631967782519209,-0.4510559303730676,1.8115620965242347
3,1,-0.15350633812601924,-0.7719458334056103,-0.10820908528509252,-0.05810504530225008,0.9679339650259935
3,1,-0.4705448410286318,-1.1773697874339568,-0.46319318883481564,-0.4510491592274087,1.763017000362401
3,1,-0.14561953029947375,-0.35861331132252483,-0.08943003465690803,-0.013806612715206772,0.9297990818989473
3,1,-0.4705620282971179,-1.0183196965553207,-0.4632122122588687,-0.4510745700437019,1.8082887711792655
3,1,-0.18876279681235122,-0.6472760453204914,-0.12925677686650938,-0.10180309029414983,1.0814661298331392
3,1,-0.4705620282971179,-1.1628707460002692,-0.4632107116323096,-0.45107304843793583,1.8082887711792655
3,1,-0.18197812257747498,-0.30918476098040726,-0.10105778396163603,-0.0729535210499231,1.0641933617976507
3,1,-0.4705770671570432,0.49177743700786286,-0.46323319104955835,-0.45109412267779575,1.6582280766035324
3,0,-0.4674038677128025,0.2739622918335978,-0.460942404709759,-0.4478358321706412,1.3454723665996355
3,1,-0.46592146580587895,0.535054878862961,-0.45962263661460956,-0.44664365405293244,1.179885008796846
3,1,-0.46556697839335376,0.3999501745945065,-0.45963951316947343,-0.44648236384173,1.2669476034873244
3,1,-0.4651480387240058,0.4476212653689042,-0.45918176006608097,-0.44609663678003353,1.1027702988167734
3,1,-0.46678082923018244,0.15170901065409373,-0.4606074023879907,-0.44773464538719815,1.1631508098056809
3,1,-0.46712457459990386,0.008476055884935132,-0.46049969789913014,-0.44852892359708196,1.2591709647906981
3,1,-0.46752203018364424,-0.02216964532717762,-0.460555287008924,-0.44882449551713927,1.269760544863939
3,1,-0.4669956700862583,-0.07910924284599934,-0.45988989883265746,-0.448306008352354,1.247032293786383
3,1,-0.4674038677128025,-0.1866019561319555,-0.46013859629096254,-0.4492996169175918,1.3356587451513109
3,1,-0.42826738316574015,1.316465339160349,-0.4338135267341144,-0.4046472207892186,0.8858315243894466
3,4,-0.4602926353766909,1.316465339160349,-0.4560820024300631,-0.43980403613448865,0.5808179955860256
3,1,-0.4281921888661136,1.733532462824839,-0.4326369429783967,-0.4075670300937129,0.6612141333831899
3,1,-0.428589644449854,1.1785047630943497,-0.4306748604885042,-0.4109494075510897,0.8565407274683811
3,1,-0.42771953898274667,0.987710558773776,-0.4324930562013236,-0.41163538547057416,0.9122827104766162
3,1,-0.4274971786967081,0.84239062076795,-0.43108695035764144,-0.4114306534147506,0.8775499035577244
3,4,-0.4619898781396904,0.84239062076795,-0.4568251626183545,-0.44318884816109116,0.4054651081081644
3,1,-0.43113873120719426,0.978264213597282,-0.43595419100512456,-0.4161803458135098,0.881699287104536
3,4,-0.46413828670044915,0.978264213597282,-0.4587795874391706,-0.4453951765218795,0.4054651081081644
3,1,-0.43116021529280185,1.3538113549743933,-0.4347276045987054,-0.4175954391759465,0.9311793443679057
3,1,-0.43116021529280185,0.04933699083441905,-0.43203156259786946,-0.42178365904702914,0.9688831819933257
3,1,-0.44324501344707,0.478926013918912,-0.4392844392297208,-0.4307706431028265,1.8261608959453874
3,1,-0.4267022675292274,0.7300230496568693,-0.42229259433530997,-0.4169145205956342,0.9574326752053303
3,1,-0.42786240815203713,0.4369666667396035,-0.42159906862621427,-0.42689549361811086,0.881699287104536
3,1,-0.4284747045918534,0.7050890920398457,-0.4192300093853367,-0.43768063528795065,1.0296194171811581
3,1,-0.42815244330773955,0.6272116649452647,-0.41493123229230394,-0.42555724134686024,0.9506921585914875
3,1,-0.4274327264398854,1.0120953102758872,-0.4108676996032618,-0.4144274559710076,1.8353775510503114
3,1,-0.42766905138156885,1.076337447771474,-0.41071241536341246,-0.40095097410244757,0.9603076172909294
3,1,-0.42764756729596126,1.5392233393688255,-0.41593123664584764,-0.40396679673078034,0.9783261227936076
3,1,-0.42769053546717645,1.0566908468067753,-0.4179560645546493,-0.41008973833340945,0.9876807279608281
3,1,-0.4277442456811954,1.1219365332583706,-0.41598767652927654,-0.4010388468354376,0.9895411936137477
3,1,-0.42873788464054635,1.4757351124849498,-0.4149587486191072,-0.40220002223566287,1.000631880307906
3,1,-0.42922879599667974,1.5004493876560088,-0.41693315210068393,-0.39984476671052127,1.0043016091968684
3,1,-0.42927176416789486,1.3928049891331749,-0.41571656919112493,-0.3955091793209956,1.0052169410685565
3,1,-0.43000222307855285,1.9161984166447088,-0.4151454828365516,-0.40080337834313967,1.0052169410685565
3,1,-0.4293480326718018,1.246057115228577,-0.4114899854210052,-0.3970720586434609,1.0061314358739446
3,1,-0.46138617533411713,1.1369847808069706,-0.4565984549900348,-0.4416559064320731,1.1044286739895495
3,2,-0.47045568207336036,1.1369847808069706,-0.4631453967043567,-0.45096992160714106,1.007957920399979
3,1,-0.46511366418703365,1.0218711791213282,-0.4589962524852731,-0.44587128696607997,1.017944385600655
3,2,-0.4703847845908553,1.0218711791213282,-0.4630835755207175,-0.4509111876245711,0.7654678421395714
3,1,-0.46924075703225127,0.5951380278343797,-0.462196475656697,-0.449817343279494,0.589174590176967
3,1,-0.46888626961972607,0.9137874157065643,-0.4620203082204649,-0.44953850902286335,0.6931471805599453
3,1,-0.46834916747953637,0.7456205033203822,-0.46157042006411664,-0.44904398714889354,0.688134638736401
3,1,-0.468107471516451,1.0700914760106386,-0.4615250249334349,-0.4489091348378764,0.669110602731704
3,1,-0.4681772947946757,0.9691473920897361,-0.46149754863380454,-0.449056159995022,0.6716681488828211
3,1,-0.4600724234992132,1.1370946220299536,-0.4549174604961201,-0.4432845191236322,1.144620809875665
3,2,-0.4698111595051327,1.1370946220299536,-0.4626263050194543,-0.4505268300080641,1.2837077723447896
3,1,-0.4593731165126862,0.8209715822863658,-0.45277738289788866,-0.44236748536857146,1.0595248999600628
3,2,-0.4702193571316769,0.8209715822863658,-0.46289788365794515,-0.45081749474952587,1.1335503401366862
3,1,-0.4628997291651717,1.6362131392623582,-0.4557485870679718,-0.44674757972675444,0.11667130680369298
3,2,-0.4703955266336591,1.6362131392623582,-0.4630544502585345,-0.45099468574098367,0.7975071958841881
3,1,-0.46072983651880534,0.33668163015659586,-0.45293965494030397,-0.44796071796389064,0.6484112867185537
3,2,-0.47016994373477944,0.33668163015659586,-0.46280545455854927,-0.45096938904512296,1.0591782194227026
3,1,-0.46165687481277273,0.5280250405920824,-0.4530749759808692,-0.4457272669803223,0.8597203803857608
3,2,-0.4703246291511541,0.5280250405920824,-0.4629429422464362,-0.45094534767401917,0.959350221334602
3,1,-0.4316500524446549,2.20903511711601,-0.43513304689624605,-0.41111811559040173,0.8995357632488025
3,1,-0.4323020944428452,0.805154446176888,-0.43355356201907186,-0.4144990094821566,0.9230371543035719
3,1,-0.42930291609202587,0.6064516738015753,-0.433628749374515,-0.41309323595503716,0.9076380201010719
3,1,-0.4291439338585297,0.5743780366906903,-0.43231574759824165,-0.41294685748034204,0.8982834149634297
3,1,-0.42702667722190196,1.347989770156322,-0.43310993262135083,-0.41253990401820906,0.8763017236577918
3,1,-0.42911385613867914,1.2924101113271849,-0.43324772231818126,-0.41585624378533886,0.8947265540945543
3,1,-0.42997859058438453,1.4651903550786316,-0.4310962295981267,-0.42090493171712895,0.914288729203482
3,1,-0.42562484063600686,1.2757142454338475,-0.4238461332066116,-0.4176672209279604,0.880663554231004
3,1,-0.4208682640824869,0.3673273313687088,-0.41684895368681374,-0.41236940809212197,0.8917418589527424
3,1,-0.4246763182564319,1.777578793240815,-0.41849371032538185,-0.4250902605372562,0.9011770940641068
3,1,-0.42450337136729077,0.7016840141273888,-0.41507959277306394,-0.436414925571597,0.899907252623631
3,1,-0.4237159796297727,0.10579537944741568,-0.4098804576390889,-0.4228864428259818,0.9077544008518688
3,1,-0.42217879330454977,1.0638305263006367,-0.4044912610093041,-0.4099621516899253,0.9225212816247912
3,1,-0.42063301334508385,0.6459945140752693,-0.40210063975828286,-0.3927285969440959,0.9378075753364047
3,1,-0.41957384792462976,1.268794248385951,-0.4070356856517482,-0.39510359530405204,0.9311793443679057
3,1,-0.42007657552784733,0.4803539498176845,-0.4099180971518477,-0.4028097677062676,0.9584483047684204
3,1,-0.41902170692451474,0.8761118762235723,-0.40636706547748463,-0.3908456098085955,1.0126698586964449
3,1,-0.41816234350021125,1.084810199890291,-0.4027573365441126,-0.3898413500029953,0.9884253296333542
3,1,-0.433519167892515,0.7351855871370463,-0.4374653087646881,-0.4104125469966793,0.9883967013858326
3,0,-0.4166262313792687,-0.2729371573961877,-0.42428790573593506,-0.39568926136340893,0.6091382847001944
3,3,-0.4702870320013408,-0.2729371573961877,-0.4630236544505194,-0.4507967248308192,0.6633320954807598
3,5,-0.4701355691978073,-0.2729371573961877,-0.46291431905057634,-0.4506411786813836,0.5406617799685536
3,0,-0.41019604455691766,-0.1122394481728141,-0.41032785061135957,-0.40619343852854556,0.6620692249890838
3,3,-0.46888089859832416,-0.1122394481728141,-0.4617458897717865,-0.44983503194652447,0.9151472211148679
3,5,-0.46436816641645035,-0.1122394481728141,-0.45779195917353727,-0.446479092389333,0.8415671856782186
3,0,-0.4131565515536433,0.1222715628947882,-0.40965324456960606,-0.4063614238051187,0.6752801785618496
3,3,-0.4685253369815186,0.1222715628947882,-0.4613172131916077,-0.44949772998833293,0.9656521614118792
3,5,-0.4642521523541694,0.1222715628947882,-0.4573299543995403,-0.44616860873276826,0.97939966025578
3,0,-0.4010932374849827,0.030993506596344252,-0.39550819578172836,-0.4117281273420156,0.7404710688435336
3,3,-0.4674962492809151,0.030993506596344252,-0.46022863702389294,-0.4493519601559443,0.8683784430194063
3,5,-0.46359581353885754,0.030993506596344252,-0.45642703352074976,-0.44714197994131744,0.94052795610806
3,0,-0.4013392302651896,-0.07313597279105007,-0.3908708873830046,-0.429032246555246,0.743269789963156
3,3,-0.46816762695615227,-0.07313597279105007,-0.46071284526309986,-0.45033122758683697,0.9277800319658476
3,5,-0.47025373166864903,-0.07313597279105007,-0.4628930208273503,-0.4509960932263173,0.9652078719818014
3,0,-0.38606297119391425,-0.30237460515549325,-0.3670136893232316,-0.40021892956839566,0.7023051183447109
3,3,-0.4681504396876662,-0.30237460515549325,-0.46046769578200347,-0.4496364623940535,0.9183755136057471
3,5,-0.47035685527956544,-0.30237460515549325,-0.4629796306821738,-0.45096474814753645,0.9429326628205762
3,0,-0.3502919686572806,-0.3445536347807667,-0.31724578009614857,-0.34886572400758753,0.8734667346832269
3,3,-0.46579900651791567,-0.3445536347807667,-0.45743095472936973,-0.4470348588953867,1.0401353589091338
3,5,-0.46978860121524474,-0.3445536347807667,-0.4622729283417105,-0.4504256051844769,1.0914757732106968
3,0,-0.3645445110493543,-0.2849098507012782,-0.33345098304893384,-0.32718307008208436,0.8360346681084928
3,3,-0.4663178471853389,-0.2849098507012782,-0.45801670154615404,-0.44611630353455994,1.1115714333821456
3,5,-0.47039337822509836,-0.2849098507012782,-0.4630049575226215,-0.4508790056626189,1.0210664611377434
3,0,-0.37329068230020335,-0.1926432233959921,-0.3560413122973349,-0.344294668125764,0.8975563338179048
3,3,-0.466740009467528,-0.1926432233959921,-0.459002935924356,-0.4468818614356093,1.0511394383097212
3,5,-0.47022795076591994,-0.1926432233959921,-0.46284591810608045,-0.4507108682254692,1.1014288311524727
3,0,-0.3725505555510219,0.029455729474589635,-0.3597454402948848,-0.3573684950684801,0.9426080403213987
3,3,-0.4667260448118831,0.029455729474589635,-0.4591653898157115,-0.4474129398881087,1.0665898479432578
3,5,-0.47028488359278003,0.029455729474589635,-0.46292241380068355,-0.4508156688226066,1.0304127531212521
3,0,-0.37474515489583704,-0.07544263847368213,-0.35753180115079036,-0.3391036339745588,0.903711949667295
3,3,-0.4681493654833858,-0.07544263847368213,-0.4605529060985006,-0.44825663224524537,1.126551657357351
3,5,-0.4703901556122572,-0.07544263847368213,-0.46302440790318505,-0.4508752396883479,1.2964691114466824
3,0,-0.41381933559463735,-0.43440375518043844,-0.3977466398433302,-0.3847660720104432,0.9666531584386575
3,3,-0.4679098179288612,-0.43440375518043844,-0.4601529276670249,-0.4479766948244343,1.0770859543822389
3,5,-0.47030959029122876,-0.43440375518043844,-0.4629216381368612,-0.4507810903315729,1.260731138144545
3,0,-0.39704670996079355,-0.15936133283229964,-0.38089914690452886,-0.35995720295827954,1.0103352889339685
3,3,-0.46780239750082325,-0.15936133283229964,-0.4601236822448387,-0.4476541904823177,1.0191249823695603
3,5,-0.4691397818298956,-0.15936133283229964,-0.4616211399860588,-0.4493117897637203,0.9328796446387697
3,0,-0.4228501709797869,-0.2868869927149629,-0.40832977953337724,-0.386867828014959,1.0100412545908914
3,3,-0.46829330885695664,-0.2868869927149629,-0.46060324050382884,-0.44801933782602815,1.267752108800209
3,5,-0.4701817599818636,-0.2868869927149629,-0.46277553495319657,-0.4505605716159265,1.1462112674673886
3,0,-0.41781215290480755,0.03330017227897656,-0.40069923977589017,-0.3856945938890378,0.9804487458780681
3,3,-0.46751665916224233,0.03330017227897656,-0.459603197535836,-0.447300036740267,1.2043573458803545
3,5,-0.4705115406959401,0.03330017227897656,-0.46315238026875144,-0.45101199400657266,1.1727916868423611
3,1,-0.4383573839713438,-0.11817087421386832,-0.439974821628477,-0.4180062727327829,0.8000778915156587
3,1,-0.1366316630855394,-0.2739257284030299,-0.23102720980213481,-0.08449413998261215,0.826366024346168
4,0,0.18184305093994046,0.4896904537711956,-0.009578635959972461,0.26512236387439425,0.5771017646800323
4,3,-0.282625692627622,0.4896904537711956,-0.33254286617219786,-0.2447640764787817,0.7229170202402607
4,5,1.4020993678925542,0.4896904537711956,0.8389157947922679,1.604700448269087,0.663360091482944
4,1,0.6374904289570273,-0.37223362297235263,0.3072517357873171,0.7653248486506287,1.1735651419045103
4,2,-0.41269571791736054,-0.37223362297235263,-0.4229859071155429,-0.38755289297098383,1.1229295963688661
4,3,-0.1826495002527121,-0.37223362297235263,-0.26302530561063264,-0.13501179377713207,1.342719738885336
4,1,-0.357609448215225,2.4303651814257146,-0.384682157001031,-0.327080057371722,0.8665000675513197
4,0,-0.016065123064317337,0.2716556261509658,-0.1471923332327896,0.04786190069502573,1.042825482685064
4,3,0.8257973651032542,0.2716556261509658,0.43818929705268866,0.9720452247687814,1.3464845856434609
4,5,4.116621103841237,0.2716556261509658,2.7264344599830257,4.584659475378226,1.0937858454400453
4,1,-0.46527157221624943,-0.1878239397376356,-0.45940317939850367,-0.4456460512725588,1.2412685890696329
4,2,-0.4555865464243488,-0.1878239397376356,-0.45241191722909396,-0.43569992302212496,1.2683550632552043
4,3,-0.4644433607160769,-0.1878239397376356,-0.4588053241264745,-0.4447955116894749,1.2669476034873244
4,0,0.16854547615312399,0.8225093594081206,-0.001874077483520597,0.20525832274213338,0.7205931572109943
4,3,-0.230055209350135,0.8225093594081206,-0.2896091804287494,-0.20408839702000875,0.987761689674029
4,5,1.2859875530220655,0.8225093594081206,0.804766058163176,1.3528259645613465,0.8736555002660168
4,1,-0.4265411368871705,1.4930900257161825,-0.4314451095761804,-0.4058714667484471,1.264126727145683
4,2,-0.45399887249794807,1.4930900257161825,-0.4512658341006126,-0.4340694463635024,1.3962446919730587
4,1,0.6886902275727502,-0.3787142551283193,0.3735991944883685,0.7394258631875147,1.1971719531737408
4,2,-0.4149590663361199,-0.3787142551283193,-0.4230844409081928,-0.3939771505554372,1.1165457564480405
4,3,-0.15280166011809035,-0.3787142551283193,-0.23384269845920214,-0.12475213865860142,1.3847306391437078
4,0,-0.34144589640835626,1.6980537478014968,-0.37001800051738165,-0.3184821098701623,1.0497451984899482
4,3,-0.40860192540483464,1.6980537478014968,-0.4184954558240572,-0.38744862493586446,1.136599499703692
4,5,-0.28290498574052064,1.6980537478014968,-0.32775948072519884,-0.2583629715312214,1.0774372914830128
4,1,-0.35736023282217694,5.433973423881726,-0.3815059717950885,-0.3348254872027019,0.9202827531436926
4,0,-0.014044544812923701,0.6007399302064863,-0.1336790652574507,0.017745784851273993,1.0120048704397884
4,3,1.0875207927920105,0.6007399302064863,0.6615002391044328,1.1490086600842613,1.4398351280479207
4,5,3.8569773356392956,0.6007399302064863,2.6606685607855693,3.9931280822749433,1.023050268565521
4,0,0.12798459673027857,0.6548916531368509,0.0009029716667233263,0.12121048820640667,0.7394497814028641
4,3,-0.1540649243518165,0.6548916531368509,-0.21780337847073228,-0.14846682100439065,1.0954187892058225
4,5,1.4565325213922191,0.6548916531368509,1.0310832975416906,1.3914811417635113,0.9168123350155813
4,1,-0.4270782390273602,2.497478168668012,-0.42950288911885465,-0.40950430051491754,1.2178757094949273
4,2,-0.45316743838493445,2.497478168668012,-0.44973293080661464,-0.43444908700213464,1.3056264580524357
4,0,-0.34004083720962003,1.437839890555993,-0.3620124980557035,-0.3262848281582344,1.1254289729259108
4,3,-0.40825710583083286,1.437839890555993,-0.41490863867988553,-0.391508763641589,1.1917556204307282
4,5,-0.28772386614230255,1.437839890555993,-0.32144496314735854,-0.27626276136172057,1.1304800274700066
4,1,-0.3604969093208848,5.046892954091454,-0.37787450999048394,-0.34584358671532567,0.9577068357005212
4,2,-0.4663629637651149,5.046892954091454,-0.45996498219593573,-0.4470657855325819,1.0136766779660051
4,1,-0.4432514586727523,-0.1878239397376356,-0.44204389902748537,-0.42496807559424143,1.2837077723447896
4,0,-0.011731782997266875,0.7826369954654789,-0.10743566102230788,-0.012377178218424977,1.0539248081210066
4,3,1.1131566779432647,0.7826369954654789,0.7648233967900576,1.063167613153232,1.3602640485952846
4,5,4.093652467918165,0.7826369954654789,3.0759542700403255,3.9129227968203932,1.0670069493674574
4,1,2.75597488107728,-0.7359179122673556,1.8510438201852537,2.519662803360369,1.308332819650179
4,2,0.8604125238341996,-0.7359179122673556,0.4914326347870017,0.7743764248711954,1.3709499629303687
4,0,0.10912694058821837,0.3953368432292421,-0.04743451371795532,0.08265109608721538,0.7874687295571131
4,3,-0.11689638204640922,0.3953368432292421,-0.20955201749760544,-0.12545359891675548,1.038585314204079
4,5,1.4385535643515093,0.3953368432292421,0.9061101170228779,1.3066837261872788,0.9482948324208085
4,1,-0.4265411368871705,2.50582610161468,-0.43164783543402985,-0.4105504044790844,1.2119409739751128
4,2,-0.4531738836106167,2.50582610161468,-0.45075044116193663,-0.4350717661217509,1.3376291891386096
4,1,0.7331150197921203,-0.43088883604499895,0.40012721821492064,0.657170784565361,1.2111690710751852
4,2,-0.4147195187815953,-0.43088883604499895,-0.4231686608268579,-0.39966597803300913,1.119922075380363
4,3,-0.13662199524701596,-0.43088883604499895,-0.22370041216471118,-0.14361540926017033,1.3221036056381668
4,0,-0.3312033585949388,0.8864369511839258,-0.36326585408594037,-0.32277079376194917,1.0778861579939247
4,3,-0.4112251322575211,0.8864369511839258,-0.420662276910717,-0.3964486187209616,1.172482137234565
4,5,-0.2960843980564954,0.8864369511839258,-0.3380764260593822,-0.2904359865105599,1.1127969237070146
4,1,-0.3603089235718184,5.111150069536207,-0.38414211360264405,-0.3495689341123726,0.9863497013832747
4,2,-0.4662834726483668,5.111150069536207,-0.4601534258876001,-0.4471420560216057,1.0095208276210397
4,1,-0.42463012747237555,-0.1878239397376356,-0.43027714469108036,-0.4087908956514999,1.2823217707369123
4,0,-0.04740718135294682,0.3318486163453667,-0.15971018867767398,-0.061473347906290804,0.9739305111947043
4,3,1.0352800902286,0.3318486163453667,0.6168581576772517,0.9353808785107866,1.3915582602117997
4,5,3.4390237858207215,0.3318486163453667,2.3409675244931147,3.148561106143982,1.056439072979013
4,1,2.135514488730144,-0.7438264803220944,1.4814145178057956,1.9483911345504572,1.2884810510222593
4,2,1.0318780852726384,-0.7438264803220944,0.6578887144422075,0.9322485769610619,1.3927507464857567
4,0,0.0618974009927777,0.2406804012699054,-0.06590412110090636,0.03916580962155506,0.7516211539773513
4,3,-0.12040688163468907,0.2406804012699054,-0.20193830798903725,-0.1286857938850221,1.0319459013170262
4,5,1.3713932385379093,0.2406804012699054,0.911232559151833,1.244847722022347,0.9556786552777925
4,1,-0.435407619017422,1.0160495943032564,-0.4369896658695658,-0.41871397157457785,1.2267122912954254
4,2,-0.45271197577005357,1.0160495943032564,-0.4499020564428397,-0.43464647731013684,1.3480731482996928
4,1,0.6981152959287991,-0.6619947692001442,0.4088372440476501,0.624945761169993,1.1489297985494376
4,2,-0.4131350674680357,-0.6619947692001442,-0.42037004291679014,-0.3982071385047982,1.044055529704919
4,3,-0.1738055764123486,-0.6619947692001442,-0.24178404238579987,-0.1778511585950995,1.2345408058923537
4,0,-0.3453957455473113,1.4730989231333702,-0.36982343235433085,-0.3358380397597271,1.060191255712038
4,3,-0.42347965468808924,1.4730989231333702,-0.4280891019037309,-0.40773162979745653,1.1478558646340502
4,5,-0.29658605145543254,1.4730989231333702,-0.3334019783305911,-0.2908978699408477,1.1485355975706106
4,1,-0.354826184924762,2.894773872195655,-0.3768603605834433,-0.34452085482288886,1.012120257158903
4,1,-0.44237168536712157,-0.1878239397376356,-0.4421862037109299,-0.42512594219247024,1.2281774930227534
4,0,-0.09133783960334238,-0.053803917546133076,-0.18024719114110332,-0.10192128102202865,1.129692871572453
4,3,0.9970727923840658,-0.053803917546133076,0.631917247363449,0.9002025704840709,1.3320555563939045
4,5,3.59395412077128,-0.053803917546133076,2.569692020808116,3.2912089078218143,1.1741198412853457
4,1,1.7952366504258037,-1.0517114283419957,1.1040029370516697,1.5548516543291833,1.1640027196399303
4,2,0.2950727757261713,-1.0517114283419957,0.0663575914704969,0.22674183651300336,1.2623274721686684
4,0,0.02838115324066033,0.4042339822908232,-0.11810980264682655,-0.009362877195858314,0.7306942530923829
4,3,-0.11881598509544719,0.4042339822908232,-0.21992429639555364,-0.1396779500193345,1.0275987434229263
4,5,1.4078936257809207,0.4042339822908232,0.8360824164219554,1.2119330688536563,0.9343868741487356
4,1,-0.4343527504140894,1.0003422994167614,-0.43817728951198215,-0.41902574859604375,1.3001916620664788
4,2,-0.45292251980900794,1.0003422994167614,-0.4510217761055809,-0.4354657478947282,1.3137236682850553
4,0,-0.34980213150542755,0.9947403970446544,-0.3796946412918075,-0.3441722549418843,1.1412787350607225
4,3,-0.4264562747490205,0.9947403970446544,-0.4327153920775202,-0.4120349211045976,1.1669382711228833
4,5,-0.30192914354603967,0.9947403970446544,-0.3465814701498904,-0.30178982833546497,1.1389770359467761
4,1,1.1584870243709946,-1.4166039710898062,0.6635708635929146,0.9911309541333485,1.3570310508937802
4,0,-0.05705246158647337,0.025830969116167477,-0.17720320854502158,-0.08499809581233152,1.1290696443711037
4,3,1.0398314937645674,0.025830969116167477,0.5814982575553121,0.8860840470625215,1.3211630717966338
4,5,3.8811082605937384,0.025830969116167477,2.546775292568603,3.4014942851036034,1.1698988240956507
4,1,1.794810191326493,-0.8563038926561576,1.17504561373848,1.474251093736756,1.3004393401110856
4,2,0.4593916560872459,-0.8563038926561576,0.20930007338139828,0.3392823096203831,1.3161644798214855
4,0,0.003294186476680043,0.667962758671766,-0.12053966277085866,-0.04835375867016031,0.7508006408441802
4,3,-0.12739672888711776,0.667962758671766,-0.2150524805637277,-0.15942763205992222,0.913852980170444
4,5,1.4299019230773335,0.667962758671766,0.9111519177409066,1.1641164935347592,0.9626763510600679
4,1,-0.43248041235338813,1.5443858768490022,-0.4356823423009439,-0.4187174712678398,1.451613827240533
4,2,-0.4519675522037507,1.5443858768490022,-0.4497750165534318,-0.4352795413891065,1.423108334242607
4,1,0.5437575118596825,-0.8106099438954444,0.2703116190757865,0.41098463381331857,1.1420974005014655
4,2,-0.4119008067498798,-0.8106099438954444,-0.4207996206577509,-0.4012269173081227,1.3589231643237587
4,3,-0.39002033976283196,-0.8106099438954444,-0.404976144451978,-0.38263076459878576,1.5844892670701352
4,0,-0.3601875384881355,0.8572191858705853,-0.38340171364110237,-0.3572759433977594,1.144467747943423
4,3,-0.43063815201253747,0.8572191858705853,-0.434350059827926,-0.4171517389345631,1.045563067578294
4,5,-0.3122629887232894,0.8572191858705853,-0.34874372515642704,-0.3165449916095343,1.0854305520625471
4,1,-0.35272074453521834,1.884564144425754,-0.3780018912096464,-0.3509299343898258,1.0291090830542753
4,1,-0.4436585820950161,-0.1878239397376356,-0.443766150705739,-0.42821776902881775,1.3846263039357212
4,1,1.0297049700134309,-1.3839811278640082,0.6217382156533626,0.8239901307202425,1.3159293753216388
4,0,-0.10561938551098637,-0.0866464432178955,-0.1993035811028001,-0.14091912384271038,1.1415653443037586
4,3,1.0227194195781237,-0.0866464432178955,0.6166864175602768,0.8180531293422261,1.3556919588472154
4,5,3.9623417366845883,-0.0866464432178955,2.742557123452044,3.31643058851831,1.1888591664143648
4,1,0.6627675298786349,-0.5358970452162531,0.4338835724982014,0.39172692495704253,1.2149127443642704
4,2,-0.42346783844100505,-0.5358970452162531,-0.42594254476954424,-0.416063144129379,1.4790254604535285
4,3,-0.24579874728337534,-0.5358970452162531,-0.28530587492822673,-0.28393770280558767,1.6585454866046
4,0,-0.3574171656490371,1.4000545098500188,-0.37365913068937945,-0.3669438840740132,1.1852603519450824
4,3,-0.4322000450362091,1.4000545098500188,-0.432854655637643,-0.4225569390973413,1.1807829082688008
4,5,-0.31064201446419687,1.4000545098500188,-0.3366335487431999,-0.3321590632984009,1.1555325790107605
4,0,-0.43549248115557193,3.47352727609036,-0.4354608334960171,-0.4250053929756541,0.9134294996504294
4,3,-0.460675052100506,3.47352727609036,-0.4553944803259889,-0.44373267006188133,1.1243883248748099
4,5,-0.3957555164157775,3.47352727609036,-0.404006435017396,-0.39545459171413816,1.0270651374272124
4,1,1.5412098964059657,-0.6278341488525918,1.1292279813351256,1.0449895977084085,1.3900802889424773
4,1,2.242972513917896,-0.5822500413148611,1.9143047498384949,1.5668625635640177,1.2666914887209064
4,2,1.093074428921572,-0.5822500413148611,0.906795985769259,0.7117290624716559,1.4188275527094516
4,0,-0.04271076023912812,0.6359989627838635,-0.08834745126333264,-0.13290923892958909,0.7571647325791682
4,3,-0.13256257727146226,0.6359989627838635,-0.1670731177452552,-0.19972846393822608,0.9699044091299444
4,5,1.3634484236802233,0.6359989627838635,1.1436901701226703,0.9127954558842796,0.9173272317225483
4,1,0.6852527738755362,-0.3178622175960233,0.5494739787172905,0.4084483072020158,1.2555105133917854
4,2,-0.42230447520535414,-0.3178622175960233,-0.42093692123822585,-0.41519799713094085,1.18402516651624
4,3,-0.07931104848021472,-0.3178622175960233,-0.12041560726036854,-0.1601274185517336,1.3898878966300208
4,0,-0.3650364966097681,1.5655852328846216,-0.3707603089902223,-0.372610077665815,1.1304090627749472
4,3,-0.44710462942647317,1.5655852328846216,-0.4426661275514322,-0.4336408860994913,1.2076802091996552
4,5,-0.3034061744315613,1.5655852328846216,-0.31676153245764604,-0.3267780566673031,1.1597969776176638
4,0,-0.43548066490848775,1.9428898338294525,-0.43248153269219514,-0.4249966057023551,0.9544119396390139
4,3,-0.4600659782735309,1.9428898338294525,-0.4540225014144351,-0.4432797260654691,1.1771153501560534
4,5,-0.4022619717420355,1.9428898338294525,-0.40337623637697045,-0.4002931839297795,1.0890428375077281
4,1,1.732024025342598,-0.26524827178741384,1.4666258752448516,1.1868904811558256,1.3598264666549924
4,0,-0.16107410728129204,0.04889762594248902,-0.19205412844240613,-0.2209313555656903,1.1365857855884238
4,3,1.0139206123175362,0.04889762594248902,0.8374436095016312,0.6528655151707241,1.3263379187405977
4,5,3.9474715268312965,0.04889762594248902,3.407739443107944,2.834430731160165,1.1991277525957458
4,1,-0.46520174893802474,-0.1878239397376356,-0.4582160119088886,-0.44690841345622706,1.2919836816486494
4,2,-0.45762753455706967,-0.1878239397376356,-0.4511486007115866,-0.44100755021515453,1.6193882432872684
4,3,-0.46567010200427017,-0.1878239397376356,-0.45865302669856717,-0.4472732945189285,1.3987168811184478
4,0,-0.4354795907042074,0.9326801060595513,-0.4304826123317863,-0.4237526929886003,0.9713198961814703
4,2,-0.459998303403867,0.9326801060595513,-0.4533607375024596,-0.44285455137428753,1.1240015226265039
4,5,-0.4042492496607374,0.9326801060595513,-0.40134194494571895,-0.39942198854842126,1.0483209984224857
4,1,2.366250345542796,-0.8352143778435207,2.183778950297947,1.7589984625349089,1.3053800615746554
4,2,0.9656490945701274,-0.8352143778435207,0.8768942403841494,0.6678283395917168,1.3954568029571368
4,0,-0.06298636603128913,0.18597947222462866,-0.08291352403242028,-0.13355341073065097,0.7071231343428731
4,3,-0.13492582668829692,0.18597947222462866,-0.1500393966580498,-0.1895994767148559,1.0427602107291618
4,5,1.1457147354772836,0.18597947222462866,1.0449113923385285,0.8081125549528384,0.8194534606189857
4,1,0.6755720449007572,-0.5044824554432629,0.6062267247322385,0.441837244887988,1.2320202168378769
4,2,-0.4232508491763684,-0.5044824554432629,-0.41907211608017864,-0.41422561496613963,1.2045726242979635
4,3,-0.16483059964977878,-0.5044824554432629,-0.1779431919100268,-0.21289746732160938,1.3035918693546482
4,0,-0.3805018156343902,2.003632030138766,-0.3791834909195163,-0.38092101227975145,1.1850251960827656
4,3,-0.43197016532020793,2.003632030138766,-0.4272080083916947,-0.42101859566785377,1.2521505361398086
4,5,-0.31619457638947795,2.003632030138766,-0.319179155176149,-0.3308210012278711,1.1898014344217123
4,1,1.6041314121291885,-0.7443756864370069,1.472654652648927,1.1652524483194122,1.5227525010755376
4,0,-0.16566095955851204,0.0283573172447648,-0.17871799106695693,-0.21354437801305018,1.0989825904312815
4,3,1.0346269740261291,0.0283573172447648,0.9412566958588576,0.7215671186725552,1.3934906280180643
4,5,3.828313268621652,0.0283573172447648,3.548012830723504,2.8980516930091187,1.1913940222203416
4,1,-0.46587957183894413,-0.1878239397376356,-0.4586529241976108,-0.44843595348477566,1.382955459937988
4,2,-0.4583257673393163,-0.1878239397376356,-0.45129052380264995,-0.4441559807859995,1.3912819026309295
4,3,-0.4655916850918025,-0.1878239397376356,-0.45837233214615325,-0.4482728373466539,1.1662709371419244
4,0,-0.09019166363617757,0.602497389774206,-0.09248448498657053,-0.2355718278051428,0.7336135564954064
4,3,-0.12373476649530442,0.602497389774206,-0.125177646922442,-0.2545772924655501,1.126851750412446
4,5,1.2986223437678879,0.602497389774206,1.2611386855816642,0.551327811397875,0.8627336686733417
4,1,0.6589057654906709,-0.3100634907642671,0.6376317376849822,0.18886549322219678,1.2718892346178918
4,2,-0.42726622477642656,-0.3100634907642671,-0.4210179918032332,-0.4265576971380453,1.1802946768689626
4,3,-0.12197736829260374,-0.3100634907642671,-0.12346477902623096,-0.25358155365223983,1.3472736279892716
4,0,-0.3872972319120702,2.0694269227052735,-0.38206176400236513,-0.40391133420060743,1.1216775615991057
4,3,-0.42176415045232335,2.0694269227052735,-0.41565533326754067,-0.42344023124453967,1.2046868351452462
4,5,-0.356762975242286,2.0694269227052735,-0.3523012077983318,-0.38661067664049475,1.1795337310642524
4,1,1.451350559943669,-0.5913668628224072,1.4099969568209625,0.637863357240679,1.438363216644638
4,0,-0.16806825135084225,0.44147015688188523,-0.1683877758616385,-0.27969656909399027,1.0838745906745264
4,3,1.1531761584087987,0.44147015688188523,1.1193779274648683,0.4689182517503221,1.3984424950829808
4,5,3.747326859515289,0.44147015688188523,3.6477960441046795,1.9387595982921566,1.1822383122821272
4,1,-0.4657571125509809,-0.1878239397376356,-0.4581936310683636,-0.4495629688355528,1.3862943611198906
4,2,-0.4584385587887561,-0.1878239397376356,-0.4505450542819383,-0.44723046131661387,1.3402504226184837
4,3,-0.46523290086215574,-0.1878239397376356,-0.4576457805661215,-0.44939589652243933,1.1394342831883648
4,1,2.5404927250460156,-0.726032202198932,2.6836201024624677,0.5085635378244627,1.3644669581682844
4,2,1.2311064563374825,-0.726032202198932,1.3151883408891194,0.09124702746113508,1.4438125587576638
4,0,-0.09391485567197254,0.5539475692159485,-0.0695835112853269,-0.3310525515853214,0.7503673209947684
4,3,-0.08358423310756394,0.5539475692159485,-0.05878703939995308,-0.32776006298857463,1.082196228115961
4,5,1.4342073338330943,0.5539475692159485,1.5274478535043186,0.1559776203149885,0.9583563970034176
4,1,0.7431416425451816,-0.4849307177523809,0.8052192309022387,-0.06427298839541044,1.256597970038978
4,2,-0.4265604725642173,-0.4849307177523809,-0.41722945693657554,-0.43707054745604845,1.2568024180653223
4,3,-0.10200039129038821,-0.4849307177523809,-0.07803365622462281,-0.33362950507057804,1.3315538363288852
4,0,-0.3853121024019291,1.0096788033702726,-0.37412103186363493,-0.42392421599857955,1.192522888001298
4,3,-0.41712895898248625,1.0096788033702726,-0.4073726384741047,-0.43406461526519513,1.237338498045384
4,5,-0.3576610100206832,1.0096788033702726,-0.3452230405148351,-0.41511149384314033,1.181946277513342
4,0,-0.43559667897076876,1.657192812852013,-0.42667314223342123,-0.439950490689472,0.9282193027394289
4,3,-0.4568852593993275,1.657192812852013,-0.4489217103757045,-0.44673540688062596,1.1487620722630014
4,5,-0.403206197304489,1.657192812852013,-0.39282204347500616,-0.42962727049006416,1.030639305132872
4,1,1.6043526982109466,-0.4434107354650019,1.7052657568398397,0.2102049109270208,1.5178883943688366
4,0,-0.15643891581145497,-0.04995947474174615,-0.13492703276688914,-0.35097969089837594,1.1118575154181303
4,3,1.2015894711212176,-0.04995947474174615,1.2843403162497593,0.08183962373217506,1.2938135084171332
4,5,3.919248957772889,-0.04995947474174615,4.124549999364085,0.9479890560489439,1.2219764287982495
4,1,-0.46558846247896135,-0.1878239397376356,-0.4575509651408612,-0.44809412474943006,1.359265688646355
4,2,-0.45857605693664466,-0.1878239397376356,-0.44956756152435096,-0.44387258171207067,1.3618308888561192
4,3,-0.4651072189613514,-0.1878239397376356,-0.4570030845005124,-0.44780441101157203,1.0868770324496888
4,1,1.7453602714835081,-0.9826212990860136,2.0595447749899134,0.882920628674881,1.332605856030366
4,2,1.009526042606504,-0.9826212990860136,1.221820600365423,0.439940563300593,1.4106543242422207
4,0,-0.10446246750101777,0.13347536763900134,-0.04642035426487905,-0.23069241851482694,0.7279063891594261
4,3,-0.04687222762131788,0.13347536763900134,0.01914432629399757,-0.19602247897455224,1.0659870614540738
4,5,1.4225124718326039,0.13347536763900134,1.6919926882400682,0.6885628048840992,1.0227173458072127
4,1,0.7134270037413268,-0.3125898388928641,0.8847211380687068,0.26168577921160147,1.2231667269872688
4,2,-0.4300355234112446,-0.3125898388928641,-0.41707505988724,-0.42669087568271974,1.2286654170138684
4,3,-0.09836098718846284,-0.3125898388928641,-0.039474010431886065,-0.22701926219555588,1.336821271522464
4,0,-0.38760230592769795,1.335577711959301,-0.36876617360363284,-0.40114562552007094,1.19485443496581
4,3,-0.4176477996499095,1.335577711959301,-0.40297202518969155,-0.41923333366267856,1.2193539063642382
4,5,-0.35512266530614667,1.335577711959301,-0.3317891221715245,-0.3815925349444583,1.1898014344217123
4,0,-0.4356074210135725,1.5271408048407524,-0.4234184904262777,-0.43004521755385694,0.933288308298906
4,3,-0.456858404292318,1.5271408048407524,-0.4476120678995348,-0.4428385364735998,1.1541821396877854
4,5,-0.4030966284678903,1.5271408048407524,-0.38640597350628964,-0.4104733731871776,1.030639305132872
4,1,1.5119174198843002,-0.743716639099112,1.7937774156639694,0.7423855385630799,1.5128559564451662
4,1,-0.46587420081754227,-0.1878239397376356,-0.45752221432895607,-0.4470987663375613,1.3010995149659146
4,2,-0.45885320164098253,-0.1878239397376356,-0.44900117514471816,-0.4411316371653768,1.4921547518943306
4,3,-0.4655240102221386,-0.1878239397376356,-0.4570972053365966,-0.4468011402497198,1.308332819650179
4,0,-0.13974148447723772,1.068663540111866,-0.06171107900286003,-0.1699194081380655,0.8209212912339415
4,3,-0.042206958431630186,1.068663540111866,0.05666174762064805,-0.08702506489344544,1.2066359216789304
4,5,1.495942928030778,1.068663540111866,1.9234381313058908,1.220244574069755,1.084813822527173
4,1,2.6680190345998156,-0.33895173240866017,3.345928887860362,2.2163890474772527,1.299324305640152
4,2,1.4946904058398558,-0.33895173240866017,1.9219180075894027,1.2191800586758188,1.464622312746951
4,1,0.742519678266842,-0.31621459925128603,1.0090456248817228,0.5799120886767892,1.2958224579558149
4,2,-0.41719555964786975,-0.31621459925128603,-0.3984433569738574,-0.4057269142006713,1.2997374262194474
4,3,-0.08380337078076133,-0.31621459925128603,0.006178240838021933,-0.12237774894095162,1.3700923866162056
4,0,-0.39485395824734065,1.6764150268739477,-0.3713284611960555,-0.3867388445373816,1.174623210991682
4,3,-0.4156566223696698,1.6764150268739477,-0.39657562497399124,-0.40441897535949217,1.247032293786383
4,5,-0.372234105712065,1.6764150268739477,-0.34387586581442686,-0.3675142899491422,1.1638202285074766
4,0,-0.4355687496594789,1.6631242388930667,-0.42074198827850934,-0.4213422412142949,0.9282193027394289
4,2,-0.4568369202067104,1.6631242388930667,-0.44655411416723734,-0.439418004751639,1.1240015226265039
4,5,-0.4030246567811049,1.6631242388930667,-0.38124483357751926,-0.3936831002411459,1.0397717887966915
4,1,-0.466032108846758,-0.1878239397376356,-0.45766697142234264,-0.4457823871491978,1.397893497045615
4,2,-0.45949342739208865,-0.1878239397376356,-0.4496639365966292,-0.43814122535333727,1.3498032526239059
4,3,-0.468418990757761,-0.1878239397376356,-0.460588401253579,-0.44857171875925245,1.2499017362143359
4,0,-0.17358106771774928,0.15137948698514633,-0.09972081925120911,-0.10402147738063419,0.8191269836327522
4,3,-0.04775629774407012,0.15137948698514633,0.05428270929163731,0.04301847738107719,1.2497915252702727
4,5,1.54419511010114,0.15137948698514633,2.0027554472783557,1.9033871714098356,1.0285606558196747
4,1,2.6166248050093444,-0.816870893605446,3.3153583410014416,3.1566381319115306,1.363304842871936
4,2,0.8419856236085715,-0.816870893605446,1.143284464901543,1.082778867109252,1.3942174360023138
4,1,0.730076095882927,-0.4685793534771565,1.0063125302763607,0.952000389249722,1.3090532808664685
4,2,-0.42418648110457885,-0.4685793534771565,-0.40644991513259876,-0.3968812112402527,1.2173376410934458
4,3,-0.19642187333145628,-0.4685793534771565,-0.12767687798279237,-0.13071344768873075,1.369002863900818
4,0,-0.3973927863538034,1.5701985642498857,-0.37365570828761513,-0.36556985923160396,1.194388560440756
4,3,-0.41978438122154127,1.5701985642498857,-0.4010619544398818,-0.39173687783281813,1.308332819650179
4,5,-0.3709672858621707,1.5701985642498857,-0.3413121536470736,-0.33468878233666455,1.2315184857736359
4,0,-0.4355590818209555,2.721339573389898,-0.4203694370152715,-0.4101713344426145,0.9208517430310692
4,2,-0.45679502623977564,2.721339573389898,-0.44636122204394435,-0.4349878495637526,1.1216775615991057
4,5,-0.4024424380611392,2.721339573389898,-0.3798362415754944,-0.3714709275090535,1.0681530811834012
4,1,1.5744565188837079,-0.7459134635587616,2.0397939708728527,1.93875092513929,1.6537325799357152
4,1,2.200962532920819,-0.6995604674601535,2.4802476017111577,2.4816797955053618,1.378651593181834
4,2,0.7550835715301593,-0.6995604674601535,0.8871912368817402,0.8944167406389126,1.4454205347056746
4,0,-0.21473168529052297,0.6172161136538589,-0.1813424432133743,-0.17023110907924308,0.8291985433284503
4,3,-0.05256765871588941,0.6172161136538589,-0.0026715851544006648,0.007789994404225662,1.3277114036875928
4,5,1.5246542600367585,0.6172161136538589,1.735097262385041,1.739239270458283,1.0881877713696508
4,1,0.6556412586825979,-0.713290620332964,0.7776265958257568,0.7852505424382055,1.2291531027587208
4,2,-0.4218941291702492,-0.713290620332964,-0.40959215054627385,-0.39765076335643806,1.2221904659332206
4,3,-0.27168169941911674,-0.713290620332964,-0.24408945379123193,-0.2327499338316945,1.3211630717966338
4,0,-0.40265942732577586,0.6392941994733379,-0.388399529990081,-0.37653521189994577,1.2267122912954254
4,3,-0.4197800951464626,0.6392941994733379,-0.407262926975706,-0.39533001024204195,1.247647867787572
4,5,-0.37739521685553296,0.6392941994733379,-0.36056365135380825,-0.348800561240656,1.210451770423645
4,0,-0.4351347711302056,1.4715611460116158,-0.42418057012494204,-0.4121861306775999,1.1733663106343217
4,2,-0.4563320441949321,1.4715611460116158,-0.44753553390442113,-0.435456161778402,1.1410330045520618
4,5,-0.40238872784712026,1.4715611460116158,-0.3881012757523864,-0.37623804229383406,1.1373750216439649
4,1,1.3615309690397461,-0.5967490827485491,1.4709039041351042,1.3006468694308646,1.3124822030934706
4,2,0.4724443122981359,-0.5967490827485491,0.5323056422450322,0.45056034446380616,1.4835257709974157
4,0,-0.23067932203703542,0.21102327106463484,-0.20997365800715695,-0.22172049835611363,0.8697424970220562
4,3,-0.04183420954633854,0.21102327106463484,-0.010612107582138902,-0.041159150126494494,1.296349392445729
4,5,1.5497122232851686,0.21102327106463484,1.6695646266389423,1.4805734798151713,1.0927929199397195
4,1,-0.44015130511957734,2.237483993868473,-0.43111075161341045,-0.42200391148166644,1.3402504226184837
4,2,-0.4550182923600281,2.237483993868473,-0.4468056541042082,-0.4362187525482076,1.4362742934249113
4,1,0.641337154485066,-0.40639424331990515,0.7106038167156435,0.6120446364817247,1.333069377748235
4,2,-0.42665285413232995,-0.40639424331990515,-0.4168605966495835,-0.40909757529364943,1.2657732051373758
4,3,-0.18696350464271574,-0.40639424331990515,-0.16382338692583423,-0.17992229228357337,1.3920186866115765
4,0,-0.41480867773686675,1.8121787784802972,-0.40435683979528175,-0.39777294829945276,1.228740461027257
4,3,-0.4202409287827453,1.8121787784802972,-0.41009160293805375,-0.4029669115417575,1.3011643302882296
4,5,-0.3622779400177538,1.8121787784802972,-0.34890076164463196,-0.34754649180841274,1.254598018332478
4,0,-0.44633979597884305,0.9257601090116552,-0.43764386817767964,-0.4279209417840034,1.2379600667383472
4,2,-0.456141910037305,0.9257601090116552,-0.4479918439889896,-0.4372930822993349,1.2227053404552048
4,5,-0.42071465287039267,0.9257601090116552,-0.41059170785123594,-0.4034198555381697,1.1751323155964577
4,1,1.3832030403964004,-0.9497787734142511,1.4937828530022073,1.3213682869538028,1.7032807405679704
4,1,1.2856556238994283,-1.0083241452639147,1.4738237859350511,1.6012556088950134,1.4314147964922719
4,2,0.34477405937076494,-1.0083241452639147,0.4360690867454957,0.501732973460327,1.5132658229323064
4,0,-0.2598375230236536,0.3222924299458906,-0.2307932833909164,-0.20482154471824104,0.9288046969754319
4,3,-0.023335337633925052,0.3222924299458906,0.030059159000433083,0.07155703040672104,1.2845597425560769
4,5,1.5518810417272546,0.3222924299458906,1.76745976377013,1.9123690200461725,1.0911773102552185
4,1,-0.4406776652169633,2.071184382272993,-0.4302527205026231,-0.4161529569097207,1.3673663512343717
4,2,-0.4554050059009647,2.071184382272993,-0.4464963876848973,-0.4333634593281943,1.328400382700988
4,1,0.6036476231036747,-0.40320884785341304,0.7215962641508599,0.8042549419745766,1.3382414250435346
4,2,-0.4189185833135983,-0.40320884785341304,-0.4062533242630792,-0.39072509863192345,1.251003179259909
4,3,-0.1715100018651778,-0.40320884785341304,-0.13337156364403976,-0.10160121124913774,1.348592493935879
4,0,-0.4018548483197717,1.5826106224469065,-0.3874327076919322,-0.37078426486697436,1.1679469819495567
4,3,-0.4220423693609416,1.5826106224469065,-0.4096987352161101,-0.39437558302528025,1.335376935821545
4,5,-0.3749900734717635,1.5826106224469065,-0.35780193653500325,-0.33938984801915484,1.2529670293878135
4,0,-0.4350252022936069,2.063715179110184,-0.4240182801880259,-0.40954743803838534,1.254838734601452
4,2,-0.4559528500839582,2.063715179110184,-0.44710063788642607,-0.4340036749542644,1.2543201968143063
4,5,-0.40226304594631584,2.063715179110184,-0.38788293333228696,-0.37126128827463445,1.1996909228417851
4,1,1.4576035030597574,-0.7626093294520991,1.6634754129129237,1.8021954427480449,1.7457718260006783
4,1,1.032103668171518,-0.7303160098952489,1.2704708215834841,1.3049525192269429,1.4089210514054926
4,2,0.3478645450854164,-0.7303160098952489,0.4810376015400665,0.5053445427862168,1.5414884525467452
4,1,-0.4664832746445174,0.41192286789959703,-0.4585070693393873,-0.44630962354713793,1.1858088335964319
4,2,-0.4614474049780988,0.41192286789959703,-0.4526969911466423,-0.4404246610863208,1.244154593958768
4,3,-0.46635007331375034,0.41192286789959703,-0.4583533897967464,-0.4461539632772699,1.170932950247736
4,0,-0.2650646010519797,0.6038154844499961,-0.2261225318968429,-0.2109299549858043,0.8750056672368143
4,3,-0.035550114506119106,0.6038154844499961,0.038677234882571146,0.057282732594871114,1.249350559415941
4,5,1.5582478504970632,0.6038154844499961,1.8775037757422375,1.9198093298809131,1.087189269027611
4,0,-0.434988679348074,2.488141664714501,-0.4221705329628749,-0.40950475699664735,1.2674596363197987
4,2,-0.4559216981598272,2.488141664714501,-0.44632176882934704,-0.4339672705363114,1.268994163347283
4,5,-0.4021889258509697,2.488141664714501,-0.38432818493871207,-0.37117467086640143,1.2081459029250838
4,1,-0.440795827687805,1.0781098852883595,-0.4288704652815565,-0.41629104263299077,1.3428648031925547
4,2,-0.45595929530964047,1.0781098852883595,-0.44636514611960854,-0.4340112069028064,1.324418957401803
4,1,0.5789194405693411,-0.6378297001439978,0.7476145975551145,0.7753573660684306,1.2600695437723508
4,2,-0.43907817504347835,-0.6378297001439978,-0.4268887427921795,-0.41428377834654734,1.2402358510659761
4,3,-0.3591767122602985,-0.6378297001439978,-0.3347033255283661,-0.3209102122713541,1.331249097680595
4,0,-0.4056822381707635,1.0954647985195922,-0.38835855487958376,-0.3752569869761663,1.2022790631558402
4,3,-0.4197371269752474,1.0954647985195922,-0.40457422533049575,-0.39168165609675765,1.3001916620664788
4,5,-0.37485257532387495,1.0954647985195922,-0.35278917686512534,-0.3392291664502588,1.2151246762078012
4,1,1.6780527796834963,-0.4434107354650019,2.015727370265828,2.059814444704395,1.6216214553366959
4,1,1.1618374675214977,-0.7860055099473681,1.3645700712487827,1.572176467380832,1.4728248533779897
4,2,0.15821592779299576,-0.7860055099473681,0.24082365725861882,0.32825405338927083,1.5534371993058849
4,1,-0.4666164759752844,-0.23537145913617827,-0.4587958161032267,-0.44618431931230285,1.4445632692438664
4,2,-0.46154730597617405,-0.23537145913617827,-0.4531199100142165,-0.43990141890351653,1.489903343814042
4,3,-0.46617927483317,-0.23537145913617827,-0.45830628574123744,-0.4456424374588644,1.2627132993485362
4,0,-0.29006992829065115,0.7592408149702102,-0.261118163711849,-0.22736656871165928,0.8776269005933767
4,3,-0.03216637102292402,0.7592408149702102,0.027654233215100618,0.09228780580512076,1.2275015129159255
4,5,1.5606938136434871,0.7592408149702102,1.811166094659216,2.0665324863221306,1.0975005599266539
4,0,-0.43444083516508053,2.4511251725694034,-0.4227690275708847,-0.4063047439903329,1.267715554452977
4,2,-0.45589913986993924,2.4511251725694034,-0.4467957069593287,-0.4329008911753118,1.2735836667371536
4,5,-0.40198267862913684,2.4511251725694034,-0.3864259086080681,-0.36607500914144825,1.2116703745687767
4,1,-0.4409032481158429,1.8248105191232828,-0.43000493582082855,-0.41431447674287764,1.3336844108475931
4,2,-0.4564115353116802,1.8248105191232828,-0.44736943173247085,-0.4335359713819214,1.320421616969183
4,1,0.54134377484167,-0.5034938844364204,0.6698086158028852,0.8031156396572384,1.2612034378746453
4,2,-0.4505109311995562,-0.5034938844364204,-0.44076257601156965,-0.42622256346807036,1.259974994346667
4,3,-0.3912728619537543,-0.5034938844364204,-0.37443421890528544,-0.3528009008397743,1.348772204682055
4,0,-0.4097824759089716,1.4484944891852942,-0.3951592745992321,-0.37574234117539557,1.2597713196729354
4,3,-0.4248825654782647,1.4484944891852942,-0.41206671513604415,-0.39445790189722413,1.2625112178281879
4,5,-0.3929690305124734,1.4484944891852942,-0.37633340426543527,-0.3549031894063082,1.1320931168854207
4,1,1.079322465724155,-0.7614010759992919,1.272178733173879,1.4699045888258586,1.4032466302472166
4,1,1.1159388670294472,-0.8099508965575495,1.3617466824050624,1.6838358546693741,1.4469189829363254
4,2,0.32567900408274086,-0.8099508965575495,0.45270694545035023,0.6204061264472386,1.586720271442786
4,1,-0.46593757887008463,-0.025464882016652125,-0.45789343292279155,-0.4448493004533051,1.448486381454647
4,2,-0.4611852991336862,-0.025464882016652125,-0.45242686259059417,-0.4384542957397043,1.451613827240533
4,3,-0.4659676565899353,-0.025464882016652125,-0.4579280314691979,-0.4448897751666824,1.3480731482996928
4,0,-0.30460713481702545,0.5414955683566022,-0.27231424397356113,-0.227751611050761,0.8830020191329478
4,3,-0.040469970110256714,0.5414955683566022,0.03152401225481729,0.12769009420060057,1.3095794436428494
4,5,1.5476293411855129,0.5414955683566022,1.858322319701663,2.264749178415931,1.1196245448525017
4,0,-0.43451710366898744,3.1488366209541394,-0.42175030855191153,-0.4025676802288873,1.2674596363197987
4,2,-0.4558851752142943,3.1488366209541394,-0.44633010444885324,-0.43132207303244696,1.2743465400608647
4,5,-0.4019601203392489,3.1488366209541394,-0.3842998533918215,-0.3587566940490017,1.2119409739751128
4,1,-0.44134474607507884,1.2817555126978841,-0.42960417858614447,-0.41175544016551635,1.2906091109854827
4,2,-0.458443929810158,1.2817555126978841,-0.44927345221813314,-0.4347653147204662,1.349371007015293
4,1,0.32169263199825293,-0.5424875185952021,0.4481214027030808,0.6150417813992791,1.3609765531356006
4,2,-0.43767633845758325,-0.5424875185952021,-0.42538439158694596,-0.4068189706589732,1.327890828529448
4,3,-0.22916254559313973,-0.5424875185952021,-0.1855299686251844,-0.1262280201713922,1.4020948001379863
4,0,-0.40798103533077534,1.1634565155457497,-0.3912257409849423,-0.3668588643518345,1.1686644280881955
4,3,-0.41720307907783244,1.1634565155457497,-0.40183390244559203,-0.3792687005783859,1.3173652632243604
4,5,-0.38344943217975125,1.1634565155457497,-0.36300691940347946,-0.33384739901627797,1.248058040229729
4,0,-0.21787158440207194,-0.697143960554539,-0.17254192143672897,-0.1110341018746792,1.6029885887829496
4,3,-0.17381094743375047,-0.697143960554539,-0.1218587579385961,-0.051742983353484436,1.6958776974461562
4,5,0.9445066059237003,-0.697143960554539,1.1645473245127973,1.453144443673995,1.6368585080100926
4,1,1.2093505970469587,-0.42298026799026006,1.5276234236723438,1.6310658439396424,1.450171606006258
4,2,0.2216519873665203,-0.42298026799026006,0.3571187438180647,0.4068788469346123,1.547398829151031
4,1,-0.46596658238565486,0.09700808160881699,-0.4577662281371283,-0.4453788192598943,1.4755254947716137
4,2,-0.46086411205385275,0.09700808160881699,-0.45171937807208234,-0.4390546452947036,1.6047603229499685
4,3,-0.46573348005681253,0.09700808160881699,-0.4574899825657357,-0.4450899043650635,1.3571229838196106
4,0,-0.31507525552932264,0.8428299856598801,-0.27894750499252235,-0.2583590153562297,0.9133233708098003
4,3,-0.03996401989419802,0.8428299856598801,0.047082101240894604,0.08262313658126398,1.2933563654606215
4,5,1.548425326557274,0.8428299856598801,1.929455069300111,2.0513265092997215,1.1474024528375417
4,0,-0.43460411421569817,4.441448133012005,-0.42059910508468995,-0.4065071175572191,1.2656663732030708
4,2,-0.4559485532668367,4.441448133012005,-0.445894033672577,-0.43296213580739573,1.2723109160244732
4,5,-0.40203424043459507,4.441448133012005,-0.3820011063537017,-0.3661389165836228,1.2097741259713675
4,1,-0.4428249995734417,3.0760118901167526,-0.43034153530527874,-0.4166963603689252,1.3137236682850553
4,2,-0.4592581766546856,3.0760118901167526,-0.4498162115779258,-0.43706419475197517,1.3137236682850553
4,1,0.6435360506470026,-0.2048355991470479,0.8570863104277956,0.9297761958320777,1.291159166004852
4,2,-0.4582924670066245,-0.2048355991470479,-0.4486717656392992,-0.43586726161624756,1.2472717286253212
4,3,-0.30838618547540014,-0.2048355991470479,-0.2710204028125136,-0.2500683561391259,1.3679267037617058
4,0,-0.40535948275268063,1.5203306490158381,-0.3859417939853549,-0.37026033415756104,0.9421084147501709
4,3,-0.4180997388747507,1.5203306490158381,-0.40104005297576684,-0.3860510376477664,1.4085449700547104
4,5,-0.375570713111437,1.5203306490158381,-0.3506396340962665,-0.3333391275322046,1.3040766707603906
4,0,-0.17018550798747004,-0.680338253438219,-0.10724115054547674,-0.0787777714406745,1.645736588669599
4,3,-0.21610022154372632,-0.680338253438219,-0.16165388998342628,-0.1356860172920737,1.6089044367612544
4,5,0.8235254230502518,-0.680338253438219,1.070388628217026,1.1528610996029185,1.5579408621318285
4,1,1.169108756295386,-0.7759001174329796,1.59446320325721,1.6973196022054673,1.5080013121409996
4,2,0.4205301678359607,-0.7759001174329796,0.6550486272037849,0.7164881127458763,1.5837255492898261
4,1,-0.4659397272786454,-0.3169834878121635,-0.45741004217972686,-0.4450166390474277,1.439044926584471
4,2,-0.4604892147600004,-0.3169834878121635,-0.45057002433115495,-0.43787505846470903,1.5858280467267072
4,3,-0.4657302574439714,-0.3169834878121635,-0.45714717196284244,-0.4447421794073744,1.5151272329628591
4,0,-0.3339200212200183,0.5262675810243623,-0.29173440292283115,-0.2720366915472071,0.902116678911923
4,3,-0.04571638381562965,0.5262675810243623,0.06994131420026779,0.105584586032709,1.2505627474976597
4,5,1.5469955606600891,0.5262675810243623,2.068685118830848,2.19244901531751,1.1432787356418732
4,0,-0.4346191530756235,2.459143581847125,-0.4181048785197325,-0.40397858917546725,1.255875004227891
4,2,-0.45594425644971515,2.459143581847125,-0.4448664146509603,-0.43191998801822057,1.2725655957915476
4,5,-0.4019536751135666,2.459143581847125,-0.37711195326210073,-0.3611783676658317,1.2119409739751128
4,1,-0.4443611116943842,3.1677293113071263,-0.43033036568344923,-0.4167430736659433,1.2455944790167555
4,2,-0.4595331729504627,3.1677293113071263,-0.4493702577002466,-0.4366223965177994,1.3737155789130306
4,1,0.5650428696754001,-0.20132068001160838,0.8364021158061459,0.9058371146759387,1.3671115417031166
4,2,-0.4584815269599713,-0.20132068001160838,-0.44805051440624744,-0.4352444683761988,1.3562032742725272
4,3,-0.17764693091898529,-0.20132068001160838,-0.09562243670790288,-0.06727854018482231,1.352898032659534
4,0,-0.41054086413091945,1.6625750327781543,-0.3878882841019675,-0.3724298054226809,1.0815443800777143
4,3,-0.40505060605390036,1.6625750327781543,-0.3809983883148072,-0.3652361478826189,1.3391278781414344
4,5,-0.383273262677769,1.6625750327781543,-0.353669322125588,-0.33670219771441734,1.2537828565184377
4,0,-0.24872273133456804,-0.7639274241278889,-0.18481767142777075,-0.16040621476822015,1.6247680784632217
4,3,-0.10536479909653645,-0.7639274241278889,-0.004913339149259599,0.027429740428215513,1.628259666674688
4,5,0.9912817571085404,-0.7639274241278889,1.3713025655941034,1.464320257624271,1.5724392448839184
4,1,2.0887081856211727,-0.7448150513289368,1.3163431593594432,2.3584487485265027,1.095854867139911
4,2,0.7300546117973195,-0.7448150513289368,0.37161542111653256,0.8669403445182675,1.2919836816486494
4,0,0.3347162846935727,-0.3315923704688337,0.09672041417646277,0.43294418194810075,0.743005772804391
4,3,-0.33692134797939827,-0.3315923704688337,-0.37029686959525915,-0.30436898814908236,0.9870344506397577
4,5,4.08211336553833,-0.3315923704688337,2.70243980939649,4.546777426065797,0.8562704726938257
4,4,0.2519262866004527,-0.8860708640844106,0.039153121707994,0.3420586315011378,0.9802040576178078
4,1,0.9677760190452787,-0.49371801559097955,0.536912897771463,1.1279071454409608,2.2801631762763854
4,3,-0.47023009917448066,-0.49371801559097955,-0.46299192993360927,-0.45071322671440656,1.1048888461388422
4,4,-0.39741516202896365,1.1408292236113575,-0.41236070781406803,-0.37077814040376594,0.9555114450274363
4,1,1.9796764511626646,-1.0055781146893525,1.2405289077531374,2.2387554349537355,1.4988349207588616
4,1,5.680876302725426,-1.2430548387774822,3.814125468366791,6.301874091450641,1.1108701860636117
4,3,-0.46348624470225885,-1.2430548387774822,-0.4583026504106104,-0.44330992993992546,1.1640576566207856
4,1,2.550508605756273,-0.6121268539660968,1.717577070581546,2.6514377427959483,1.244154593958768
4,2,1.145234566163954,-0.6121268539660968,0.7031616790529548,1.2082783620042987,1.3828100371572623
4,3,-0.32789051259424873,-0.2999580982498785,-0.3602328699366606,-0.3045612810777683,1.0173218894510991
4,5,4.0780732832398225,-0.2999580982498785,2.820269553852829,4.220184643376212,0.8077737246230803
4,1,0.19767897044129343,-0.9116638690393293,0.019156315295601016,0.23517723847860358,0.9915409084639599
4,1,0.696747833879876,-1.0083241452639147,0.3794156826796664,0.7477006977046515,1.1898738800478543
4,1,-0.382364485856568,-0.24602605776547923,-0.39955561792611666,-0.36050383982973694,0.898311894821037
4,1,5.371798727744705,-0.7061509408391026,3.7541621373226346,5.54878814618319,0.46171040659255463
4,1,1.0823936157617595,-0.3193999947177782,0.6577991195021043,1.1437432574512398,0.8185638409345177
4,3,-0.4304082722965363,-0.3193999947177782,-0.4342366517023865,-0.40984285779786606,1.116233889908759
4,1,2.2353370698929598,-1.1170669560165734,1.4900663872957423,2.3277693722682997,1.4108434914659578
4,1,2.092896508110372,-0.5804925817471416,1.3872438102187794,2.1814886987838524,1.491779868965868
4,1,-0.1961382834014361,0.9526712086423637,-0.26512580512518436,-0.1692570911882433,1.0569218616139007
4,1,5.840530988101093,-0.947032742839689,4.092522632154981,6.030157145790726,1.0525893764726992
4,3,-0.4645368164884699,-0.947032742839689,-0.45887278639452445,-0.44489148697316916,1.1036570139504276
4,1,0.3288715392040284,-0.22284955971617507,0.156674375958237,0.31328544686636733,0.723514717338023
4,3,-0.3364433270746295,-0.22284955971617507,-0.35922292299034725,-0.32284512420362127,0.9934986562358153
4,1,0.24311781150134165,-1.2595310222248548,0.09017936924955007,0.23129333976073307,0.9205672887552133
4,1,0.6928355818907344,-1.385738587431728,0.43889874258873207,0.6612840653524652,1.174028927952864
4,1,-0.38440869660213,-0.5060202325650175,-0.3964161465849393,-0.368706474153274,0.9360933591703349
4,1,0.7069570713606018,-0.44132375222833486,0.44984880281758044,0.6747861101978953,1.191787756139966
4,2,-0.41388915887286204,-0.44132375222833486,-0.4192758354752462,-0.39689376448782276,1.1246976590509987
4,3,-0.14744138075899718,-0.44132375222833486,-0.21266736179322052,-0.14213382172575684,1.3173729156534688
4,1,5.452605744736244,-0.4203440786386804,4.129711461707808,5.212265059943138,0.746928901868459
4,1,1.0946395445580845,-0.48229452840080117,0.7504648736711471,1.045462741021365,0.7938679168694615
4,3,-0.4261114551750187,-0.48229452840080117,-0.42875322726193593,-0.4085799250120355,1.1252542196145308
4,1,-0.3116012788865757,0.1939978815023499,-0.33995994509801236,-0.29909278211512197,0.9099851791958697
4,0,0.38555729907964886,-0.1332191217624686,0.20062954950223555,0.3674846638520158,0.6787101325930855
4,3,-0.06044157609107034,-0.1332191217624686,-0.14520612424672738,-0.058950297305296905,1.122762748791933
4,5,3.206417739355929,-0.1332191217624686,2.387976256467183,3.0646069644833003,0.7620511593627258
4,1,2.326644433725208,-1.3633309779433016,1.7057839666711845,2.223425256860672,1.46611079881169
4,1,1.897012134970349,-0.7499775888091136,1.3726392353592054,1.81263894588326,1.5039980285155858
4,1,6.060387303962062,-0.7932550306642121,4.600996383472677,5.793386044836618,1.095844233469072
4,3,-0.4640824280778694,-0.7932550306642121,-0.4581966131712265,-0.4448852864296725,1.1601414784944168
4,0,2.6873514890338037,-0.43780883309289537,1.8018230014150367,2.456479721610744,0.8751308423571481
4,1,0.16502853133916187,-0.43780883309289537,-0.007338534930383429,0.13412093272999207,0.8375267760155679
4,3,-0.33593308004144923,-0.43780883309289537,-0.3666582944126444,-0.3271255533841272,0.9519069416031588
4,1,3.5788937767603612,-0.7789756716764892,2.441290683245346,3.2773425144757007,0.5053104430778805
4,1,0.15621468521864895,-1.3465252708269815,-0.013660354798792877,0.1260058287781477,0.6272744364092375
4,3,-0.4663941156892459,-1.3465252708269815,-0.46023278572263315,-0.4472439275276435,1.5107219394949425
4,1,0.6619307247442192,-1.3421316219076822,0.3490695658244448,0.5916298225206478,1.2363890430202267
4,1,-0.38301545365047795,-0.5900487681466174,-0.4004286009126305,-0.37047534085631983,0.9360933591703349
4,1,1.3527128261021117,-0.9691108286591682,0.8445399830269773,1.2276482512456777,0.4784401638972798
4,1,1.1261137299732007,-0.6016919377827609,0.6820095000685904,1.019013428792811,0.6864057581485908
4,3,-0.4436209849452028,-0.6016919377827609,-0.4438985284148598,-0.426276200071324,1.0942695392339727
4,1,-0.41489783669213826,1.349637388501059,-0.42329656114351305,-0.39983015929516713,1.060391075847912
4,1,-0.3094528703258169,0.028796682136694583,-0.34766509738934626,-0.3027446359536682,0.9172902322072386
4,2,-0.4687788491916881,0.028796682136694583,-0.4619432598369377,-0.4494396046480694,1.091923300517313
4,0,0.4473992395010904,-0.5926849574981972,0.19519469842847664,0.39410591753213464,0.5502386263150965
4,3,-0.24851326149989406,-0.5926849574981972,-0.3039555494143472,-0.24663618413305477,0.9878048666240203
4,5,3.1518696459982634,-0.5926849574981972,2.1350033263018484,2.884171909532264,0.7034274901324638
4,1,2.3341638636878637,-1.3184059177434657,1.5484956212158485,2.1312920277256833,1.504469476791747
4,1,1.7995796583313775,-0.6969242781085739,1.165059717846533,1.6390884723010544,1.5286151386214033
4,1,5.871656057125086,-0.8031407407326355,4.085797513012472,5.388339687290517,1.0629100163228657
4,3,-0.4673361928431386,-0.8031407407326355,-0.460908500046167,-0.44811131889458655,1.1259621215407014
4,1,-0.16384985114179237,-0.21109654885704926,-0.24322986593735885,-0.16868470113919534,0.9742693220108853
4,2,-0.4672942988762038,-0.21109654885704926,-0.4608784511765914,-0.4480727461884169,1.4170660197866443
4,0,2.5849626338451617,-0.39387234389990194,1.8167895953683681,2.362208027732133,0.8792902547956571
4,1,-0.33511990740120207,-0.39387234389990194,-0.3621556734478848,-0.32637684726693694,1.0270816375979883
4,3,0.167449787787137,-0.39387234389990194,0.012858335297409748,0.13635023733784793,0.7411159894141944
4,1,3.6222551067421556,-0.061053438262976885,2.5908100197262423,3.317266254405031,0.8517522107365839
4,1,0.2426881297891899,-1.0315006433132188,0.06900066245258278,0.20562385048728535,0.9296299393394288
4,3,-0.4665015361172838,-1.0315006433132188,-0.4601917304008209,-0.44734283190243745,1.3699108818693666
4,1,0.6331667567285003,-1.2321805577022162,0.36037309581383487,0.5651461980820691,1.2935087697587049
4,1,-0.3840252056740346,-0.7551401262892902,-0.39864846664606246,-0.37140504197938307,0.9762734366470984
4,1,1.4266223774093354,-0.7146087150087538,0.9524441580347985,1.2956984172789137,0.6148252136042303
4,1,1.1269730933975044,-0.6258570068389072,0.7288479478159906,1.0198046637911629,0.8161941153358698
4,3,-0.4417948376685578,-0.6258570068389072,-0.44175576397302885,-0.4245948256998267,1.1606476795875624
4,1,-0.41055697719512513,0.8796267953590121,-0.41844628989823796,-0.39583343350974315,1.0385083645984043
4,1,-0.30408184892391993,-0.08082485839982392,-0.3389952902320317,-0.2977994172139702,0.910272659548592
4,2,-0.4689722059621564,-0.08082485839982392,-0.46203532704360006,-0.44961763252269854,1.0152306797290584
4,1,4.363335749324532,0.07350205989056542,3.1437992371051977,3.999595667583585,0.9492095787602802
4,1,2.200962532920819,-1.237123412736428,1.530251392794532,2.008650602981173,1.5078610793904161
4,1,1.742146252276613,-1.2349265882767784,1.187885877151403,1.5862082592737161,1.5113524565713068
4,1,6.0482208662824855,-0.830051840363344,4.401048785006778,5.550906830051853,1.1039602816266303
4,3,-0.4675445884735322,-0.830051840363344,-0.46097004880957676,-0.44830319338168684,1.13068500862784
4,1,-0.16892976318370653,-0.070609624662453,-0.23814574448946302,-0.17336188902320168,0.9587605984990716
4,2,-0.4665434300842186,-0.070609624662453,-0.4602229913873724,-0.4473814046086071,1.1824937726488118
4,0,0.15597191505128322,-0.5489681507511687,-0.02985680420129641,0.10359447785127791,0.7230526634774982
4,3,-0.3412987304219443,-0.5489681507511687,-0.3738129408304824,-0.3366441104142979,0.9652779208234066
4,5,2.624277436302767,-0.5489681507511687,1.6774404971770729,2.2888096076319133,0.8526887090451215
4,1,3.587396103639564,-0.6636423875448815,2.343618119170975,3.1414680267450565,0.5368588008128065
4,1,0.033218295115208726,-1.2600802283397672,-0.11476400967343758,-0.005080507968000612,0.7926443866140298
4,3,-0.4579079018742487,-1.2600802283397672,-0.45447010503951346,-0.43987935561990865,1.7101878155342434
4,1,0.5022706683471501,-1.3748643063564625,0.20967388675633583,0.4101761666296663,1.2513333756857736
4,1,-0.3811312993426925,-0.7851267801635083,-0.40136465063422133,-0.37190827504636353,0.757827737234992
4,1,0.6363453271941429,-0.8180791470582534,0.3024117189543367,0.5288737794292674,1.110272439124497
4,2,-0.41638346121190295,-0.8180791470582534,-0.4257481478600055,-0.40311736031187684,1.0988344863137176
4,3,-0.39123956162106255,-0.8180791470582534,-0.40835641432056163,-0.38085721895800934,1.2172838183856083
4,1,1.3245267799892368,-0.8839838808477435,0.778418569543777,1.1381275811708713,0.4749911707567746
4,1,1.1372854544891464,-0.7009884033589259,0.6489059921140794,0.9723609960053833,0.6367421593190964
4,3,-0.44211709895267165,-0.7009884033589259,-0.44354779619900314,-0.42589960264422394,1.1902794771939333
4,1,-0.3548465948060892,3.0203223900646337,-0.38318383600711614,-0.34863816786527313,1.017815328311965
4,1,-0.4092818967143148,1.1219365332583706,-0.42083608093860325,-0.3968302754872338,1.0612565021243408
4,1,-0.3094528703258169,-0.07577216214262977,-0.35178554165457976,-0.30845065757639667,0.901684579484793
4,1,4.119491377678411,-0.5522633874406432,2.71166203313617,3.612537200841838,0.5615187378913947
4,1,2.247153316977133,-1.4320915835303363,1.4165882706185184,1.9549379194392227,1.490389370387184
4,1,-0.17923890166250753,0.0051808191954606266,-0.26171810251595257,-0.19317095172880994,0.9007865455256898
4,2,-0.4661900168759738,0.0051808191954606266,-0.4601987445742301,-0.44721159340511474,1.33500106673234
4,0,-0.32410543564986116,-0.619925580797853,-0.36192054520118006,-0.32142271762347147,0.9229352747252739
4,5,0.5205403910024731,-0.619925580797853,0.22231083465621393,0.4263505316017407,0.7237841499140765
4,0,0.12442253533654052,-0.27645207653162696,-0.03294228438020823,0.0545929140019169,0.7615843422688158
4,1,-0.2662311869004717,-0.27645207653162696,-0.3154545306761001,-0.2774226814371888,0.883767540168595
4,3,-0.3450251450705804,-0.27645207653162696,-0.3724366016255648,-0.3443894641649895,0.8435664173476386
4,5,2.652342097331959,-0.27645207653162696,1.7951939733873326,2.2030652587473174,0.8986625806024404
4,1,3.6425360835557186,0.04186778767161022,2.5112806547040365,3.0446285850960733,0.8909729238898652
4,1,-0.46354854855052086,-0.7065903057310325,-0.4581501403677789,-0.44512220044744816,1.3164082336557241
4,1,0.22915315585640958,-0.7722753570745576,0.04279661473894513,0.14360319946264224,0.9978707188665779
4,3,-0.4449100300816581,-0.7722753570745576,-0.4446711705780806,-0.42928137145929435,1.518574971905339
4,1,0.6199390052199085,-1.1130028307662216,0.32540441264613934,0.4757310894072832,1.3173014895436534
4,0,0.1891498958755091,-0.3814602857028814,0.013867130167506613,0.10960453152212299,0.5538851132264376
4,5,1.0736502266999968,-0.3814602857028814,0.6535184660850663,0.8613390915389554,0.6924651300163451
4,1,1.364783659600735,-0.4861389712051881,0.8640598107354595,1.1087726486115914,0.692104971148342
4,1,1.1411525898985122,-0.6240995472711873,0.7023347019646898,0.9187091766940753,0.8030136583552406
4,3,-0.4388944861115335,-0.6240995472711873,-0.44032086046210395,-0.42416877608532966,1.1684492482568893
4,1,-0.30104185081044627,-1.0082143040409322,-0.34062884310794633,-0.3070081753101709,1.195604554789873
4,1,-0.4069949158013871,0.9818889739557042,-0.41725178738995355,-0.3970574131879626,1.0732944806838198
4,1,-0.30408184892391993,0.11447283606303173,-0.3428273033986988,-0.30959186190094234,0.8586616190375187
4,2,-0.4695093081023461,0.11447283606303173,-0.4624608315880565,-0.4501882346849714,1.0801088171035502
4,1,4.364409953604913,0.046810642705821984,3.033324083036032,3.658147333679514,0.9228028153569102
4,1,2.337386476529002,-1.2674395902795934,1.567424942170331,1.93538528534534,1.54292096488768
4,1,5.673792999700604,-0.5821402000918788,3.980241325685979,4.770988622424675,1.1204669639748306
4,3,-0.46216282502883144,-0.5821402000918788,-0.4571480153589201,-0.443944477584517,1.1504137872313729
4,1,-0.17875336132777606,0.1413839356937402,-0.25219247633778613,-0.20307550210168612,0.971070250095451
4,3,-0.46450888717718003,0.1413839356937402,-0.45884463630415095,-0.44593838978036326,1.5390154481375546
4,1,1.9088509403444103,-0.9048537132144153,1.4202398381505366,1.3183896295463062,1.3138458503366532
4,2,0.465193433405575,-0.9048537132144153,0.2774907934387927,0.24479892233956907,1.3428648031925547
4,0,-0.001968340292898592,1.0229695913511532,-0.0922982098258595,-0.1026107205946308,0.5889936656280289
4,3,-0.1360365539142092,1.0229695913511532,-0.19842194227939716,-0.20231192228813263,1.0168047395220505
4,5,1.2868684005319766,1.0229695913511532,0.9279001038917138,0.8558459364764759,0.9366047374137976
4,0,0.10355396878161009,-0.5028348370985256,-0.008770422040652244,-0.02413797350546307,0.5811805301421517
4,3,-0.3457394909170327,-0.5028348370985256,-0.3644154897437401,-0.35825966152551786,0.8909349362965509
4,5,2.203561033075057,-0.5028348370985256,1.653522092076068,1.5375538117397376,0.4990193611143624
4,1,3.658469755646586,-0.5302951428441466,2.805177207079909,2.619511600813179,0.7703975316937519
4,1,-0.4615268960948469,-1.0475374618686615,-0.45606877038853066,-0.44436615258243667,1.4701758451005926
4,1,0.24440685663779693,-0.9729552714635551,0.10272382243686277,0.08060872074772013,1.0045457797511126
4,3,-0.4557594933134899,-0.9729552714635551,-0.4515034950470591,-0.44007716436949657,1.3046096811473489
4,1,0.6296551829359401,-1.231301827918356,0.40767299093722886,0.3671025886441579,1.3435898087198321
4,1,1.3292597240485886,-0.7797445602373665,0.9614556002518787,0.8873706788581583,0.589752324504613
4,1,1.1280472976778837,-0.6080627287157448,0.80218284569902,0.7377369949076197,0.7045337201654617
4,3,-0.448562324634948,-0.6080627287157448,-0.4458064667758988,-0.4347249160873773,1.2421352654202849
4,1,-0.30623025748467875,0.116340136853734,-0.3331413554432513,-0.3288782149857645,0.9769153536905899
4,2,-0.4695093081023461,0.116340136853734,-0.4623873699531564,-0.45030235511742595,1.095273387402595
4,1,2.537188472679569,-1.3611341534836519,1.9176099630285823,1.7856592779649454,1.5662847714436858
4,1,-0.19550557708029265,1.2090406230834803,-0.24549555155099487,-0.2465366711159544,1.1755733298042381
4,1,-0.1682336788100207,-0.4239688389971025,-0.22390806591693257,-0.2262556443418582,0.952548479778085
4,3,-0.4625151640327959,-0.4239688389971025,-0.4568510488974064,-0.4451010881674441,1.3800247481062953
4,0,-0.30557617449835567,-0.5012970599767708,-0.3326236060813635,-0.3283917994665134,0.538829820175588
4,5,0.5828267619608359,-0.5012970599767708,0.3706052427974631,0.3322781532428276,0.6151856390902334
4,0,-0.12595514674284863,0.008036690993005349,-0.19044185118613757,-0.19481478047802972,1.110943354937577
4,3,1.007937294475823,0.008036690993005349,0.7071079470375944,0.6484159595093206,1.3500913125135336
4,5,3.9190491557767384,0.008036690993005349,3.0114427926162044,2.813294143503957,1.2048057905965224
4,0,0.10221765865681813,-0.7664537722564861,0.03863480403873619,-0.02513173423127748,0.6743040929283023
4,3,-0.3489288034254791,-0.7664537722564861,-0.35664719560751645,-0.3606314264732211,0.8348998935140017
4,5,2.327452235344053,-0.7664537722564861,1.9883235347304258,1.6296867745937176,0.710625126504485
4,1,3.66977790410614,-0.34367490499690695,3.164432003088492,2.6279210213603235,0.834538230001896
4,1,-0.46252053505419777,-1.0462193671928715,-0.4561731158912262,-0.44510508238258,1.3376291891386096
4,1,0.22582312258723347,-0.7284487091045467,0.14693447843738985,0.06678873637747182,1.0449037993421313
4,3,-0.4441580870853925,-0.7284487091045467,-0.44008444899132804,-0.43144965967593113,1.3998136730025177
4,1,0.6536657970109803,-1.1958231128950143,0.5217983469054557,0.3849583279877296,1.3713142971295793
4,1,-0.38532821546613477,-0.3926640904470947,-0.38853934945699875,-0.38770022244928265,0.8739524366841909
4,1,1.3560428593712879,-0.629262084751364,1.1372016202050892,0.9072882320548867,0.6318257015887037
4,1,1.1124713356123825,-0.23987494927846,0.9237910163557219,0.7261537710134809,0.795553336541779
4,3,-0.4289043863040051,-0.23987494927846,-0.42671958003271365,-0.420106088689947,1.100942904006392
4,4,-0.4099339387125051,0.5160523472869917,-0.4100982007503805,-0.40599852082991317,1.0792595601522947
4,1,-0.3035447467837302,-0.04062297078823505,-0.31688294570381936,-0.32688110741780957,0.9717254387622557
4,2,-0.46961672853038405,-0.04062297078823505,-0.46239060352084643,-0.45038223942014416,1.1184149159642893
4,1,2.367464196379625,-1.1411221838497372,2.0233809039859465,1.6594420796701919,1.5728959610726099
4,1,-0.19873785775995423,0.17609376215620512,-0.22505406051472568,-0.24894038978474498,1.1954364733036495
4,1,-0.17468427551369892,-0.277111123869522,-0.20397897983012755,-0.23105269672008602,0.9631743177730056
4,3,-0.460946825783442,-0.277111123869522,-0.4547942755373973,-0.4439347773477584,1.5871923034867808
4,0,-0.3101372888410178,-0.7034049102645404,-0.32265914795835515,-0.3317837189136492,0.4433112506899801
4,5,0.5549971797963621,-0.7034049102645404,0.43534764483029154,0.31158239912273966,0.4261586038226865
4,0,0.08583604338103243,-0.607183998931885,0.05595093237044615,-0.01760994240776437,0.6741752425758436
4,3,-0.3530268927551265,-0.607183998931885,-0.35354696047087175,-0.35951605140655435,0.8967976217126047
4,5,2.4690742534649917,-0.607183998931885,2.279722740776397,1.8391057565781235,0.9093477663731704
4,1,3.7245268736642365,-0.31676380536619847,3.4511709544917766,2.8171945516443895,0.8096948855094485
4,1,-0.46265481058924524,-1.2553570557515201,-0.4558394934081365,-0.4449241634569953,1.3402504226184837
4,1,0.23366481383400303,-0.6034493973504804,0.19388823583649448,0.09755940898163878,0.9562323389671028
4,3,-0.43438282813394,-0.6034493973504804,-0.42945923595503893,-0.4228982352706688,1.3495151097318678
4,1,0.6487760191266932,-1.4018852472101533,0.5812236656555512,0.4209611941790737,1.3492412969171799
4,1,-0.38550008815099546,-0.43780883309289537,-0.38384732077358613,-0.38481502967596626,1.0119314355948863
4,1,1.3276484176280194,-0.5857649604503007,1.2146715911077632,0.9498521101489089,0.6187827654506162
4,1,1.1313773309470598,-0.18253783088160355,1.0315333269704139,0.79694267526505,0.7730360300902324
4,3,-0.42976374972830866,-0.18253783088160355,-0.4251492277082089,-0.4192996376339347,1.1556225433848892
4,1,-0.29475775577022684,-0.2670057313551335,-0.29917670760086057,-0.31412016066073967,0.953586516617852
4,2,-0.4695093081023461,-0.2670057313551335,-0.4622353451809324,-0.45026431497327446,0.9574326752053303
4,1,2.3449059064916575,-1.1379367883832452,2.1638627028875956,1.7423695939205122,1.55814461804655
4,1,-0.20102376446860157,0.17433630258848526,-0.21171461234268818,-0.2410945720133492,1.2303712781804668
4,1,5.869989966286218,-1.1149799727799063,5.453077571171361,4.4886661606556055,1.0459144996676606
4,3,-0.45105984958683004,-1.1149799727799063,-0.4450203703810939,-0.4358908465056215,1.0969442315674127
4,1,-0.17661462060554067,-0.46867421675097315,-0.18893872457693964,-0.22207807571113794,0.972816466837247
4,2,-0.4599241833085208,-0.46867421675097315,-0.4532915769050105,-0.44279680643546554,1.4219027885872582
4,0,-0.2733219556450421,-0.1543086365751055,-0.2791752122013784,-0.29742011513262095,0.8217802324402346
4,5,0.5988764051458132,-0.1543086365751055,0.5346629170153112,0.38208576986789167,0.7921694701333721
4,1,2.2987151224353437,-0.6605668333013719,2.2358903446988045,1.1179786678174133,1.4096557111440768
4,2,1.0397477058306979,-0.6605668333013719,1.0088236122053258,0.40464988468805374,1.4252965189013018
4,0,0.09258526887465614,-0.005913144325770108,0.0856611051162434,-0.13201073072473013,0.48057258059496977
4,3,-0.3519483916576256,-0.005913144325770108,-0.34760861983328417,-0.38388274182310067,0.8823891803364048
4,5,2.583019398301955,-0.005913144325770108,2.5129907002921374,1.2790649838472188,0.8157140770632605
4,1,3.7219079636286714,-0.3947510736837618,3.6230212317403505,1.9243572953952366,0.8729191937779964
4,1,0.3092887951727121,-0.6414544605024197,0.29687363089511654,-0.00922688368051662,1.0411597139200244
4,3,-0.43556445284235734,-0.6414544605024197,-0.42910595298797044,-0.43125945895517354,1.3970694342054089
4,1,0.681548917516788,-1.2761170468952097,0.659701140120332,0.20169506439931612,1.4330774999416596
4,1,-0.3861822078690364,-0.5603916379413468,-0.3809749932956004,-0.40327956348653893,0.9881884709183728
4,1,1.2856459560609048,-0.9503279795291635,1.2484911035607416,0.5439754123362688,0.6286086594223741
4,1,1.178642319283753,-0.3826685391556886,1.1441988071809288,0.48334733490872456,0.865940730971697
4,3,-0.4261114551750187,-0.3826685391556886,-0.41989248264160306,-0.42590340665863907,1.2487549470978292
4,0,-0.43556015602523585,3.401141910144904,-0.42910176504690395,-0.4312570243859478,0.9157191401467241
4,3,-0.45818074976146506,3.401141910144904,-0.4511491807916545,-0.4440738140746322,1.1062024579820442
4,5,-0.4038002322715388,3.401141910144904,-0.3981465986536427,-0.413261905954205,1.0342007436465082
4,1,-0.29226560183974665,0.179498840068662,-0.2894381184191735,-0.3500665752781628,1.0393929290081383
4,2,-0.4689722059621564,0.179498840068662,-0.4616671947802462,-0.4501882346849714,0.9783261227936076
4,1,2.3330896594074844,-1.1845094669278182,2.2693938732310497,1.1374552216229932,1.6030173446311777
4,1,-0.19892047248761874,1.3468913579264972,-0.1984582397045952,-0.2971773847768045,1.2347444629926896
4,1,5.642217839083132,-1.02447080504234,5.49467281951836,3.01240158361321,1.085864715845607
4,3,-0.4503358359018544,-1.02447080504234,-0.4435030473894362,-0.43962889931081506,1.1480824936208764
4,1,-0.1914998693187579,0.3500822593604589,-0.19122566548269676,-0.29297288372402497,0.9966647455213444
4,3,-0.4573020506601147,0.3500822593604589,-0.450292746843549,-0.443575944667977,1.4868935596006485
4,0,-0.2736569784760068,-0.17671624606353198,-0.27130101464210366,-0.33952296113478136,0.6413525073451393
4,5,0.6194450216395333,-0.17671624606353198,0.5991708806815318,0.16650710330562057,0.8356721006551534
4,0,0.11686873083691264,-0.4480240668302663,0.15070515490617864,-0.2638733907327227,0.8021562049079608
4,3,-0.35722703149140994,-0.4480240668302663,-0.3447694921482249,-0.4149731798790054,0.9711576333149952
4,5,2.583244981200835,-0.4480240668302663,2.7283002301098773,0.522189175098241,0.9344408077924952
4,1,3.7497663774360306,-0.5356773627702881,3.947424767824639,0.893973002357385,0.7876994973495381
4,1,0.3050993984792325,-0.9440670298191619,0.3474239004120834,-0.20388210531827503,0.9613765646147872
4,3,-0.44351356451716484,-0.9440670298191619,-0.43494703199064333,-0.44247369345104254,1.3663750603226228
4,1,0.8304379275944931,-0.9775686028288193,0.8964520570190642,-0.03645065520385141,1.2722854445080234
4,1,-0.38710817195872343,-0.2729371573961877,-0.3759980934204973,-0.42449664408777166,0.9555114450274363
4,1,1.3626073217286863,-0.7805134487982439,1.4526191093513616,0.133157870400508,0.6476373444266498
4,1,1.1401858060461707,-0.607183998931885,1.220167712795323,0.06226956725227088,0.7750684646034423
4,3,-0.4469510182143789,-0.607183998931885,-0.4385394943004277,-0.4435692496026064,1.2299653845677117
4,1,-0.24393715126547785,-0.5171141960862485,-0.22637091557350655,-0.37886638801383943,1.1424519475358919
4,1,-0.284638751449053,-0.07104898955438278,-0.2689079146102971,-0.39183845757095026,1.0867237171561845
4,1,2.467365194454908,-1.004260020013563,2.607194957713631,0.48525695014513104,1.6065336992867105
4,1,-0.20958839519606645,0.24408547918236229,-0.1904732359429863,-0.3679190431693375,1.259880436264232
4,1,5.987275886435161,-0.7842480503796484,6.285832579484484,1.6070930972559294,1.1392514091879342
4,3,-0.44735814163664267,-0.7842480503796484,-0.4389649765552428,-0.4436990045343072,1.1297879061365594
4,1,-0.17441357603504332,-0.26568763667934364,-0.15371224271364597,-0.3567084224871629,0.9661060115759285
4,3,-0.4569905314188047,-0.26568763667934364,-0.44903172953394166,-0.4467689582877676,1.410986973710262
4,0,-0.26817943897766744,-0.3409288744223448,-0.25170638556570024,-0.3865926847935154,0.6252406751921482
4,5,0.612684001382911,-0.3409288744223448,0.6688787304228843,-0.10585134373723563,0.8718162417723256
4,0,0.09432977662599226,-0.7867743985082456,0.1798983763220364,-0.1110173642112525,0.6448319037886414
4,3,-0.3678014984274646,-0.7867743985082456,-0.34622357573856954,-0.38922532790860553,0.9131190405747631
4,5,2.217567582686924,-0.7867743985082456,2.59713797827176,1.1671944737586357,0.7445654672356343
4,1,3.651793576044028,-0.7125217317720867,4.2299592563571595,2.0306138410099375,0.7451069196488842
4,1,0.23678000624710327,-1.0847736364597234,0.3420734917609798,-0.02526080444038357,0.9908523827001433
4,3,-0.4480252224947583,-1.0847736364597234,-0.43755576766384796,-0.4375208666825142,1.3948686079798625
4,1,0.8253741286167847,-1.331916388170311,1.0121694262910863,0.32907914411591743,1.301229141137594
4,1,-0.3887441850777412,-0.6982423727843639,-0.3700661671766031,-0.40183304896503313,0.9100897273245552
4,1,1.087012694167391,-0.6625439753150567,1.3100367213056874,0.4865883551904343,0.7448243300407021
4,3,-0.44845490420691003,-0.6625439753150567,-0.43804494680701644,-0.4377795396627446,1.1789968182215826
4,1,-0.34824238689031667,-0.6734182563903225,-0.3239561411415385,-0.3774505338485197,1.0727245176019569
4,1,-0.28950489683917163,-0.4170488419492059,-0.25708535227040197,-0.34208993745102995,0.8728137008617655
4,1,2.5393368812403274,-1.3557519335575101,2.963462225215283,1.3609030283690393,1.6049277569562144
4,1,-0.20682554178693066,0.4378453965234633,-0.16295750154191546,-0.2923160825951047,1.2591709647906981
4,1,5.059469536407275,-1.120142510260083,5.832554155343145,2.878049804812806,1.1018464896638533
4,3,-0.44405603767875645,-1.120142510260083,-0.43303697532882873,-0.4351313750276363,1.1410330045520618
4,1,-0.17989524047781935,-0.8323585060459762,-0.13229819874382848,-0.27610375355916716,0.9608227588411073
4,2,-0.45578634842049937,-0.8323585060459762,-0.4463915659373293,-0.44219314738792503,1.3480731482996928
4,0,-0.30165199884170174,-0.6694639723629531,-0.27091444664777603,-0.34940262260214217,0.41555892107652237
4,5,0.4164804176989304,-0.6694639723629531,0.5466567697551215,0.08292076266910557,0.4613727400464604
4,0,-0.24063719571615236,-0.31676380536619847,-0.20145100831784624,-0.3126710594094315,1.1297879061365594
4,3,1.0652095698885304,-0.31676380536619847,1.2852145489473974,0.4734626414910955,1.332366019094335
4,5,3.811549236622051,-0.31676380536619847,4.4118360617872145,2.126788455059584,1.207798809126259
4,4,1.2407001747655508,-0.7705178975068379,1.4850050941293762,0.5791098600767778,0.6450286659584354
4,0,0.06138178293819559,-1.072471419485685,0.18238227571942617,0.0010147404096862505,0.6521391567581497
4,3,-0.3798508478404803,-1.072471419485685,-0.353119928693559,-0.37398773952640657,1.0395402804855938
4,5,1.9632250126086543,-1.072471419485685,2.490555268197279,1.6173864179020343,0.6826980409523726
4,1,3.759413806078118,-0.3542196624032255,4.670500702103644,3.143962661358369,0.99407447967951
4,1,0.3117594650175847,-0.5471008499604665,0.4862532755879296,0.21381008950869312,1.0393929290081383
4,3,-0.3848620108084501,-0.5471008499604665,-0.3592017291517092,-0.37824671406561106,1.3832341278790223
4,1,0.8649542595316437,-1.0614872971874367,1.1576384162894355,0.6839689249157845,1.2701617483598162
4,1,-0.3895605803308296,-0.313907933568654,-0.3649041504172931,-0.3822400162380613,0.940717233743136
4,1,1.219714519944059,-0.8230220020924651,1.5881933845726977,0.9854787593145945,0.793746379266777
4,1,1.1258988891171249,-0.23789780726477536,1.4743339973954426,0.9057450955672361,0.8379399254614859
4,3,-0.4388944861115335,-0.23789780726477536,-0.4247782699973589,-0.42416877608532966,1.2205021063099335
4,1,-0.2421217460316367,0.609527228045085,-0.18596493496542826,-0.256932129549106,1.0802974431156012
4,0,-0.43990208972652933,1.2446291793298045,-0.42600114863181654,-0.4250251358104687,0.6555751076521885
4,1,-0.4575609338916861,1.2446291793298045,-0.4474328137403978,-0.440033342123434,0.914288729203482
4,2,-0.4705759929527628,1.2446291793298045,-0.46322854672023656,-0.4510948074003905,0.6205764877251099
4,1,-0.2771622896576124,0.1825743943121715,-0.22849190837268654,-0.2867129976024503,1.11573753825315
4,2,-0.4691548206898209,0.1825743943121715,-0.4615037402880538,-0.4498869567432913,1.2178757094949273
4,1,2.5704888053713297,-1.3322459118392587,3.22756127630657,2.1334983560864713,1.5756742822812912
4,1,1.576555514047569,-0.5606113203873119,2.021273637367672,1.2887570039347205,1.5254951362875717
4,1,-0.18639417637411465,0.8158090448061892,-0.11833114200338817,-0.20956941119008093,1.2732656308218853
4,1,5.579280210295703,-0.9479114726235488,6.8791824792693825,4.690662445392014,1.116097417933112
4,3,-0.44359842665531485,-0.9479114726235488,-0.43048720980577043,-0.4281666430750781,1.109295757310741
4,1,-0.18010148769965217,-0.2049454403700303,-0.11069401722657278,-0.20422127124353,0.9324668820319881
4,2,-0.45417289359136953,-0.2049454403700303,-0.4433209169247481,-0.43715385537174034,1.1786549963416462
4,1,-0.18984344631841288,-0.27853905976829424,-0.12251735020727249,-0.21250093685897392,1.0557047876568333
4,0,-0.2427104099772846,-0.559732590603452,-0.18667936725933312,-0.2574324335249868,1.125470576279145
4,3,1.0009603376747587,-0.559732590603452,1.3227022613999877,0.7995601415038281,1.416796623260234
4,5,3.1410223311749923,-0.559732590603452,3.9199895768856474,2.6183933346955564,1.249105494369551
4,0,0.1421393865328378,-0.5585243371506449,0.28670598683722476,0.2649322772740691,0.9348275363938322
4,3,-0.3672880287814433,-0.5585243371506449,-0.33680891814748365,-0.33038916951146297,1.0065666157581068
4,5,2.412987899577823,-0.5585243371506449,3.066116462915271,2.918666217726991,1.250354054246949
4,1,3.761594440767288,-0.3326907826986586,4.716746668423183,4.494659917928697,0.9273405681486521
4,1,0.3364661634663107,-0.7854563038324557,0.5245527108516916,0.492024291789687,1.0823699826796178
4,3,-0.3801355119747808,-0.7854563038324557,-0.3525336259699798,-0.3454028536051861,1.4163923922232615
4,1,0.8550855448077983,-1.2456460930733106,1.1593181448259027,1.0980875525208704,1.289363821491359
4,1,-0.38997200057021486,-0.5462221201766067,-0.3645730197434411,-0.35689786240503746,0.9343092371982619
4,1,1.3482924754883505,-0.827086127342817,1.7629799484833204,1.6744535954756983,0.8756423335352109
4,1,1.1583398583845825,-0.4739515877377171,1.5304869880249201,1.4524732633705855,0.8414132328798188
4,3,-0.4407206333881784,-0.4739515877377171,-0.42668693041720246,-0.4162031699000007,1.2319121730800071
4,1,-0.23031624099026718,-0.07910924284599934,-0.16916197045128917,-0.17032270974635988,1.205970806988609
4,0,-0.44284111263764736,0.915809492666159,-0.42928229607285523,-0.41868118097031926,0.7135623653025378
4,1,-0.45694111802190723,0.915809492666159,-0.44654003143055465,-0.43515857373070466,1.1089750757036563
4,2,-0.47010012045655475,0.915809492666159,-0.4626460239744993,-0.45053630200395783,1.217135790852217
4,1,-0.2782472359807956,-0.06725447507790275,-0.22782722655829407,-0.2263353004037115,1.114843483566877
4,2,-0.4678657755533656,-0.06725447507790275,-0.45991129217928256,-0.4479252265093973,1.205970806988609
4,1,2.5565241497263975,-0.9889920900189976,3.241797999877847,3.086403967082123,1.5580393493481
4,1,-0.18484624800608795,0.7579327059600014,-0.1135088636437273,-0.11718606810729594,1.2892326482767593
4,1,5.891544949376311,-0.9096867270256446,7.323704694853821,6.98373918662968,1.1922375479726077
4,3,-0.44518717478599595,-0.9096867270256446,-0.4321537644578328,-0.4214228102396078,1.2047452332259072
4,1,-0.1898735240382635,-0.04490677848455176,-0.11966201018296488,-0.12306098797005713,0.9875374718901113
4,3,-0.4558883978271354,-0.04490677848455176,-0.44525155202703903,-0.4339283554688444,1.4609379041156565
4,0,-0.30875034072644875,-0.25360510215127047,-0.26516157466260853,-0.26198150220349087,0.5831867291789168
4,5,0.4232049364941054,-0.25360510215127047,0.6307168395129283,0.593387999943187,0.9377260127247258
4,0,-0.2418091525860463,0.08887983110811312,-0.18322874712293516,-0.1837534293215057,1.1224011505597917
4,3,0.8411015534858194,0.08887983110811312,1.1422024048436317,1.081745734834241,1.395006301721912
4,5,3.825860860249546,0.08887983110811312,4.795405706928914,4.569762232165751,1.2457543384687682
4,0,0.10994226163702633,-0.7485496529103413,0.17638037554162728,0.18619081460661493,1.0093413072395911
4,3,-0.3576663810420851,-0.7485496529103413,-0.33882659845896645,-0.32714255732856296,1.2226238738338833
4,5,2.3796521181448096,-0.7485496529103413,2.677126170852253,2.677842395895268,1.271975712320688
4,1,3.8070826952242336,-0.2622825587668867,4.249856272673067,4.244853106256312,1.071456769194343
4,1,0.251281764032225,-1.2576637214341522,0.33210696117223304,0.3413510848199195,1.091923300517313
4,3,-0.4393241678236852,-1.2576637214341522,-0.4287964095178356,-0.416785184105519,1.37194185489549
4,1,0.8251807718463164,-1.4253912689284047,0.9644236983133476,0.9713683384437493,1.3964921860963366
4,1,-0.38960999372772703,-0.626735736622767,-0.37402178205549874,-0.36220975009421197,0.9467317572695704
4,1,1.4534850038487828,-0.6108087592903069,1.656683619488278,1.661110786673687,0.9673798388768804
4,1,1.1709080484650214,-0.6614455630852318,1.3453428853404827,1.350902274471604,0.8399079849656826
4,3,-0.4373906001190023,-0.6614455630852318,-0.4266660221057309,-0.41466254406186404,1.2178757094949273
4,1,-0.3387893892229781,-0.47109072365658783,-0.318028099574013,-0.3064196942801468,1.0776534377229092
4,0,-0.44404422143167227,0.4883723590954055,-0.4339969219004957,-0.42196678430097456,0.739553553374101
4,1,-0.45519016504488885,0.4883723590954055,-0.44627742178271707,-0.43420262490817685,1.1916471546352991
4,2,-0.4702548058729294,0.4883723590954055,-0.46287550682013745,-0.4507403493371866,1.2097063361736966
4,1,-0.27746306685611866,-0.3393910973005902,-0.25045931215342504,-0.2390966275622229,1.1474024528375417
4,2,-0.46677008718737867,-0.3393910973005902,-0.4590360752840998,-0.44691488028073284,1.2584609896100056
4,1,2.589824482418159,-1.3913404898038348,2.908692181256662,2.908566293173753,1.5940473558795043
4,1,1.1334999586050896,-0.987234630451278,1.3041269902076302,1.309836265093692,1.4570383865081267
4,1,-0.1969374913860384,0.3038391044848334,-0.16173696127919948,-0.1506969244552737,1.3297240096314962
4,1,5.7998669850673314,-0.943847347373197,6.445487982822054,6.432500180492698,1.2264776596660054
4,3,-0.4448197969221062,-0.943847347373197,-0.4348514439624621,-0.422818198807374,1.2339476088614776
4,1,-0.19662167532760683,-0.32489205586690234,-0.16138899800188902,-0.15035022658147673,1.0118805929276693
4,3,-0.4553298116013382,-0.32489205586690234,-0.44643128309581354,-0.4343559266891075,1.43746264769429
4,0,-0.31078380942920697,-0.553142117224503,-0.28717180500680073,-0.27567561173674177,0.5660546413841906
4,5,0.5416499230615781,-0.553142117224503,0.6520319730422477,0.6601126571534632,0.8494384247437629
4,0,-0.2502835501539593,-0.04347884258577952,-0.22051316643060637,-0.20925938401524602,1.181556764905248
4,3,0.848821859648906,-0.04347884258577952,0.9904712350720147,0.9973211507108376,1.436538494192634
4,5,3.8380208527034405,-0.04347884258577952,4.283943654815304,4.27881652619926,1.2612978709452054
4,0,0.11958861607483326,-0.5884011498018802,0.159800059115633,0.11318280050582245,0.8808707866428946
4,3,-0.371534358301783,-0.5884011498018802,-0.3586726528847479,-0.3563968737065619,1.173459336090789
4,5,2.2248130905580825,-0.5884011498018802,2.382260623409107,2.1260607851421103,1.120648401902735
4,1,3.813043454776059,-0.20571432893090774,4.058936623316397,3.64462280710889,1.0117355826099428
4,1,0.37513751755996877,-0.6580404851727748,0.42958001019589526,0.3575219500987319,1.0782094813999576
4,3,-0.43502842490644805,-0.6580404851727748,-0.4257025875976146,-0.4171057484002839,1.4191574951265187
4,1,0.8657266124092365,-1.2668903841646808,0.947489111897293,0.8265911636167471,1.413909528152864
4,1,-0.39201728552005727,-0.42693455201762937,-0.38029623674995977,-0.3759813093609554,0.9421356734491181
4,1,1.5505812545479956,-0.16935688412370553,1.6704820525803314,1.481404390683873,0.8797114252451032
4,1,1.2132316971119694,-0.21505083288441884,1.3143461173722266,1.1588528027082248,0.8903573498476506
4,3,-0.4304082722965363,-0.21505083288441884,-0.42082514716315494,-0.4126882605804,1.230614735174986
4,1,-0.23125079871419726,-0.19418100051774695,-0.21057695917226563,-0.2222669069867061,1.2102861662500337
4,0,-0.44627104690489877,0.2671521360086838,-0.4375712905939072,-0.4278552084149096,0.7449091151185347
4,1,-0.45380444152319943,0.2671521360086838,-0.44552420614072547,-0.4350581477501447,1.146608486936365
4,2,-0.46999270002851684,0.2671521360086838,-0.4626139590696505,-0.45053630200395783,0.9808292531367262
4,1,-0.27113600364468404,-0.27974731322110147,-0.25268329800776573,-0.2604025319000494,1.1642865283831156
4,2,-0.46649079407448,-0.27974731322110147,-0.45891703839624004,-0.44718800851574075,1.2901505004752452
4,1,2.5919728909789175,-1.119263780476223,2.7698668794342893,2.477114978207179,1.5756930882691247
4,1,0.7822974627692908,-0.28216382012671615,0.8594139462538399,0.746821666053598,1.4147738325497508
4,2,0.41896827481228904,-0.28216382012671615,0.4758516221605415,0.3994300541477259,1.4358778612294163
4,1,-0.1974627772791439,0.48101299715557927,-0.17490734479758693,-0.18996101024487197,1.328400382700988
4,1,5.926631683786343,-0.6704525433697954,6.290226703657814,5.665497666929,1.2226375294569405
4,3,-0.44151232194281803,-0.6704525433697954,-0.4325475609671562,-0.42330522677294596,1.2467585836300261
4,1,-0.20529909750451156,0.14259218914654767,-0.18318005532290269,-0.19745358723767673,1.0065532284425998
4,3,-0.4572418952204135,0.14259218914654767,-0.4491530853293493,-0.43834481620483623,1.4709418351036057
4,0,-0.3050830073132335,-0.38662282318305813,-0.2885207480449183,-0.29286043705791304,0.6177674972781431
4,5,0.5317274981237137,-0.38662282318305813,0.5948901997948655,0.5072430503005309,0.8846280512276911
4,0,-0.2449619421489598,0.36721749014572647,-0.22505165103588867,-0.23537660578535718,1.1795093322158794
4,3,0.9119120254441484,0.36721749014572647,0.9962465062631158,0.8707506355572049,1.4176045952137073
4,5,3.8441255556288367,0.36721749014572647,4.091749628962358,3.6743414795265474,1.2881607547203195
4,0,0.15366667266558903,-0.5981770186473213,0.22528529028848793,0.27840316724143876,1.0075803005704387
4,3,-0.3822140972573149,-0.5981770186473213,-0.36576974556496633,-0.3478319070099816,1.0891559534656625
4,5,2.3223272067223633,-0.5981770186473213,2.617231039831882,2.812719318885683,1.287926880982071
4,1,3.8645827019443817,-0.36344632513375397,4.318277108319369,4.6150129236813395,1.0748760088957015
4,1,0.34925456542422734,-1.0983939481095513,0.44101090586448655,0.506968933021775,1.053394682656461
4,3,-0.4370275190722341,-1.0983939481095513,-0.42622675543439786,-0.41188736338543386,1.4217017230190814
4,1,0.9011753536617564,-1.4326407896452487,1.0497574397752507,1.1519485165447234,1.3728291101663201
4,1,-0.3928326065688652,-0.643321761293122,-0.3774815362357745,-0.36024079223292915,1.000631880307906
4,1,1.739054692357681,-0.7846874152715783,1.9739048068192977,2.1311018270049256,0.9796366816811372
4,1,1.1497462241415475,-0.6634227050989164,1.3239211586649846,1.4424306653145835,0.8356878673420554
4,3,-0.4246075691824876,-0.6634227050989164,-0.412528047924445,-0.3973732985449968,1.2595257634461854
4,1,-0.2295535559511978,-0.6789103175394466,-0.19739128009385776,-0.16943142916888976,1.122762748791933
4,0,-0.4490306777011934,0.4660745908299616,-0.4394657588694622,-0.4259143622201548,0.7648862777149219
4,1,-0.4529880462701111,0.4660745908299616,-0.44383057797227027,-0.4305389786249437,1.1886053271948143
4,2,-0.4700614491024611,0.4660745908299616,-0.46266185778226776,-0.4504911103127058,1.1195036475906721
4,1,-0.2651634278457746,-0.29907936846601874,-0.23666754319322972,-0.2110454448634483,1.1820060187736992
4,2,-0.46627595321840415,-0.29907936846601874,-0.4584866073701354,-0.4460673458690369,1.3038181392051544
4,1,2.6381636750352313,-1.343230034137507,2.965586019916563,3.1818086486141426,1.5535407349481563
4,1,0.5180142062803904,-0.9437375061502145,0.6271460334733554,0.7041829629960299,1.3759634023095915
4,2,0.06126899148875576,-0.9437375061502145,0.12337434698554736,0.17042640826806155,1.4660806256069914
4,1,-0.19421975455667853,0.45047713716644894,-0.1584195117038836,-0.1281400319368802,1.3571229838196106
4,1,5.804949045517806,-1.086531096027443,6.458423504627617,6.882542436668861,1.1757379252082887
4,3,-0.43841431679820386,-1.086531096027443,-0.42775633780728745,-0.4135079876467212,1.2190853057448385
4,1,-0.20450526054131118,-0.3494964898149785,-0.16976401303650762,-0.14015976648515768,1.0073962802279088
4,3,-0.45726982453170334,-0.3494964898149785,-0.4485532079787286,-0.4355427031063467,1.423108334242607
4,0,-0.32029266571912535,-0.49316880947606717,-0.2974728855317778,-0.27546996671745866,0.6981347220709844
4,5,0.4415158226574525,-0.49316880947606717,0.5427713791761727,0.6147862657510134,0.8823891803364048
4,0,-0.2258486253881693,-0.13409785154632842,-0.1933048900054796,-0.1651018140819958,1.2573555808594488
4,3,0.915161493392296,-0.13409785154632842,1.0651835919789858,1.1682928448808667,1.447964188048518
4,5,3.8355383666114835,-0.13409785154632842,4.286242369046839,4.581071452901567,1.3084829586490254
4,0,0.11916752799692454,-0.8035801056245655,0.2171809810645379,0.23808715734561847,0.8531987829329991
4,3,-0.3832485559793203,-0.8035801056245655,-0.36247594545610123,-0.34904078475097283,1.2608256158242455
4,5,2.324496025164449,-0.8035801056245655,2.7615540204773232,2.815253819570067,1.152485585452037
4,1,3.7829925900324453,-0.5157961014104586,4.444278087746622,4.519665987088142,0.7973403486326262
4,1,0.32544697595817895,-1.1217901286048202,0.45517358230535426,0.47914717043237826,1.0630673511664614
4,3,-0.4349843825309525,-1.1217901286048202,-0.42216557555827355,-0.4094997356976193,1.4355173320911354
4,1,0.9828148789705901,-1.2947900548022317,1.213604433715701,1.2473531980767432,1.377001314208298
4,1,-0.39365544704763583,-0.420014554969733,-0.374482779400494,-0.36120237099679137,0.9603946079568925
4,1,1.7068285639462994,-0.6644112761057588,2.0489271090378254,2.0934420842949177,0.9939569916925308
4,1,1.1100006657675099,-0.8017128048338632,1.3603436099147213,1.395983649305574,0.8478334310864669
4,3,-0.4368534979788126,-0.8017128048338632,-0.424322046559847,-0.4116840007747998,1.2638128047133501
4,1,-0.2159970979328099,-0.30369269983128305,-0.1695114500520892,-0.15358923073554645,1.056632216543102
4,0,-0.4492594832129142,0.7746185861877579,-0.4386353129950031,-0.4261817463933958,0.7991949599979078
4,1,-0.4525325836552302,0.7746185861877579,-0.44241161595005724,-0.4300067209279756,1.1505720275988207
4,2,-0.47004855865109657,0.7746185861877579,-0.46262047580733107,-0.45047604641562183,1.2570395252626283
4,1,-0.280674937654453,-0.3265396742116396,-0.2441327828134321,-0.22917233435453208,1.2267122912954254
4,2,-0.4657281090354107,-0.3265396742116396,-0.4576358054807056,-0.44542713024296676,1.3092333148934199
4,1,2.725174221745962,-1.2005462854832607,3.2238319995502493,3.2834899539311637,1.5939550324523988
4,1,0.3336871969929692,-0.9420898878054772,0.4646806449010476,0.4887767666433273,1.3408319869849938
4,2,-0.15103459407686626,-0.9420898878054772,-0.09456168923590898,-0.07767346605595576,1.331192654454061
4,1,-0.2559381614858764,0.8005411148116239,-0.21559300452364294,-0.2002647158503301,1.3596936793227117
4,3,-0.3954160678631776,0.8005411148116239,-0.37651407593588415,-0.36325984827351476,1.3977905262583172
4,1,5.800024893096547,-1.1081698169549923,6.771406502662927,6.876788027982772,1.1301540210146281
4,3,-0.44416345810679436,-1.1081698169549923,-0.4327558311378396,-0.42022648574618654,1.1924061679544706
4,1,-0.1997089384294172,-0.39321329656200715,-0.15071916855964207,-0.13455474144515153,1.0279697053688988
4,3,-0.4565726659537371,-0.39321329656200715,-0.44707281562644674,-0.43472799733905354,1.57069708411767
4,0,-0.3138936308209053,-0.5711560777936304,-0.28245847778622346,-0.2679919971400081,0.4743420310066714
4,5,0.6214772657494118,-0.5711560777936304,0.7967152115858404,0.825090822291267,0.5083224935478721
4,0,-0.21710352834160068,0.1223814041177706,-0.1707879817369286,-0.1548822152352567,1.247032293786383
4,3,0.9372525044182982,0.1223814041177706,1.161037355066896,1.194108598508577,1.4243124283074113
4,5,3.801956592398263,0.1223814041177706,4.466157592640601,4.541827490348224,1.3003430282667134
4,1,-0.3298627516530253,1.4588195641456474,-0.3056738460939835,-0.2766871372098749,0.9578164787026534
4,0,0.12756243444808948,-0.4393466102146502,0.20650120416347276,0.2902610790164958,1.0065532284425998
4,3,-0.38000338484829416,-0.4393466102146502,-0.36181588222806443,-0.3388331305094973,1.2508563901293666
4,5,2.428293162164669,-0.4393466102146502,2.7826096303753483,3.141864405047115,1.2728604072323448
4,1,3.8827227896271483,-0.3368647491719929,4.411121986441509,4.944533580185979,1.1238467599549935
4,1,0.38040863796379043,-0.9831705052009261,0.4896109259441594,0.6036471985799878,1.1231422864113874
4,3,-0.4110693726368661,-0.9831705052009261,-0.39660020180724953,-0.3773373644196689,1.4190841838622361
4,1,1.0168671546586168,-1.1543031306076352,1.202248057655128,1.3924953680868792,1.3738421531806508
4,1,-0.39447076809644377,-0.25448383193513024,-0.3780148869338896,-0.35676449365964225,0.9396520817518049
4,1,1.9571181612746975,-0.6120170127431142,2.2550390302575027,2.5578742042408624,1.1119542600803198
4,1,1.1039099274977588,-0.49921007674010376,1.299709102451164,1.500379118907806,0.9799955720963431
4,3,-0.39577592629710473,-0.49921007674010376,-0.3794762613560442,-0.35838215078968577,1.2146654339636156
4,1,-0.20847766797015418,0.47694887190522733,-0.1697600109470986,-0.1262383670906014,1.1979547318997694
4,0,-0.44952696007872867,1.1217168508124058,-0.43966083200276834,-0.4250029964465726,0.793557966491858
4,1,-0.4524702798069682,1.1217168508124058,-0.4429564418107547,-0.4286510462707036,1.1732558316638755
4,2,-0.47016027589625603,1.1217168508124058,-0.4627637784231344,-0.45057662455675845,1.1662709371419244
4,1,-0.25374463634534167,0.38907589351924055,-0.22044504646116703,-0.18234377569968271,1.221366114488301
4,2,-0.46542733183690443,0.38907589351924055,-0.45746434162970806,-0.4447104539271521,1.332366019094335
4,1,2.801442725652899,-1.0651120575458588,3.2004219897747728,3.60435856984926,1.6227130430791004
4,1,0.48476113857696596,-0.7282290266585818,0.6064535241876018,0.732985210300932,1.4421231878254763
4,2,0.5383338544480469,-0.7282290266585818,0.6664384338021633,0.7993850427202985,1.522790105708428
4,0,-0.42961765794617707,0.9553073979939433,-0.4173685574840748,-0.40032673533692104,1.2662431300520607
4,1,-0.4524906896882954,0.9553073979939433,-0.44297929457949625,-0.42867634296656437,0.722099002509713
4,3,-0.39337293132189605,0.9553073979939433,-0.3767856485310567,-0.35540379770334224,1.4219027885872582
4,5,-0.30918431925572204,0.9553073979939433,-0.28252038302692567,-0.2510575900877863,1.3996423786393906
4,1,5.937750772292549,-0.703295069041558,6.712119159932227,7.491604630204374,1.213962738355284
4,3,-0.442599416674562,-0.703295069041558,-0.43190412118097843,-0.4164167653094115,1.2482148262157744
4,1,-0.2004232842758695,-0.027112500361389378,-0.16074158673531683,-0.11625549206091722,1.0221741876149786
4,3,-0.45478948684830733,-0.027112500361389378,-0.44555323800617175,-0.4315255497635134,1.5623463049002497
4,0,-0.322423887011398,-0.33972062096953765,-0.29734461327635364,-0.26746715727114956,0.6481498146292096
4,5,0.8229013103633513,-0.33972062096953765,0.9850661689239445,1.1520875532715973,1.1791676855094764
4,0,-0.20420448334280494,0.20893628782796755,-0.16497536283900738,-0.12094203782038485,1.250992695056998
4,3,0.802757831697677,0.20893628782796755,0.9625116889533747,1.1271210458620695,1.4455735403518857
4,5,3.7870197818795877,0.20893628782796755,4.3039641510352595,4.825916041889817,1.3059959388374938
4,1,-0.3287885473726459,1.2520983824926135,-0.3001302396218647,-0.2602918350805685,0.990098659018875
4,0,0.09090091656302125,-0.5421579949262547,0.1826405776586172,0.30447207802847753,1.0230763184359235
4,3,-0.3976826388947782,-0.5421579949262547,-0.3793794458278952,-0.3530006115965698,1.1099760472242628
4,5,2.4474064789254593,-0.5421579949262547,2.8933403069282146,3.4755531201464374,1.243244123410254
4,1,3.8011251582852497,-0.5284278420534443,4.450529441346901,5.297213000369777,0.8697424970220562
4,1,0.3916523341665215,-0.8686061096301958,0.5285963861387613,0.7091845191892162,1.1110348086666668
4,3,-0.4140631799662835,-0.8686061096301958,-0.39822206133324733,-0.3750434296068996,1.2968774958982552
4,1,1.057042394744806,-1.3054446534315325,1.293997786048985,1.6045805837748655,1.4100573895856665
4,1,-0.3936565212519162,-0.46504945639255124,-0.37474818325893594,-0.34758278210593324,0.9624801142740853
4,1,1.3936024120347532,-0.483173258184661,1.6811443990603387,2.057479616736663,1.106359975348682
4,1,1.7026069411244085,-0.8848626106316033,2.0365938015419007,2.473298030143015,1.0320767130551494
4,3,-0.45761786671854626,-0.8848626106316033,-0.4483232278543312,-0.4336537056280704,1.0869762241573475
4,1,1.059905149152017,-0.5229357809043201,1.297290826269443,1.60843290917309,0.9699894643344519
4,3,-0.4424629927309538,-0.5229357809043201,-0.4308905031150363,-0.4132602321878623,1.2629490093319602
4,1,-0.21630861717411992,0.19158137459673522,-0.1707440326859724,-0.10893086230454145,1.1568811967920856
4,0,-0.4495425360407942,2.482649603565377,-0.4390341359754221,-0.4227869678490256,0.7821877473506748
4,1,-0.45335359798672414,2.482649603565377,-0.44341801893757626,-0.427915403139015,1.149384614041533
4,2,-0.47006037489818076,2.482649603565377,-0.4626359051051997,-0.45039722723693987,1.128171090909654
4,1,-0.24849177741428646,0.12798330648987716,-0.2077644773407268,-0.15223880561816738,1.2301720419719433
4,2,-0.4649439399107337,0.12798330648987716,-0.4567504452290116,-0.4435121893863791,1.3419941023104187
4,1,2.8218526069801073,-1.217132310153616,3.3240674964393726,3.9794343911832772,1.6587474222916396
4,1,0.6540944045188516,-0.8676175386233533,0.8304847669877005,1.0623451852366759,1.3008272455990495
4,2,0.5127312696294846,-0.8676175386233533,0.667874070359744,0.8721169234146952,1.5113104345096984
4,0,-0.43000544569139404,1.8906054116897906,-0.41656052659096465,-0.39649647322230425,1.3032523684177597
4,1,-0.4535713391943571,1.8906054116897906,-0.4436684877003105,-0.4282084111533565,0.7061867940677489
4,3,-0.3930001824366044,1.8906054116897906,-0.37399319354985533,-0.34669956603902324,1.4225057430824626
4,5,-0.3113520634935277,1.8906054116897906,-0.28007296800517667,-0.23682806552560268,1.397481550510455
4,1,5.864934760942752,-1.0473177794226964,6.824539594575326,8.074421596884706,1.2645033039718419
4,3,-0.442910935915872,-1.0473177794226964,-0.43140577432401606,-0.41386301631208733,1.3001916620664788
4,1,-0.2057502633022709,-0.1425556257159797,-0.15859870723498506,-0.0947227923836593,1.0678887056894517
4,3,-0.45559514005859186,-0.1425556257159797,-0.4459964756085067,-0.4309317811534523,1.4406247055860113
4,0,-0.20274034290864784,0.24650198608797697,-0.1551363812696105,-0.09067242999498175,1.2383742310432684
4,3,0.9212393412106826,0.24650198608797697,1.1377828775427714,1.4218343618257594,1.476069771854666
4,5,3.818082547055319,0.24650198608797697,4.4700356080167385,5.320032065561664,1.304147167965212
4,1,-0.3274995022361907,1.523845568151278,-0.2936712666456427,-0.27375804611020765,1.007128113796932
4,0,0.007859554668292454,-0.09246802803596707,0.10375699911370444,0.14189728919816713,0.8918117330167454
4,3,-0.4057015738478103,-0.09246802803596707,-0.3863472002741369,-0.37068433340828827,1.1647120903726333
4,5,2.380278379240271,-0.09246802803596707,2.9152698528518908,3.0823532623321483,1.032903492269936
4,1,3.9781024618863148,-0.0989486601919337,4.808823764936644,5.062750365563505,0.9248466180698378
4,1,0.3988419834151008,-0.5274392710466018,0.5671035687084508,0.6264941091573926,1.1413524423442685
4,3,-0.4388064013605424,-0.5274392710466018,-0.4255791634961552,-0.4117155740944456,1.3018670550866804
4,1,1.0837900813262529,-1.1779189935488692,1.3788238102927586,1.475441902409275,1.3735950172153815
4,1,-0.39344490300868146,-0.6078430462697798,-0.3718220299073633,-0.35549300184137755,0.9645612806859544
4,1,1.1698370667974831,-0.4205637610846454,1.4807966167686277,1.582091440753206,1.0359978413571937
4,1,2.5307647310829,-0.5529224347785381,3.093608647054492,3.2688711265337336,0.8940050243723878
4,1,1.0520419738196398,-0.239655266832495,1.3411996726775093,1.436092226295336,0.9775426080313299
4,3,-0.4195147666892089,-0.239655266832495,-0.40271697816601604,-0.38780487088584353,1.3233101868258057
4,1,-0.21975681291413776,-0.4489027966141261,-0.16598725369319817,-0.14021812006628612,1.1731698951021388
4,0,-0.4502198218395734,0.06548365061284418,-0.4391050123258633,-0.4258617527007932,0.795252403497099
4,1,-0.45325337472736477,0.06548365061284418,-0.4427000238171664,-0.4296216405487297,1.1623692544708606
4,2,-0.470089378413751,0.06548365061284418,-0.4626520829896855,-0.4504887518237684,1.1362291522394166
4,1,-0.24608555982623664,-0.2558019266109201,-0.1971890000288354,-0.17285085772667014,1.2367919523640998
4,2,-0.46471835701185404,-0.2558019266109201,-0.45628697765805815,-0.4438317265972519,1.3422118485497019
4,1,2.862672369634524,-1.1204720339290304,3.4869466961277356,3.680248657431549,1.6117987598394996
4,1,0.8069289669183902,-0.28040636055899654,1.0507204527422975,1.1322908916529826,1.4601400220873268
4,2,0.3270217594332151,-0.28040636055899654,0.4819906532349962,0.5374776992334588,1.4370171803174083
4,0,-0.4326211331141178,0.6189735732215785,-0.4182491081962531,-0.40404934384358915,1.2545470902888693
4,1,-0.4540601021419297,0.6189735732215785,-0.44365606263797686,-0.43062152573775253,0.7196673903693408
4,3,-0.39459215318012664,0.6189735732215785,-0.3731816164061989,-0.3569149424297615,1.4054840555130321
4,5,-0.3117086993146136,0.6189735732215785,-0.27495785697065833,-0.2541863919442491,1.3946964643840345
4,1,5.8618324589810165,-0.8927711786863421,7.041199871950318,7.397508910032608,1.2824881923943015
4,3,-0.4392758286310682,-0.8927711786863421,-0.4261354737021394,-0.4122973980992431,1.2981818997046881
4,1,-0.20883645219980088,-0.2554724029419727,-0.15304572153293342,-0.12668305637573268,1.0312664119261168
4,3,-0.4537378408578159,-0.2554724029419727,-0.4432741563180792,-0.4302221042241615,1.4547315225952981
4,0,-0.22246380770069385,0.4470720592539918,-0.16919526678033833,-0.14357326078045043,1.3008402124751328
4,3,0.9038608643627049,0.4470720592539918,1.1655927816832425,1.2524315573209714,1.4950419912734552
4,5,3.828480844489391,0.4470720592539918,4.631509752692434,4.877304282423388,1.3203002357710074
4,1,-0.32717724095207684,0.9091740843413002,-0.28327267804394146,-0.26320190610816,1.0221631165047034
4,0,0.006325590955910684,-0.45131930351974076,0.13525040854590512,0.17377302798993585,1.0150797020281512
4,3,-0.40570264805209066,-0.45131930351974076,-0.3818166561181346,-0.3660904914801179,1.1451323043484571
4,5,2.3148561159523244,-0.45131930351974076,3.032297235361582,3.198544866515335,1.1547272734178062
4,1,4.111995580209924,-0.20351750447125805,5.287583498309955,5.553262199697427,1.0771940711485786
4,1,0.44205937002332446,-0.5907078154845125,0.6820662931329562,0.7446969338020147,1.0813207917033976
4,3,-0.4117697538276735,-0.5907078154845125,-0.3894304560410227,-0.3740399686443266,1.3477020220382632
4,1,1.2039935403007067,-1.3771709720390946,1.6382412047614223,1.7430276884143334,1.3982464588823178
4,1,-0.39257479754157415,-0.4260558222337696,-0.3653421078076503,-0.3488896132181147,0.9769581333872903
4,1,0.9878915683996631,-0.513818959396774,1.3670481127086664,1.4598782339114094,1.2983734796564286
4,1,2.8336688540642805,-0.1745194216038823,3.683371492122175,3.8783236880285292,1.0501220795076758
4,3,-0.4337264893186282,-0.1745194216038823,-0.4169846469800866,-0.40280896886324047,0.6299411046561527
4,1,1.1171903150160891,-0.05468264732999289,1.5293091350938839,1.6292930210616052,0.8137246618913122
4,3,-0.39012990859943064,-0.05468264732999289,-0.36227394055827117,-0.3456861765988266,1.2976908081086338
4,0,-0.450699991152903,0.629298648181932,-0.43828522286208993,-0.4250486446195544,0.7833306046179246
4,1,-0.4531470285036072,0.629298648181932,-0.4413560862162576,-0.4282548962095097,1.1639317547887522
4,2,-0.47008078477950793,0.629298648181932,-0.4626067841596726,-0.45044249500848016,1.142629174084884
4,1,-0.24362563202416784,-0.013821712380508971,-0.17842116281691667,-0.15372769686025797,1.2410058114830431
4,2,-0.46449277411297435,-0.013821712380508971,-0.4555942156046329,-0.44312075630305997,1.3428648031925547
4,0,-0.012886552598674718,-0.01283314137366652,0.11114049147422417,0.14860015279838631,1.0586579731610772
4,3,-0.15626059790091198,-0.01283314137366652,-0.06878406159020116,-0.039256914678053444,1.3341840362116804
4,5,2.9905241630852792,-0.01283314137366652,3.8802141027348034,4.083844696441728,1.2710705479519404
4,1,2.9045663365693204,-1.046109525969889,3.772342950144593,3.9712177200465484,1.5955233708522063
4,1,1.2816058737623979,-0.6303604969811889,1.7356393386144169,1.844719911252726,1.5207433014187701
4,2,1.2320968726839923,-0.6303604969811889,1.6735089513435817,1.7798503197121427,1.5283634226564298
4,0,-0.43380812884393705,0.7109106768579175,-0.41708709896205176,-0.4029159377485945,1.2926702590872228
4,1,-0.4542255296011081,0.7109106768579175,-0.4427095308201138,-0.42966801148445044,0.726944560143236
4,3,-0.39476939688638923,0.7109106768579175,-0.3680961788491624,-0.35176510575467246,1.4182774069729414
4,5,-0.31235859290424317,0.7109106768579175,-0.26467629526486197,-0.2437856459310604,1.4288149122757272
4,1,5.865814534248383,-0.8689356332991431,7.488505501790333,7.851218464345841,1.341157515535542
4,3,-0.44302050475247073,-0.8689356332991431,-0.42864799629538897,-0.41498653196960256,1.3784431077837354
4,1,-0.2123329871324358,-0.2489917707860061,-0.13915104851917354,-0.11272624160697135,1.0763142427631747
4,3,-0.4519245840325355,-0.2489917707860061,-0.439822002591568,-0.4266531778998656,1.5180533505592018
4,0,-0.2394942423618287,0.14039536468689798,-0.17323655330851942,-0.148314508267208,1.2338089605284988
4,3,0.8955594136839329,0.14039536468689798,1.2511776167398967,1.338899239546609,1.4961092270630971
4,5,3.830613139985944,0.14039536468689798,4.934467913890527,5.184578453985911,1.3274366432214577
4,1,-0.21069482560485722,-0.3203360330613168,-0.09560591411882254,-0.11057982647322166,1.1291663634227764
4,3,-0.4541320738287151,-0.3203360330613168,-0.4399658967461985,-0.4295455602604267,1.5180533505592018
4,1,0.5101649956036581,-1.0373222281312904,0.21871712255682046,0.625549001775948,1.3165659249751456
4,1,-0.31482389172771386,-0.2274628910814394,-0.35493159895690135,-0.280110750183512,0.8285518175661483
4,2,-0.47036867152664963,-0.2274628910814394,-0.46308828499230104,-0.4508653492508685,0.832909122935104
4,1,-0.46273859852311483,-0.9018880001938883,-0.45757471930583865,-0.4430447901351894,0.9082585601768908
4,1,2.589603196336401,-1.0491850802133986,1.909686993850383,2.474849231141226,1.224031153334296
4,2,0.7813521630025568,-1.0491850802133986,0.5075361158220609,0.7459178322285579,1.3164082336557241
4,1,-0.4618770866902505,-1.3616833595985645,-0.4564865511798331,-0.4427766831992094,1.0612565021243408
4,1,-0.20136106461264072,-1.0308415959753239,-0.2544776694688129,-0.19368829768927065,0.9119479825739318
4,1,-0.46408135387358906,-1.1657266177978136,-0.45857393402529184,-0.44511451633832955,1.0612565021243408
4,1,-0.20842288355185482,-0.676713493079797,-0.2752003221981487,-0.20972408241620102,0.9555114450274363
4,1,-0.4637032339668955,-1.091473951061655,-0.458103656811934,-0.4447663729390548,1.0577902941478545
4,1,-0.20221505701554232,-0.7159268096845437,-0.2629829990864875,-0.20400839859685807,0.9685668765660683
4,1,-0.46403516308953274,-1.1115748948674493,-0.4587082580753142,-0.4453038801759158,1.1378330018213911
4,1,-0.2168575355613938,-0.7385541016189352,-0.2877384600393996,-0.22647509793346834,0.9963334394246146
4,1,-0.44465007264580625,-0.1878239397376356,-0.44529982369872584,-0.42814206914195624,1.269760544863939
4,1,5.125093750099933,-1.034246673887781,3.4072251237608318,4.502806861481195,1.017381274599219
4,3,-0.46597302761133713,-1.034246673887781,-0.4600486557044489,-0.4470194906771495,1.0855109669232672
4,1,-0.38321310723806773,-0.5414989475883599,-0.40005330245109516,-0.3768453151550689,0.9038500298553059
4,1,-0.1914891272759541,-0.19253338217300972,-0.2614027043261824,-0.2138995968791371,1.054602347555557
4,1,-0.3851638622112367,-0.7319636282399862,-0.39562245012879294,-0.3875779994661238,0.8979415933911438
4,1,-0.20198517729954113,-0.6299211320892592,-0.2506245776004932,-0.2513552922559161,1.0432170253291022
4,0,0.4145608146498924,-0.346201253125504,0.23741177439981648,0.20714545625334627,0.6830968447064438
4,3,-0.15584165823156404,-0.346201253125504,-0.2140989736578124,-0.21704019118028683,1.0777795012591602
4,5,3.1548559338977182,-0.346201253125504,2.4065340310759207,2.2449940185945856,0.9208138204690081
4,1,5.9041797401221325,-0.9903101846947875,4.582803082172787,4.28955685657929,1.0394687125202269
4,1,-0.192349564904538,0.12765378282092976,-0.2194568157473398,-0.2441896703020937,1.112131600550737
4,1,5.514371416653779,-0.9376962388861779,4.780613606334174,3.9996719000324648,1.0823861154687364
4,1,-0.19932974431844327,0.19872105409059665,-0.2101339418763508,-0.23977480725215627,1.118687209934673
4,1,-0.46261399082659077,-1.0194181087851455,-0.4554700889870475,-0.44658568087324557,1.3402504226184837
4,1,-0.1878035323899724,-0.6188271685680281,-0.18762298918021378,-0.2908785455476187,1.0900759576458232
4,1,-0.463022188453135,-1.0885082380411277,-0.4553353782431414,-0.44869131697246484,1.3402504226184837
4,1,-0.46325636498625766,-1.1831913722520286,-0.45489594534131406,-0.44669017714922976,1.332366019094335
4,1,-0.1914064135463649,-0.9379159213321427,-0.14540330798931314,-0.2830336026995384,1.0504719133401748
4,1,-0.46322736147068744,-0.676713493079797,-0.4543098764235151,-0.4448492243730168,1.332366019094335
4,1,-0.4627976797585357,-1.0590757831146127,-0.45370818419378617,-0.4420026043058701,1.332366019094335
4,1,-0.18896045039994103,-0.7886416992989477,-0.11854445151665036,-0.12199396192660691,1.1060843035068106
4,1,-0.46406524080938333,-1.2672199078336286,-0.45605590000427776,-0.44394554270855324,1.449269160281279
4,1,-0.189503997765813,-0.5369954574460779,-0.15354680522821912,-0.142536552731889,1.060391075847912
4,1,-0.46676041934885526,-0.557206242474855,-0.4590254233470393,-0.44690426708051456,1.4052796611127374
4,2,-0.46093823214919893,-0.557206242474855,-0.45261059013947946,-0.44051276206017564,1.4429897047176958
4,3,-0.46656276576126543,-0.557206242474855,-0.45880765041157967,-0.44668728609827424,1.264126727145683
4,1,-0.46406524080938333,-0.987234630451278,-0.4563564105187674,-0.44486885308739904,1.449269160281279
4,1,-0.46664010846945275,-0.5737922671452099,-0.4590746678359959,-0.4473307731767414,1.3074315127843374
4,2,-0.46157953210458547,-0.5737922671452099,-0.45373227725549387,-0.44249218096110016,1.5644405465033644
4,3,-0.46653483644997557,-0.5737922671452099,-0.4589635334108443,-0.4472301189553165,1.4838746894587547
4,1,-0.4641006895506359,-1.3062135419924101,-0.4560873786287711,-0.4435253132361114,1.3506671834767394
4,1,-0.1742524453929864,-0.35938219988340203,-0.1363963690646339,-0.10480605535375935,0.7414359657265953
4,1,-0.4666701861893034,-0.30270412882444064,-0.4589214305543728,-0.44652805005485596,1.3703343416258351
4,2,-0.4609092286336287,-0.30270412882444064,-0.45256732500378666,-0.4397957433830636,1.505557782020673
4,3,-0.46628132423980606,-0.30270412882444064,-0.4584925313917191,-0.4460736224928219,1.5303947050936475
4,1,-0.46426289439697316,-0.9313254479531937,-0.4559453305116561,-0.4437148672744184,1.3506671834767394
4,1,-0.1434850863943599,-0.03622932186893571,-0.08585152935139284,-0.06885104366375792,1.1151415906193203
4,1,-0.4641672902160194,-0.942968617589337,-0.45605348385424527,-0.4431487158090113,1.358409157630355
4,1,-0.16610782853914988,-0.7719458334056103,-0.12231886581702267,-0.07372375788870313,1.107076367080239
4,1,-0.4642951205253845,-1.1773697874339568,-0.4560041051565326,-0.4426390919978133,1.355835153635182
4,1,-0.17670055694797104,-0.35861331132252483,-0.12518268971834542,-0.055631446888653104,1.1969481893889715
4,1,-0.4643015657510668,-1.0183196965553207,-0.45579304548432387,-0.4433151414396742,1.355835153635182
4,1,-0.18912910047196058,-0.6472760453204914,-0.12969087705012639,-0.10225709941459828,1.208960345836975
4,1,-0.4643015657510668,-1.1628707460002692,-0.4553542622784513,-0.44287022391367803,1.3887912413184778
4,1,-0.16925524708066148,-0.30918476098040726,-0.08509145140379487,-0.05628326475868947,1.123467489666286
4,1,-0.47041701071926667,0.49177743700786286,-0.4631218972220772,-0.45091841525195986,1.1234855535577581
4,0,-0.37565608012559876,0.2739622918335978,-0.39471306776551734,-0.3536145795231754,1.1296083888934472
4,5,-0.3862369922873357,0.2739622918335978,-0.4023510371941648,-0.3644807467000579,1.1686046604881446
4,1,-0.3018797301491422,0.535054878862961,-0.33242167864788563,-0.28979767289169733,1.1540820346774325
4,1,-0.3020516028340029,0.3999501745945065,-0.34235646376431994,-0.2959301245303643,1.1817271953786161
4,1,-0.295950122521448,0.4476212653689042,-0.3329274525860149,-0.29031235604206745,1.1738571802839026
4,1,-0.306112095013837,0.15170901065409373,-0.3494747674713154,-0.30549303636861574,1.1100283580029278
4,1,-0.2811905557090351,0.008476055884935132,-0.31332079887597575,-0.3102571840221525,1.202304747292017
4,0,-0.46388370028599923,-0.1878239397376356,-0.45793433457165394,-0.4461188141840739,1.324418957401803
4,3,-0.4644723642316471,-0.1878239397376356,-0.4584003004660712,-0.4465565801629696,1.3164082336557241
4,5,-0.45673057398295286,-0.1878239397376356,-0.4522721687123022,-0.44079931846606907,1.335877875118232
4,1,-0.291986308726848,-0.02216964532717762,-0.30675576330982707,-0.3182855564453314,1.1752303354945874
4,0,-0.4648386678912565,-0.1878239397376356,-0.4582041994977537,-0.4468289856352387,1.2725655957915476
4,3,-0.4650330988660052,-0.1878239397376356,-0.45837455451757825,-0.4469735762231586,1.045563067578294
4,5,-0.45725263726321724,-0.1878239397376356,-0.4515575301607301,-0.4411875561772795,1.358409157630355
4,1,-0.2929423505363857,-0.07910924284599934,-0.2974827741271065,-0.31270582810118597,1.186826645592695
4,1,-0.29210447119768973,-0.1866019561319555,-0.2892810706291786,-0.34997527893219915,1.2175469243859378
4,1,-0.45372817301929247,1.316465339160349,-0.4515174616264559,-0.43259767318627995,0.8607780219438963
4,1,-0.45353159363598305,1.733532462824839,-0.4509285227603627,-0.4335895699450309,0.8660495154374083
4,1,-0.45349507069045014,1.1785047630943497,-0.44998698288034816,-0.4347623475892224,0.9021918074946534
4,1,-0.45423627164391195,0.987710558773776,-0.4515124496750209,-0.4360499303884632,0.8848000647827843
4,1,-0.4545778686050726,0.84239062076795,-0.45129437269001693,-0.4363644463003079,0.886861921183343
4,1,-0.45469603107591433,0.978264213597282,-0.4522484925610695,-0.4370358548445823,0.8889195350780231
4,1,-0.4547497412899333,1.3538113549743933,-0.45178703498207096,-0.43764411674956516,0.886861921183343
4,1,-0.46084047955968443,0.04933699083441905,-0.4555254269459529,-0.44385569188806734,1.7557004194123524
4,1,-0.46006705247781127,0.478926013918912,-0.45402344260238997,-0.44328052490849634,1.8472730124913
4,1,-0.4607008330032351,0.7300230496568693,-0.45401625968697745,-0.44340187296833966,1.7647307968401356
4,1,-0.4578434496174259,0.4369666667396035,-0.4508204274179319,-0.4438827003904149,0.9351124861147428
4,1,-0.4566188567377934,0.7050890920398457,-0.4486432945466962,-0.44665050127887973,0.9526226611215454
4,1,-0.4574030258624704,0.6272116649452647,-0.44823210246350087,-0.4431664044760418,0.953586516617852
4,1,-0.4575426724189197,1.0120953102758872,-0.4474106506947839,-0.4400178217446202,0.9641280612883152
4,1,-0.45761786671854626,1.076337447771474,-0.44736833961852895,-0.4359494283276148,0.9641280612883152
4,1,-0.4577789973606032,1.5392233393688255,-0.4491297738178128,-0.43704460407773715,0.9997123400132274
4,1,-0.45859754102225225,1.0566908468067753,-0.4505842245593627,-0.4396409960766552,1.0152306797290584
4,1,-0.45872429712733703,1.1219365332583706,-0.4501574330235718,-0.43724241282732507,1.0152306797290584
4,1,-0.4591228269153578,1.4757351124849498,-0.4500150352573291,-0.43770813831217215,1.0269372519612188
4,1,-0.4593247773200691,1.5004493876560088,-0.4506313637759961,-0.43714674186478397,1.0322944076304612
4,1,-0.4603774975148409,1.3928049891331749,-0.4514976444871104,-0.43736726058043035,1.0349622615916536
4,1,-0.46064067756353383,1.9161984166447088,-0.4514545896902866,-0.4387777130452805,1.0367368849500223
4,1,-0.4612540482076305,1.246057115228577,-0.4515298376358816,-0.4388771880222368,1.03762301704168
4,1,-0.4142500915110695,1.0022096002074636,-0.4186460970688239,-0.4092082721131304,1.3217558399823195
4,1,-0.41453475564537,1.9631006188582296,-0.414129308760926,-0.4094199655153336,1.3376291891386096
4,1,-0.4136667985868235,1.453437344219506,-0.4101293501317559,-0.40675894331150214,1.2267122912954254
4,1,-0.4145197167854447,2.2727430264458506,-0.40859446462937005,-0.41933554753001373,1.199964782928397
4,1,-0.4035832430069021,1.1369847808069706,-0.4148726544869363,-0.3822946418850629,0.9252504732456269
4,2,-0.46411680261484156,1.1369847808069706,-0.45856959390248375,-0.444460149778635,1.6845453849209058
4,1,-0.41718159499222485,1.0218711791213282,-0.42182885057686376,-0.40004177661708207,0.9764446546939022
4,1,-0.22119624664984616,0.5951380278343797,-0.26985823189992775,-0.21265340175673322,1.1233049012584813
4,1,-0.209476677950907,0.9137874157065643,-0.2759561668405509,-0.21069433433292978,1.1584522890241267
4,1,-0.20552360619911084,0.7456205033203822,-0.26545181546029617,-0.20705465334051204,1.1878434223960523
4,1,-0.19637138573027843,1.0700914760106386,-0.27356843610080284,-0.20833850820562594,1.1801922756605325
4,1,-0.19404036244185516,0.9691473920897361,-0.2632477019200118,-0.21606788509577393,1.1969481893889715
4,1,-0.409262561037268,1.1370946220299536,-0.41469814150718254,-0.4054992439379244,1.0724394143640865
4,1,-0.41620836591420113,0.8209715822863658,-0.41250085699501166,-0.40873900889487713,0.3732862097439293
4,2,-0.4681858884289187,0.8209715822863658,-0.46100047770184066,-0.4492332749061916,0.9477893989335261
4,1,-0.4121543189600493,1.6362131392623582,-0.40628900307224486,-0.41799531717126726,0.23309388216737786
4,2,-0.47042453014922936,1.6362131392623582,-0.46308271886073354,-0.45101111908325714,0.8171331603409365
4,1,-0.41487635260653066,0.33668163015659586,-0.4050184530167241,-0.4333466836246235,0.7912942416994698
4,2,-0.4704427916219958,0.33668163015659586,-0.4630906062543884,-0.45105634881465334,1.2683550632552043
4,1,-0.42000460384106186,0.5280250405920824,-0.4056551727899709,-0.42065215495924213,0.8404890184578732
4,2,-0.47045568207336036,0.5280250405920824,-0.4630921418851026,-0.4510242429329894,1.0986122886681098
4,1,-0.34653332788023306,2.20903511711601,-0.37369042927007956,-0.32370669542850905,0.6756879589924819
4,1,-0.33873567900895907,0.805154446176888,-0.3610004545488633,-0.3250369212293437,0.7408378395426418
4,1,-0.3431818105254494,0.6064516738015753,-0.37185751933306205,-0.33379962059522367,0.7256888335590946
4,1,-0.3422644400700054,0.5743780366906903,-0.36748687400054764,-0.3329549772344832,0.7586467779969517
4,1,-0.3367548463159395,1.347989770156322,-0.37066999073556006,-0.33262136517027435,0.7805473709934971
4,1,-0.3425329911401002,1.2924101113271849,-0.3706343302918031,-0.34227138893863274,0.7890632372383485
4,1,-0.33991515530881566,1.4651903550786316,-0.3598051483577355,-0.3539283346321372,0.7326683293471523
4,1,-0.33924377763357855,1.2757142454338475,-0.34816144500675117,-0.35342905774014843,0.7706867580153631
4,1,-0.338415566133406,0.3673273313687088,-0.33991330182589924,-0.348132766510076,0.7663395551106511
4,1,-0.33735102969155006,1.777578793240815,-0.33338113704501293,-0.37561190152109997,0.8000377750499051
4,1,-0.3343754838348991,0.7016840141273888,-0.32088747629946146,-0.4076901280001872,0.7807573365789594
4,1,-0.34010206685360167,0.10579537944741568,-0.31468864227421095,-0.3725499742380556,0.7514160886839212
4,1,-0.339992498017003,1.0638305263006367,-0.3047458223699441,-0.34011223035659227,0.7972256247152153
4,1,-0.33791928375587077,0.6459945140752693,-0.30086297233920223,-0.2960685906550759,0.7969439742415889
4,1,-0.33514246569109,1.268794248385951,-0.31400995220507105,-0.3024161593089198,0.8364355066246906
4,1,-0.3288003636197301,0.4803539498176845,-0.31355888042167585,-0.3155374223113929,0.8331648445833622
4,1,-0.333944727918467,0.8761118762235723,-0.3125305635930122,-0.29142388905417493,0.8948868234033092
4,1,-0.33222600106986,1.084810199890291,-0.30360924451774773,-0.2894153694429745,1.1273617019540956
4,1,-0.45428890765365054,2.27889413493287,-0.4519073634918598,-0.4332132387989399,1.3056264580524357
4,2,-0.46369034351553096,2.27889413493287,-0.4584445687141098,-0.4435339863889779,1.3787660946990992
4,1,-0.34165751465159105,0.7351855871370463,-0.37359012117488677,-0.3095682770115684,0.7227059828014898
4,0,0.4099750365769528,-0.2729371573961877,0.17240499916900492,0.45319667861408325,0.6084966511208263
4,3,-0.18260975469433807,-0.2729371573961877,-0.2553600602536731,-0.15536384150035915,0.9488224570057053
4,5,3.1375623191878903,-0.2729371573961877,2.141349449335381,3.2543180705455415,0.8511475833996427
4,0,0.3683700305935786,-0.1122394481728141,0.27183012004359614,0.172795206084521,0.7013279124375995
4,3,-0.12146712125942352,-0.1122394481728141,-0.1573515873597955,-0.19147721431046338,1.1118575154181303
4,5,3.1527075253369596,-0.1122394481728141,2.711389298968138,2.2433963325402213,0.9706526466864442
4,0,0.34258912786447326,0.1222715628947882,0.2955242442617421,0.18241936255485633,0.7211444312044641
4,3,-0.13220916406321742,0.1222715628947882,-0.14750451041241416,-0.18748299917455347,1.1026043099376472
4,5,3.159152751019236,0.1222715628947882,2.9236269473287955,2.3767270377913094,0.9479185894252844
4,0,0.3264760636587824,0.030993506596344252,0.3136253951612391,0.0005113932222732715,0.7337405775937859
4,3,-0.11179928273600902,0.030993506596344252,-0.11354459362488649,-0.24781466779886896,1.1342781559011423
4,5,3.1559301381780975,0.030993506596344252,3.071384587471668,1.6036752283440592,1.0105094071131369
4,0,0.2888789138455037,-0.07313597279105007,0.3304719688877884,-0.209051760908467,0.723745663990309
4,3,-0.11502189557714719,-0.07313597279105007,-0.09164235251187473,-0.3377796087172209,1.1156458772159499
4,5,3.1999725136736528,-0.07313597279105007,3.3728384874864243,0.7187473549471793,0.9342616170644329
4,1,-0.4344494287993236,1.8299730566034593,-0.42547415793753063,-0.43958484882388754,1.2014696741078175
4,2,-0.4537313956321336,1.8299730566034593,-0.44562562620647733,-0.4457302341115661,1.3230882852160981
4,0,0.2673948282379159,-0.30237460515549325,0.37692750571173683,-0.00683035459897067,0.705112348581622
4,3,-0.18591937808218698,-0.30237460515549325,-0.13915649033105112,-0.27973034874199676,1.1517221140970006
4,5,3.195675696552135,-0.30237460515549325,3.7106833664051964,1.756026005670909,0.9461084004127535
4,1,-0.4371048617804214,1.8995025507513716,-0.4251232797402201,-0.43094669288995974,1.0629851110249586
4,2,-0.4534628445620388,1.8995025507513716,-0.44374632972064554,-0.44079437324732934,1.2725655957915476
4,0,0.25772698971450136,-0.3445536347807667,0.42067673474227985,0.16788802748897452,0.6625038617978988
4,3,-0.15584165823156404,-0.3445536347807667,-0.08125106298287191,-0.18360290447109812,1.1321760055062502
4,5,3.0259514202521913,-0.3445536347807667,3.780333708086997,2.5205948629723696,0.9681238805141723
4,1,-0.437678486866144,2.8423796088330104,-0.42330247190119036,-0.42313530144902106,1.208960345836975
4,2,-0.4534177279822628,2.8423796088330104,-0.4424044098031876,-0.43651204205961586,1.3029127521808397
4,0,0.10518998190062791,-0.2849098507012782,0.24148167454872976,0.22175287160753113,0.5877866649021191
4,3,-0.2170713022131893,-0.2849098507012782,-0.1529507959152208,-0.15484455549254672,1.2131048924900394
4,5,3.002318926083845,-0.2849098507012782,3.787429584019645,3.6073637412372306,0.8776884939536319
4,1,-0.4370178512337107,1.9055388257318233,-0.4221549013315717,-0.41187606546262084,1.2513333756857736
4,2,-0.45340698593945905,1.9055388257318233,-0.44221442200446665,-0.4310285552801738,1.308332819650179
4,0,0.13204508891011266,-0.1926432233959921,0.20073307075910873,0.21045494879452878,0.9400072584914712
4,3,8.798725223011036,-0.1926432233959921,9.74960287123737,9.724599322243646,0.07448885168133332
4,5,2.953979733466772,-0.1926432233959921,3.309915143869717,3.3083301680621084,1.250092740034982
4,1,-0.4370092575994676,1.5853566530214687,-0.42624586236612133,-0.4142439122754765,1.2781522025001875
4,2,-0.4549269849961959,1.5853566530214687,-0.4459874523849584,-0.43391371001334605,1.3480731482996928
4,0,0.15460337879807987,0.029455729474589635,0.19676472975075188,0.1466616270524247,0.8316909900080044
4,3,-0.14832222826890828,0.029455729474589635,-0.12303024874671734,-0.14297603051727154,1.3499694509988662
4,5,3.072142204308505,0.029455729474589635,3.2767759410951713,2.9362214779719102,1.0483710722313628
4,0,0.15567758307845928,-0.07544263847368213,0.22750324396939367,0.2807531351865433,0.9551908809599579
4,3,-0.1472480239885289,-0.07544263847368213,-0.10661157334653097,-0.07324844628752986,1.2864740258376797
4,5,3.054954935822435,-0.07544263847368213,3.4252900948051406,3.6688746543302435,1.2176784512834091
4,0,0.11056100330252486,-0.43440375518043844,0.20725129964809744,0.22802949539253242,0.6230376141941477
4,3,-0.21921971077394808,-0.43440375518043844,-0.17322950350307786,-0.15735520500654723,1.286222864188736
4,5,2.931421443578805,-0.43440375518043844,3.461787420413525,3.5245123072752134,0.8828028878510397
4,0,0.0789256872453518,-0.15936133283229964,0.15204305625245054,0.22997905278029795,0.8936663493606936
4,3,-0.22912387423904607,-0.15936133283229964,-0.19287739069509088,-0.15182797206133095,1.320510620484888
4,5,2.9952828880473596,-0.15936133283229964,3.417463153954024,3.8446106102742417,1.264973825883335
4,0,0.09908850158807296,-0.2868869927149629,0.19205879625536407,0.3154898732199481,0.7970244537072552
4,3,-0.23217461439532353,-0.2868869927149629,-0.18899476591530223,-0.1302812736110253,1.3011643302882296
4,5,2.7672078352372074,-0.2868869927149629,3.2612093515933327,3.905900510129734,1.0105094071131369
4,0,0.017502686493258243,0.03330017227897656,0.11518490922610822,0.15384931228985496,0.8428235801357803
4,3,-0.1760044725742852,0.03330017227897656,-0.1141371056617618,-0.08598999257108249,1.277057293835651
4,5,2.8925567327146786,0.03330017227897656,3.52236214219291,3.7172883457918866,1.09270599178558
4,1,-0.31912070884923144,-0.11817087421386832,-0.3539022727371197,-0.2955550487090303,0.892583347896645
4,1,-0.17437597888523004,-0.2739257284030299,-0.257272385749827,-0.12592925287922616,0.016529302279079415
