Crop,Crop_Year,Season,State,Area,Production,Annual_Rainfall,Fertilizer,Pesticide,Yield
Banana,1997,Whole Year ,Meghalaya,5239,63011,3818.2,498595.63,1624.09,11.20714286
Banana,1998,Whole Year ,Assam,41885,581884,2354.4,4138238,12146.65,13.78826087
Banana,1998,Whole Year ,Goa,1900,14400,2964.9,187720,551,7.58
Banana,1998,Whole Year ,Kerala,30521,386588,3151.5,3015474.8,8851.09,12.85714286
Banana,1998,Whole Year ,Meghalaya,5194,62888,6552.7,513167.2,1506.26,11.26714286
Banana,1999,Whole Year ,Assam,41922,583383,2201.8,4449181.86,11318.94,13.74652174
Banana,1999,Whole Year ,Goa,1950,14500,3879.3,206953.5,526.5,7.44
Banana,1999,Whole Year ,Kerala,39046,398145,2914.6,4143951.98,10542.42,10.36285714
Banana,1999,Whole Year ,Meghalaya,5319,63383,6200.3,564505.47,1436.13,11.16285714
Banana,1999,Whole Year ,Puducherry,282,8890,1434.5875,29928.66,76.14,29.25
Banana,2000,Whole Year ,Andhra Pradesh,49051,819660,935.6,4815336.67,12753.26,17.63090909
Banana,2000,Whole Year ,Assam,42534,590095,1965.5,4175562.78,11058.84,13.73217391
Banana,2000,Whole Year ,Goa,2000,14745,3886.9,196340,520,7.37
Banana,2000,Whole Year ,Karnataka,35335,649567,1213.3,3468836.95,9187.1,18.36037037
Banana,2000,Whole Year ,Kerala,45059,327955,2412.6,4423442.03,11715.34,7.457857143
Banana,2000,Whole Year ,Meghalaya,5377,64100,6258.8,527860.09,1398.02,11.36285714
Banana,2000,Whole Year ,Puducherry,239,7532,1434.5875,23462.63,62.14,26.25
Banana,2001,Whole Year ,Andhra Pradesh,50507,761365,928.4,5158279.91,13131.82,11.73363636
Banana,2001,Whole Year ,Assam,43600,606192,1824.7,4452868,11336,13.77652174
Banana,2001,Whole Year ,Goa,2100,15482,2530.6,214473,546,7.37
Banana,2001,Whole Year ,Kerala,50871,375903,2946.7,5195455.23,13226.46,7.347857143
Banana,2001,Whole Year ,Puducherry,225,7461,1434.5875,22979.25,58.5,25.375
Banana,2002,Whole Year ,Andhra Pradesh,39354,1027659,648.1,3725643.18,9838.5,26.83952381
Banana,2002,Whole Year ,Assam,42631,589595,1973.6,4035876.77,10657.75,13.77652174
Banana,2002,Whole Year ,Goa,2116,15743,2516.3,200321.72,529,7.44
Banana,2002,Whole Year ,Kerala,55668,421809,2511.2,5270089.56,13917,8.055714286
Banana,2002,Whole Year ,Tamil Nadu,76771,2836916,315.9,7267910.57,19192.75,34.81964286
Banana,2003,Whole Year ,Andhra Pradesh,38714,515379,826,3831911.72,9291.36,15.68263158
Banana,2003,Whole Year ,Assam,42982,594645,2213.7,4254358.36,10315.68,13.78478261
Banana,2003,Whole Year ,Goa,2179,16900,3011.6,215677.42,522.96,7.76
Banana,2003,Whole Year ,Karnataka,33220,431463,867.6,3288115.6,7972.8,14.36222222
Banana,2003,Whole Year ,Kerala,55906,442220,2386,5533575.88,13417.44,8.215
Banana,2003,Whole Year ,Meghalaya,5628,66875,3321.3,557059.44,1350.72,10.92714286
Banana,2003,Whole Year ,Puducherry,280,10095,1434.5875,27714.4,67.2,26.56
Banana,2003,Whole Year ,Tamil Nadu,71088,2514729,345.6,7036290.24,17061.12,34.52965517
Banana,2004,Whole Year ,Karnataka,41977,526898,1117.7,4547788.18,8815.17,16.32777778
Banana,2004,Whole Year ,Kerala,58866,475371,2880.2,6377542.44,12361.86,7.803571429
Banana,2004,Whole Year ,Meghalaya,6276,67838,4767.9,679941.84,1317.96,10.06571429
Banana,2004,Whole Year ,Tamil Nadu,81498,3461788,1034,8829493.32,17114.58,41.73931034
Banana,2005,Whole Year ,Andhra Pradesh,45642,935517,1075.5,5473388.64,9584.82,23.9085
Banana,2005,Whole Year ,Assam,41967,577713,2184.6,5032682.64,8813.07,13.70555556
Banana,2005,Whole Year ,Karnataka,43562,517257,1316.2,5223955.04,9148.02,15.48037037
Banana,2005,Whole Year ,Kerala,61400,491823,3030.9,7363088,12894,8.060714286
Banana,2005,Whole Year ,Meghalaya,6426,71695,3374.4,770605.92,1349.46,10.22428571
Banana,2005,Whole Year ,Tamil Nadu,94648,4647635,1364.1,11350188.16,19876.08,48.51965517
Banana,2006,Kharif     ,Puducherry,305,9890,1434.5875,38951.55,67.1,22.23666667
Banana,2006,Kharif     ,Meghalaya,6422,72367,2454.7,820153.62,1412.84,10.31714286
Banana,2006,Whole Year ,Andhra Pradesh,50286,1224106,845.2,6422025.06,11062.92,26.19809524
Banana,2006,Whole Year ,Assam,43250,598857,1774.9,5523457.5,9515,13.70814815
Banana,2006,Whole Year ,Karnataka,42646,851437,1146.3,5446320.66,9382.12,19.95814815
Banana,2006,Whole Year ,Kerala,59143,463766,3429.7,7553152.53,13011.46,7.988571429
Banana,2006,Whole Year ,Tamil Nadu,105206,5637371,927.9,13435858.26,23145.32,54.02931034
Banana,2007,Kharif     ,Puducherry,318,10457,1434.5875,42421.2,50.88,22.45
Banana,2007,Whole Year ,Assam,43999,606749,2154.1,5869466.6,7039.84,13.68962963
Banana,2007,Whole Year ,Karnataka,52191,922999,1323.3,6962279.4,8350.56,19.55793103
Banana,2007,Whole Year ,Kerala,59341,439803,3489.6,7916089.4,9494.56,7.534285714
Banana,2007,Whole Year ,Tamil Nadu,112793,5384825,1067.2,15046586.2,18046.88,48.00758621
Banana,2008,Kharif     ,Puducherry,285,10524,1434.5875,40766.4,25.65,26.55666667
Banana,2008,Whole Year ,Andhra Pradesh,54100,1368488,944.6,7738464,4869,26.21611111
Banana,2008,Whole Year ,Assam,45580,629050,2109.9,6519763.2,4102.2,13.89074074
Banana,2008,Whole Year ,Karnataka,61001,1059346,1164.1,8725583.04,5490.09,20.47448276
Banana,2008,Whole Year ,Kerala,54739,435979,2524.8,7829866.56,4926.51,7.93
Banana,2008,Whole Year ,Meghalaya,6522,74314,3114.3,932906.88,586.98,10.37428571
Banana,2008,Whole Year ,Tamil Nadu,115804,5148134,1201.9,16564604.16,10422.36,44.54483871
Banana,2009,Kharif     ,Puducherry,285,10371,1434.5875,44408.7,48.45,26.09666667
Banana,2009,Whole Year ,Andhra Pradesh,58229,1775347,711,9073242.78,9898.93,30.9435
Banana,2009,Whole Year ,Assam,44980,621747,1727.1,7008783.6,7646.6,13.76888889
Banana,2009,Whole Year ,Karnataka,63981,1407316,1321,9969519.42,10876.77,21.92
Banana,2009,Whole Year ,Kerala,51275,406242,2821.5,7989670.5,8716.75,7.835714286
Banana,2009,Kharif     ,Meghalaya,6802,78822,2995.9,1059887.64,1156.34,10.4
Banana,2009,Whole Year ,Tamil Nadu,113681,4887841,928.5,17713773.42,19325.77,43.52
Banana,2010,Kharif     ,Puducherry,266,6368,1434.5875,44185.26,63.84,18.06666667
Banana,2010,Whole Year ,Assam,47628,653502,2578.5,7911487.08,11430.72,13.76444444
Banana,2010,Whole Year ,Andhra Pradesh,58876,1920403,1297,9779892.36,14130.24,31.56263158
Banana,2010,Whole Year ,Karnataka,65767,1536239,1317.7,10924556.37,15784.08,23.71172414
Banana,2010,Whole Year ,Kerala,58671.14,483667,3131.8,9745863.065,14081.0736,8.239285714
Banana,2010,Kharif     ,Meghalaya,6795,79954,3119.7,1128717.45,1630.8,10.29285714
Banana,2011,Kharif     ,Puducherry,266,3263,1434.5875,44560.32,87.78,10.90333333
Banana,2011,Whole Year ,Assam,47563,729102,1743.4,7967753.76,15695.79,14.98222222
Banana,2011,Whole Year ,Andhra Pradesh,62103,2308295,861.9,10403494.56,20493.99,35.52157895
Banana,2011,Whole Year ,Karnataka,69256,1730522,1178.986364,11601765.12,22854.48,25.06172414
Banana,2011,Whole Year ,Kerala,59069.4,514054,3035.1,9895305.888,19492.902,8.229285714
Banana,2011,Kharif     ,Meghalaya,6919,82125,4083.104545,1159070.88,2283.27,10.37
Banana,2011,Whole Year ,Tamil Nadu,103107,4505435,926.5,17272484.64,34025.31,43.34580645
Banana,2012,Whole Year ,Assam,47063,763234,2167.5,7097100.4,14589.53,15.99074074
Banana,2012,Whole Year ,Kerala,61011,515607,2187.6,9200458.8,18913.41,8.320714286
Banana,2012,Kharif     ,Meghalaya,6992,84613,2945.3,1054393.6,2167.52,10.55571429
Banana,2013,Whole Year ,Andhra Pradesh,60626,1888161,1062.3,8759850.74,16369.02,31.62769231
Banana,2013,Whole Year ,Assam,50806,857720,1797.7,7340958.94,13717.62,16.40037037
Banana,2013,Whole Year ,Goa,2324,26308,3642.6,335794.76,627.48,11.315
Banana,2013,Whole Year ,Kerala,62261,531299,3255.4,8996091.89,16810.47,8.377857143
Banana,2013,Kharif     ,Meghalaya,7039,86432,2448.4,1017065.11,1900.53,10.12363636
Banana,2013,Whole Year ,Tamil Nadu,92463,3840375,740.9,13359978.87,24965.01,42.13096774
Banana,2014,Whole Year ,Andhra Pradesh,61607,1945126,687.6,9300192.72,20330.31,31.49384615
Banana,2014,Whole Year ,Assam,51279,865669,1899,7741077.84,16922.07,16.40037037
Banana,2014,Whole Year ,Goa,2380,26882,3491.2,359284.8,785.4,11.29
Banana,2014,Whole Year ,Kerala,61936,545431,3046.4,9349858.56,20438.88,8.282857143
Banana,2014,Kharif     ,Meghalaya,7072,87186,3484.4,1067589.12,2333.76,10.16727273
Banana,2014,Whole Year ,Tamil Nadu,91410,3725937,911.3,13799253.6,30165.3,42.5
Banana,2015,Whole Year ,Andhra Pradesh,59428,2322913,940.7,9384275.48,19611.24,39.59461538
Banana,2015,Kharif     ,Puducherry,246,6235,1980.6,38845.86,81.18,15.98666667
Banana,2015,Whole Year ,Assam,51103,882706,2155.3,8069674.73,16863.99,16.6337037
Banana,2015,Kharif     ,Meghalaya,7112,88709,3870.8,1123055.92,2346.96,10.28909091
Banana,2015,Whole Year ,Goa,2414,27302,2587.1,381194.74,796.62,11.315
Banana,2015,Whole Year ,Kerala,59834.61,536155,2602.9,9448483.265,19745.4213,8.779285714
Banana,2015,Whole Year ,Tamil Nadu,94214,3610173,1201.9,14877332.74,31090.62,38.35645161
Banana,2016,Whole Year ,Andhra Pradesh,55743,2303705,890,8542614.75,19510.05,41.42769231
Banana,2016,Kharif     ,Puducherry,252,3052,1391.3,38619,88.2,13.02666667
Banana,2016,Whole Year ,Assam,49266,854853,2296.8,7550014.5,17243.1,16.79111111
Banana,2016,Kharif     ,Meghalaya,7240,94295,3837.1,1109530,2534,10.72545455
Banana,2016,Whole Year ,Goa,2435,26908,3266.9,373163.75,852.25,11.1
Banana,2016,Whole Year ,Kerala,57158,489322,2924.3,8759463.5,20005.3,8.442857143
Banana,2016,Whole Year ,Tamil Nadu,90993,3028869,912.4,13944677.25,31847.55,33.24096774
Banana,2017,Whole Year ,Andhra Pradesh,55130,5961326,868.2,8679667.2,20949.4,116.2230769
Banana,2017,Kharif     ,Puducherry,249,2946,1582.4,39202.56,94.62,11.33333333
Banana,2017,Whole Year ,Assam,53082,913272,2098.563636,8357230.08,20171.16,16.84185185
Banana,2017,Kharif     ,Meghalaya,7264,94603,4472.3,1143644.16,2760.32,10.72727273
Banana,2017,Whole Year ,Goa,2428,26975,2772.5,382264.32,922.64,11.115
Banana,2017,Whole Year ,Kerala,62108,565829,2664.8,9778283.52,23601.04,8.570714286
Banana,2017,Whole Year ,Tamil Nadu,78482,3044122,970.9,12356206.08,29823.16,37.84677419
Banana,2018,Whole Year ,Andhra Pradesh,59098,6223680,1220.5,9585695.6,20684.3,126.3876923
Banana,2018,Kharif     ,Puducherry,262,9124,1693.9,42496.4,91.7,24.5
Banana,2018,Whole Year ,Assam,51113,917792,2372.9,8290528.6,17889.55,17.68037037
Banana,2018,Kharif     ,Meghalaya,7273,94721,5649.1,1179680.6,2545.55,10.72727273
Banana,2018,Whole Year ,Goa,2411,26979,4406,391064.2,843.85,11.18
Banana,2018,Whole Year ,Kerala,52898.61,429061,2989.7,8580154.542,18514.5135,7.930714286
Banana,2018,Whole Year ,Tamil Nadu,87514,3483248,986.2,14194770.8,30629.9,37.39125
Banana,2019,Whole Year ,Andhra Pradesh,97695,5861700,899.2,16780093.2,36147.15,60
Banana,2019,Kharif     ,Puducherry,273,16637,1317,46890.48,101.01,32.76666667
Banana,2019,Whole Year ,Assam,49445,906683,2084.7,8492673.2,18294.65,18.07555556
Banana,2019,Kharif     ,Meghalaya,7284,94870,3844.4,1251099.84,2695.08,10.73090909
Banana,2019,Whole Year ,Goa,2460,30898,4489.5,422529.6,910.2,13.095
Banana,2019,Whole Year ,Kerala,60678,548425,3119.2,10422053.28,22450.86,8.815
Banana,2019,Whole Year ,Tamil Nadu,92440,3987895,910.1,15877494.4,34202.8,42.7084375
Banana,1997,Whole Year ,Bihar,18197,440763,1303.7,1731808.49,5641.07,24.0412
Banana,1997,Whole Year ,Gujarat,19300,1108400,798.9,1836781,5983,55.276
Banana,1998,Whole Year ,Bihar,17743,323667,1332.5,1753008.4,5145.47,17.85958333
Banana,1998,Whole Year ,Gujarat,18400,1204800,775.6,1817920,5336,63.259
Banana,1998,Whole Year ,Tamil Nadu,74681,3649318,1077.1,7378482.8,21657.49,44.85214286
Banana,1999,Whole Year ,Bihar,15386,207607,1402.7,1632916.18,4154.22,12.55909091
Banana,1999,Whole Year ,Gujarat,16700,1043400,458.9,1772371,4509,61.247
Banana,1999,Whole Year ,Karnataka,29043,671891,1203.8,3082333.59,7841.61,23.41576923
Banana,1999,Whole Year ,Tamil Nadu,86449,2762324,922.8,9174832.37,23341.23,29.60071429
Banana,2000,Whole Year ,Bihar,16186,339988,1207,1588979.62,4208.36,17.94875
Banana,2000,Whole Year ,Gujarat,22800,1277100,379.7,2238276,5928,53.03111111
Banana,2000,Whole Year ,Tamil Nadu,77485,2473512,971.1,7606702.45,20146.1,29.60107143
Banana,2001,Whole Year ,Bihar,16263,355042,1247,1660940.19,4228.38,21.29136364
Banana,2001,Whole Year ,Gujarat,24400,1473800,666.5,2491972,6344,61.91875
Banana,2001,Whole Year ,Madhya Pradesh,18145,564818,955,1853148.85,4717.7,26.1695
Banana,2002,Whole Year ,Bihar,17307,340338,1105.8,1638453.69,4326.75,22.17956522
Banana,2002,Whole Year ,Haryana,154,0,353.9,14579.18,38.5,0
Banana,2002,Whole Year ,Karnataka,39813,681663,860.8,3769096.71,9953.25,16.96518519
Banana,2002,Whole Year ,Madhya Pradesh,16117,363109,800.8,1525796.39,4029.25,17.72565217
Banana,2002,Whole Year ,Meghalaya,5344,65659,4355.3,505916.48,1336,11.42714286
Banana,2003,Whole Year ,Bihar,13007,215248,1353.9,1287432.86,3121.68,19.39208333
Banana,2003,Whole Year ,Gujarat,28200,2027400,902.5,2791236,6768,65.116
Banana,2003,Whole Year ,Haryana,52,0,592.3,5146.96,12.48,0
Banana,2003,Whole Year ,Madhya Pradesh,15985,457194,1163,1582195.3,3836.4,17.95652174
Banana,2003,Whole Year ,Maharashtra,57700,3634720,1037.4,5711146,13848,57.56857143
Banana,2003,Whole Year ,Manipur,1950,15308,687.7,193011,468,7.851111111
Banana,2004,Whole Year ,Andhra Pradesh,40906,980481,781.8,4431756.04,8590.26,26.37047619
Banana,2004,Whole Year ,Bihar,14784,189572,1147.8,1601698.56,3104.64,14.46545455
Banana,2004,Whole Year ,Gujarat,32200,1931400,719.8,3488548,6762,59.4
Banana,2005,Whole Year ,Bihar,15596,239311,907.8,1870272.32,3275.16,17.24727273
Banana,2005,Whole Year ,Gujarat,30700,2101700,942.4,3681544,6447,66.87090909
Banana,2006,Whole Year ,Gujarat,26600,1891800,1056.2,3397086,5852,57.65846154
Banana,2006,Whole Year ,Madhya Pradesh,14836,469134,1072.3,1894705.56,3263.92,21.7195
Banana,2006,Whole Year ,Uttar Pradesh,2002,77709,590.5,255675.42,440.44,38.84296296
Banana,2007,Whole Year ,Bihar,17872,233609,1600.2,2384124.8,2859.52,15.2126087
Banana,2007,Whole Year ,Gujarat,31200,2033100,1021.6,4162080,4992,57.96166667
Banana,2007,Whole Year ,Madhya Pradesh,7543,470299,740.4,1006236.2,1206.88,43.1125
Banana,2008,Whole Year ,Gujarat,28200,2002900,746.1,4033728,2538,72.95916667
Banana,2008,Whole Year ,Madhya Pradesh,7847,397231,895,1122434.88,706.23,33.19923077
Banana,2008,Whole Year ,Manipur,4991,64424,1134.8,713912.64,449.19,12.91
Banana,2008,Summer     ,Uttar Pradesh,1991,75867,891.6,284792.64,179.19,38.08033333
Banana,2009,Whole Year ,Gujarat,22100,1605500,618,3443622,3757,65.11
Banana,2009,Whole Year ,Manipur,5841,60933,992.5,910144.62,992.97,10.64666667
Banana,2009,Summer     ,Uttar Pradesh,2336,96059,585.8,363995.52,397.12,41.10410256
Banana,2009,Whole Year ,Madhya Pradesh,8040,501350,904.1,1252792.8,1366.8,44.35692308
Banana,2010,Whole Year ,Gujarat,23500,1650300,1107.5,3903585,5640,70.365
Banana,2010,Whole Year ,Madhya Pradesh,8102,433263,856.3,1345823.22,1944.48,34.189375
Banana,2010,Whole Year ,Manipur,5899,76422,2160.5,979882.89,1415.76,12.94888889
Banana,2011,Whole Year ,Gujarat,28600,2049900,890.5,4791072,9438,63.306
Banana,2011,Whole Year ,Madhya Pradesh,16990,599932,852.6,2846164.8,5606.7,19.14631579
Banana,2011,Whole Year ,Manipur,6279,81942,1533.561905,1051858.08,2072.07,13.05444444
Banana,2011,Summer     ,Uttar Pradesh,2175,95023,777.4,364356,717.75,43.67269231
Banana,2012,Whole Year ,Gujarat,28100,2000600,460.6,4237480,8711,62.463
Banana,2012,Whole Year ,Madhya Pradesh,18019,638870,1049.5,2717265.2,5585.89,13.7473913
Banana,2012,Whole Year ,Manipur,6581,88186,1176.7,992414.8,2040.11,13.4
Banana,2012,Summer     ,Uttar Pradesh,2359,105337,746.3,355737.2,731.29,44.695
Banana,2013,Whole Year ,Gujarat,26721,1944633,1006.5,3860917.29,7214.67,71.54363636
Banana,2013,Whole Year ,Madhya Pradesh,18637,1510351,1451.4,2692860.13,5031.99,41.16705882
Banana,2013,Whole Year ,Manipur,6700,90452,1428.8,968083,1809,13.5
Banana,2013,Whole Year ,Telangana,1522,47401,1348.7,219913.78,410.94,31.14714286
Banana,2013,Summer     ,Uttar Pradesh,2636,114776,995.2,380875.64,711.72,43.58692308
Banana,2014,Whole Year ,Gujarat,26989,1990076,605.6,4074259.44,8906.37,67.33181818
Banana,2014,Whole Year ,Manipur,6993,94222,987.5,1055663.28,2307.69,13.52111111
Banana,2014,Kharif     ,Telangana,1707,71988,746.4,257688.72,563.31,42.26375
Banana,2014,Summer     ,Uttar Pradesh,2441,110118,616.4,368493.36,805.53,45.10709677
Banana,2015,Whole Year ,Gujarat,24439,1768164,584.3,3859162.49,8064.87,72.35545455
Banana,2015,Whole Year ,Madhya Pradesh,22631.6,1535834,1000.7,3573755.956,7468.428,44.46521739
Banana,2015,Whole Year ,Manipur,6952,93946,1329.1,1097790.32,2294.16,13.58
Banana,2015,Kharif     ,Telangana,1756,84008,747.9,277289.96,579.48,48.41333333
Banana,2015,Summer     ,Uttar Pradesh,4582,203406,596.7,723543.62,1512.06,44.39435897
Banana,2016,Whole Year ,Gujarat,28500,2332252,710.5,4367625,9975,82.90272727
Banana,2016,Whole Year ,Madhya Pradesh,26969.8,1873689,1048.4,4133121.85,9439.43,44.61416667
Banana,2016,Whole Year ,Manipur,8194,109822,2039.8,1255730.5,2867.9,13.55111111
Banana,2016,Kharif     ,Telangana,1579,72995,942.6,241981.75,552.65,45.93
Banana,2016,Summer     ,Uttar Pradesh,3376,186413,965.3,517372,1181.6,55.18416667
Banana,2017,Whole Year ,Gujarat,29630,2125489,814.8,4664947.2,11259.4,71.83
Banana,2017,Whole Year ,Madhya Pradesh,26375.05,1834029,800,4152487.872,10022.519,47.73208333
Banana,2017,Whole Year ,Manipur,6932,93477,1780,1091374.08,2634.16,13.48444444
Banana,2017,Kharif     ,Telangana,1717,110607,815.7,270324.48,652.46,64.51083333
Banana,2017,Summer     ,Uttar Pradesh,69378,3172335,652.1,10922872.32,26363.64,45.97483871
Banana,2018,Whole Year ,Gujarat,36405,2815267,1125.4,5904891,12741.75,77.81625
Banana,2018,Whole Year ,Madhya Pradesh,26541.39,1853026,1102.2,4305013.458,9289.4865,48.04833333
Banana,2018,Whole Year ,Manipur,6584,91375,1196.9,1067924.8,2304.4,13.71111111
Banana,2018,Kharif     ,Telangana,1518,93466,1350.3,246219.6,531.3,61.47185185
Banana,2018,Summer     ,Uttar Pradesh,70471,3222568,792.8,11430396.2,24664.85,45.99080645
Banana,2019,Whole Year ,Gujarat,30226,2255336,1067.8,5191617.76,11183.62,73.76285714
Banana,2019,Whole Year ,Madhya Pradesh,26634.09,1847636,1446.7,4574671.298,9854.6133,47.165
Banana,2019,Kharif     ,Telangana,1670,98707,1031.7,286839.2,617.9,59.12423077
Banana,2019,Summer     ,Uttar Pradesh,72585,3332135,814.5,12467199.6,26856.45,46.33580645
Banana,2002,Whole Year ,Puducherry,274,7965,1434.5875,25939.58,68.5,21.5625
Banana,2004,Whole Year ,Uttar Pradesh,1615,58736,704,174969.1,339.15,36.31133333
Banana,2005,Whole Year ,Uttar Pradesh,1991,75867,751.9,238760.72,418.11,38.08033333
Banana,2012,Kharif     ,Puducherry,265,10901,1098.3,39962,82.15,30.195
Banana,2013,Kharif     ,Puducherry,224,7172,1083.2,32365.76,60.48,20.655
Banana,2014,Kharif     ,Puducherry,250,7321,1330,37740,82.5,24.245
Banana,1997,Whole Year ,Manipur,1,12,2053.3,95.17,0.31,12
Banana,1998,Autumn     ,Manipur,1280,16460,1855,126464,371.2,12.72
Banana,1998,Rabi       ,Manipur,660,8490,1855,65208,191.4,12.894
Banana,1998,Summer     ,Manipur,20,260,1855,1976,5.8,13
Banana,1998,Winter     ,Manipur,940,12090,1855,92872,272.6,12.87833333
Banana,1999,Whole Year ,Manipur,3510,45140,2092.7,372516.3,947.7,12.86
Banana,2000,Whole Year ,Manipur,3420,43980,1969.7,335741.4,889.2,12.83875
Banana,2001,Whole Year ,Manipur,4420,56840,2013.1,451414.6,1149.2,12.87375
Banana,2002,Whole Year ,Manipur,4270,14361,1743.7,404240.9,1067.5,6.934444444
Banana,2004,Whole Year ,Manipur,3870,49770,1613.3,419275.8,812.7,12.88111111
Banana,2004,Whole Year ,Puducherry,302,10208,1434.5875,32718.68,63.42,29.17666667
Banana,2005,Whole Year ,Manipur,4420,56850,1585.4,530046.4,928.2,12.8775
Banana,2005,Whole Year ,Puducherry,316,10382,1434.5875,37894.72,66.36,22.33333333
Banana,2006,Summer     ,Manipur,1230,15820,1533.561905,157083.3,270.6,12.91571429
Banana,2006,Whole Year ,Manipur,4200,54020,1533.561905,536382,924,12.8725
Banana,2007,Whole Year ,Manipur,9360,120380,1435.7,1248624,1497.6,12.88444444
Coconut ,1997,Whole Year ,Assam,19656,126905000,2051.4,1870661.52,6093.36,5238.051739
Coconut ,1997,Whole Year ,Kerala,884344,5210000000,3252.4,84163018.48,274146.64,5376.054286
Coconut ,1997,Whole Year ,West Bengal,24273,306202300,1852.9,2310061.41,7524.63,13003.78778
Coconut ,1998,Whole Year ,Assam,20166,149866000,2354.4,1992400.8,5848.14,6045.886957
Coconut ,1998,Whole Year ,Goa,24858,121000000,2964.9,2455970.4,7208.82,4867.65
Coconut ,1998,Whole Year ,Karnataka,310399,1611530000,1260.8,30667421.2,90015.71,4692.261111
Coconut ,1998,Whole Year ,Kerala,882288,5132000000,3151.5,87170054.4,255863.52,5304.749286
Coconut ,1998,Whole Year ,West Bengal,24616,318174400,2152.5,2432060.8,7138.64,12448.06222
Coconut ,1999,Whole Year ,Assam,20238,150062000,2201.8,2147858.94,5464.26,5672.116522
Coconut ,1999,Whole Year ,Goa,24975,121580000,3879.3,2650596.75,6743.25,4868.07
Coconut ,1999,Whole Year ,Kerala,925035,5680000000,2914.6,98173964.55,249759.45,5581.025714
Coconut ,1999,Whole Year ,Puducherry,2214,27816000,1434.5875,234971.82,597.78,12812.4475
Coconut ,1999,Whole Year ,West Bengal,24216,324305700,2318.1,2570044.08,6538.32,13592.12778
Coconut ,2000,Whole Year ,Andhra Pradesh,102646,1092707179,935.6,10076757.82,26687.96,9101.813684
Coconut ,2000,Whole Year ,Assam,20913,135910000,1965.5,2053029.21,5437.38,5771.352609
Coconut ,2000,Whole Year ,Goa,25025,125120000,3886.9,2456704.25,6506.5,4999.8
Coconut ,2000,Whole Year ,Karnataka,335996,1762403000,1213.3,32984727.32,87358.96,4673.661111
Coconut ,2000,Whole Year ,Kerala,925783,5536000000,2412.6,90884117.11,240703.58,5617.002143
Coconut ,2000,Whole Year ,Puducherry,2233,24698000,1434.5875,219213.61,580.58,11937.4475
Coconut ,2000,Whole Year ,West Bengal,24511,330524800,1907.7,2406244.87,6372.86,13234.92556
Coconut ,2001,Whole Year ,Andhra Pradesh,104244,1124969850,928.4,10646439.72,27103.44,9057.671111
Coconut ,2001,Whole Year ,Assam,21067,163597000,1824.7,2151572.71,5477.42,7700.721304
Coconut ,2001,Whole Year ,Goa,25025,125120000,2530.6,2555803.25,6506.5,4999.8
Coconut ,2001,Whole Year ,Karnataka,369828,1503638000,1002.9,37770533.64,96155.28,4164.951481
Coconut ,2001,Whole Year ,Kerala,905718,5479000000,2946.7,92500979.34,235486.68,5636.355
Coconut ,2001,Whole Year ,Puducherry,2282,22204000,1434.5875,233060.66,593.32,9725.08
Coconut ,2001,Whole Year ,West Bengal,38404,331603800,1556.6,3922200.52,9985.04,12368.60944
Coconut ,2002,Whole Year ,Andhra Pradesh,105291,1158625735,648.1,9967898.97,26322.75,9202.625556
Coconut ,2002,Whole Year ,Assam,20919,160277000,1973.6,1980401.73,5229.75,6959.633043
Coconut ,2002,Whole Year ,Goa,25068,122020000,2516.3,2373187.56,6267,4867.56
Coconut ,2002,Whole Year ,Kerala,899198,5709000000,2511.2,85127074.66,224799.5,5969.78
Coconut ,2002,Whole Year ,Tamil Nadu,345825,2860700000,315.9,32739252.75,86456.25,8497.531111
Coconut ,2002,Whole Year ,West Bengal,24976,324194500,1629.1,2364477.92,6244,12229.29167
Coconut ,2003,Whole Year ,Andhra Pradesh,103965,1195079360,826,10290455.7,24951.6,9524.628235
Coconut ,2003,Whole Year ,Assam,21309,154284000,2213.7,2109164.82,5114.16,6763.011739
Coconut ,2003,Whole Year ,Goa,25110,122220000,3011.6,2485387.8,6026.4,4867.38
Coconut ,2003,Whole Year ,Karnataka,375957,1529139000,867.6,37212223.86,90229.68,4165.193333
Coconut ,2003,Whole Year ,Kerala,898498,5876000000,2386,88933332.04,215639.52,6097.778571
Coconut ,2003,Whole Year ,Puducherry,2252,30732000,1434.5875,222902.96,540.48,12300.735
Coconut ,2003,Whole Year ,Tamil Nadu,352710,2560500000,345.6,34911235.8,84650.4,7781.805714
Coconut ,2003,Whole Year ,West Bengal,24443,317488500,1526.7,2419368.14,5866.32,12370.06944
Coconut ,2004,Whole Year ,Karnataka,383206,1551729000,1117.7,41516538.04,80473.26,4165.395185
Coconut ,2004,Whole Year ,Kerala,899267,6001000000,2880.2,97426586.78,188846.07,6112.145714
Coconut ,2004,Whole Year ,Tamil Nadu,357056,4097000000,1034,38683447.04,74981.76,10877.70276
Coconut ,2005,Whole Year ,Andhra Pradesh,104438,891991928,1075.5,12524204.96,21931.98,7717.767778
Coconut ,2005,Whole Year ,Assam,19057,204937000,2184.6,2285315.44,4001.97,8486.539565
Coconut ,2005,Whole Year ,Karnataka,395885,1606890000,1316.2,47474529.2,83135.85,4165.660741
Coconut ,2005,Whole Year ,Kerala,897833,6326000000,3030.9,107668133.4,188544.93,6500.859286
Coconut ,2005,Whole Year ,Tamil Nadu,370515,4867100000,1364.1,44432158.8,77808.15,11777.93172
Coconut ,2005,Whole Year ,West Bengal,24884,323525800,1650.1,2984089.28,5225.64,11972.035
Coconut ,2006,Whole Year ,Andhra Pradesh,105043,1326398065,845.2,13415041.53,23109.46,11710.48222
Coconut ,2006,Whole Year ,Assam,18595,135725000,1774.9,2374767.45,4090.9,6233.948519
Coconut ,2006,Whole Year ,Karnataka,403671,1635839000,1146.3,51552823.41,88807.62,4164.715926
Coconut ,2006,Whole Year ,Kerala,872943,6054000000,3429.7,111483550.5,192047.46,6522.32
Coconut ,2006,Whole Year ,Tamil Nadu,374604,5429900000,927.9,47840676.84,82412.88,13584.69138
Coconut ,2006,Whole Year ,West Bengal,25068,359065200,1631.4,3201434.28,5514.96,13259.37833
Coconut ,2007,Whole Year ,Puducherry,2164,26615000,1434.5875,288677.6,346.24,10937.2025
Coconut ,2007,Whole Year ,Assam,18812,147079000,2154.1,2509520.8,3009.92,7202.371852
Coconut ,2007,Whole Year ,Karnataka,405328,2063855000,1323.3,54070755.2,64852.48,5079.793793
Coconut ,2007,Whole Year ,Kerala,818812,5641000000,3489.6,109229520.8,131009.92,6390.165714
Coconut ,2007,Whole Year ,Tamil Nadu,383366,5438500000,1067.2,51141024.4,61338.56,13190.09759
Coconut ,2007,Whole Year ,West Bengal,28644,355531900,2007.5,3821109.6,4583.04,12380.47722
Coconut ,2008,Whole Year ,Puducherry,2084,30721000,1434.5875,298095.36,187.56,12012.7625
Coconut ,2008,Whole Year ,Andhra Pradesh,106616,970056617,944.6,15250352.64,9595.44,9132.568235
Coconut ,2008,Whole Year ,Assam,19135,180161000,2109.9,2737070.4,1722.15,7716.895185
Coconut ,2008,Whole Year ,Karnataka,418581,2867660000,1164.1,59873826.24,37672.29,6801.366552
Coconut ,2008,Whole Year ,Kerala,787769,5802000000,2524.8,112682477.8,70899.21,6765.202857
Coconut ,2008,Whole Year ,Tamil Nadu,389429,5362000000,1201.9,55703924.16,35048.61,13834.07258
Coconut ,2008,Whole Year ,West Bengal,28757,357235500,1560.1,4113401.28,2588.13,12255.46667
Coconut ,2009,Whole Year ,Puducherry,2138,31097000,1434.5875,333143.16,363.46,11782.4725
Coconut ,2009,Whole Year ,Andhra Pradesh,104541,1149330226,711,16289578.62,17771.97,10004.87412
Coconut ,2009,Whole Year ,Assam,20368,185962000,1727.1,3173741.76,3462.56,8446.091481
Coconut ,2009,Whole Year ,Karnataka,429860,3056353000,1321,66980785.2,73076.2,7084.002414
Coconut ,2009,Whole Year ,Kerala,778618,5667000000,2821.5,121324256.8,132365.06,6728.865
Coconut ,2009,Whole Year ,Tamil Nadu,400466,5547100000,928.5,62400612.12,68079.22,14134.65935
Coconut ,2010,Whole Year ,Puducherry,2131,24464000,1434.5875,353980.41,511.44,11567.6575
Coconut ,2010,Whole Year ,Assam,19426,158565000,2578.5,3226852.86,4662.24,7185.195556
Coconut ,2010,Whole Year ,Andhra Pradesh,103945,1220268000,1297,17266303.95,24946.8,11116.99833
Coconut ,2010,Whole Year ,Karnataka,440741,4213360000,1317.7,73211487.51,105777.84,9678.503667
Coconut ,2010,Whole Year ,Kerala,770473.13,5286561000,3131.8,127983291.6,184913.5512,6501.544286
Coconut ,2011,Whole Year ,Puducherry,2095,17313000,1434.5875,350954.4,691.35,9838.6475
Coconut ,2011,Whole Year ,Assam,20710,175613000,1743.4,3469339.2,6834.3,7299.402593
Coconut ,2011,Whole Year ,Andhra Pradesh,103967,1430853709,861.9,17416551.84,34309.11,12604.71833
Coconut ,2011,Whole Year ,Karnataka,443753,4411600000,1178.986364,74337502.56,146438.49,9984.488333
Coconut ,2011,Whole Year ,Kerala,820866.94,5940564000,3035.1,137511629.8,270886.0902,6884.550714
Coconut ,2011,Whole Year ,Tamil Nadu,419400,6200900000,926.5,70257888,138402,13248.16226
Coconut ,2012,Whole Year ,Andhra Pradesh,99825,1670659000,968.7,15053610,30945.75,14794.63
Coconut ,2012,Whole Year ,Assam,20233,136640000,2167.5,3051136.4,6272.23,6245.638519
Coconut ,2012,Whole Year ,Karnataka,441048,4342441000,956.2,66510038.4,136724.88,9923.938333
Coconut ,2012,Whole Year ,Kerala,798162,5799000000,2187.6,120362829.6,247430.22,6706.261429
Coconut ,2013,Whole Year ,Andhra Pradesh,99066,1610007000,1062.3,14314046.34,26747.82,13712.57308
Coconut ,2013,Whole Year ,Assam,21141,146808000,1797.7,3054663.09,5708.07,6475.464074
Coconut ,2013,Whole Year ,Goa,25750,128100000,3642.6,3720617.5,6952.5,4972.855
Coconut ,2013,Whole Year ,Karnataka,430774,3417792000,1235.6,62242535.26,116308.98,8039.727
Coconut ,2013,Whole Year ,Kerala,808647,5921000000,3255.4,116841405,218334.69,6785.354286
Coconut ,2013,Whole Year ,Tamil Nadu,428538,4668000000,740.9,61919455.62,115705.26,9606.394516
Coconut ,2014,Whole Year ,Andhra Pradesh,99097,1447900000,687.6,14959683.12,32702.01,12941.33667
Coconut ,2014,Whole Year ,Assam,20340,139518000,1899,3070526.4,6712.2,6784.791481
Coconut ,2014,Whole Year ,Goa,25786,127800000,3491.2,3892654.56,8509.38,4955.305
Coconut ,2014,Whole Year ,Karnataka,440514,3931007000,1238.5,66499993.44,145369.62,9449.426667
Coconut ,2014,Whole Year ,Kerala,793856,5947000000,3046.4,119840501.8,261972.48,6883.315
Coconut ,2014,Whole Year ,Tamil Nadu,427841,4986500000,911.3,64586877.36,141187.53,10713.87226
Coconut ,2015,Whole Year ,Andhra Pradesh,103948,1427745000,940.7,16414428.68,34302.84,12616.92333
Coconut ,2015,Whole Year ,Puducherry,1941,28632000,1980.6,306503.31,640.53,12467.6075
Coconut ,2015,Whole Year ,Assam,20602,154656000,2155.3,3253261.82,6798.66,7708.538889
Coconut ,2015,Whole Year ,Goa,25818,129400000,2587.1,4076920.38,8519.94,5011.155
Coconut ,2015,Whole Year ,Karnataka,441100,3688825000,1024.9,69654101,145563,8706.411724
Coconut ,2015,Whole Year ,Kerala,790223,5873000000,2602.9,124784113.9,260773.59,6721.946429
Coconut ,2015,Whole Year ,Tamil Nadu,434875,5962500000,1201.9,68671111.25,143508.75,11907.64581
Coconut ,2016,Whole Year ,Andhra Pradesh,102548,1415300000,890,15715481,35891.8,13934.1225
Coconut ,2016,Whole Year ,Puducherry,1930,21737000,1391.3,295772.5,675.5,10804.615
Coconut ,2016,Whole Year ,Assam,20041,161658000,2296.8,3071283.25,7014.35,8735.670741
Coconut ,2016,Whole Year ,Goa,25913,132160000,3266.9,3971167.25,9069.55,5087.315
Coconut ,2016,Whole Year ,Karnataka,437099,3417203000,1147.2,66985421.75,152984.65,7996.762143
Coconut ,2016,Whole Year ,Kerala,781496,5384000000,2924.3,119764262,273523.6,6418.719286
Coconut ,2016,Whole Year ,Tamil Nadu,435621,4706400000,912.4,66758918.25,152467.35,10719.08742
Coconut ,2017,Whole Year ,Andhra Pradesh,103968,1397800000,868.2,16368721.92,39507.84,12746.54
Coconut ,2017,Whole Year ,Puducherry,1910,20895000,1582.4,300710.4,725.8,11820.71
Coconut ,2017,Whole Year ,Assam,19917,178353000,2098.563636,3135732.48,7568.46,9156.942222
Coconut ,2017,Whole Year ,Goa,26169,131600000,2772.5,4120047.36,9944.22,5027.095
Coconut ,2017,Whole Year ,Karnataka,446607,3531305000,1111.7,70313806.08,169710.66,8182.769667
Coconut ,2017,Whole Year ,Kerala,760443,5230000000,2664.8,119724145.9,288968.34,6400.547143
Coconut ,2017,Whole Year ,Tamil Nadu,436024,4176500000,970.9,68647618.56,165689.12,9387.334516
Coconut ,2018,Whole Year ,Andhra Pradesh,104530,1571100000,1220.5,16954766,36585.5,15636.63231
Coconut ,2018,Whole Year ,Puducherry,1877,17923000,1693.9,304449.4,656.95,8363.155
Coconut ,2018,Whole Year ,Assam,20752,160226000,2372.9,3365974.4,7263.2,8664.686667
Coconut ,2018,Whole Year ,Goa,26381,132750000,4406,4278998.2,9233.35,5013.69
Coconut ,2018,Whole Year ,Karnataka,610234,4321762000,1419.1,98979954.8,213581.9,7502.488
Coconut ,2018,Whole Year ,Kerala,760946.81,5299000000,2989.7,123425572.6,266331.3835,6426.82
Coconut ,2018,Whole Year ,Tamil Nadu,439745,5214000000,986.2,71326639,153910.75,11263.83
Coconut ,2019,Whole Year ,Andhra Pradesh,104027,1912224000,899.2,17867677.52,38489.99,16935.05846
Coconut ,2019,Whole Year ,Puducherry,1857,18661000,1317,318958.32,687.09,9474.625
Coconut ,2019,Whole Year ,Assam,20800,148629000,2084.7,3572608,7696,7582.287813
Coconut ,2019,Whole Year ,Goa,26542,167000000,4489.5,4558853.92,9820.54,6359.69
Coconut ,2019,Whole Year ,Karnataka,610324,5030774000,1422.3,104829250.2,225819.88,8344.984
Coconut ,2019,Whole Year ,Kerala,760776,4814000000,3119.2,130670885.8,281487.12,5882.037143
Coconut ,2019,Whole Year ,Tamil Nadu,438935,4946800000,910.1,75391475.6,162405.95,8795.260556
Coconut ,1997,Kharif     ,Mizoram,15,40,2644.2,1427.55,4.65,2.595
Coconut ,1999,Whole Year ,Karnataka,321158,1671774000,1203.8,34084498.54,86712.66,4680.495926
Coconut ,2002,Whole Year ,Karnataka,375425,1525287000,860.8,35541484.75,93856.25,4165.087778
Coconut ,2004,Whole Year ,Andhra Pradesh,103869,1199311362,781.8,11253167.46,21812.49,10469.71389
Coconut ,2004,Whole Year ,West Bengal,24294,310874400,1612.9,2632011.96,5101.74,12630.52667
Coconut ,2008,Kharif     ,Chhattisgarh,77,0,1117.9,11014.08,6.93,0
Coconut ,2009,Whole Year ,West Bengal,28846,362736500,1317.2,4494783.72,4903.82,12313.48667
Coconut ,2010,Whole Year ,West Bengal,28933,364187600,1096,4806060.63,6943.92,12327.335
Coconut ,2011,Whole Year ,Chhattisgarh,73,0,1302.7,12228.96,24.09,0
Coconut ,2011,Whole Year ,West Bengal,29133,367500000,1686.5,4880360.16,9613.89,12317.74
Coconut ,2012,Whole Year ,Chhattisgarh,100,0,1366.8,15080,31,0
Coconut ,2012,Whole Year ,West Bengal,29200,369381000,1566,4403360,9052,12497.47056
Coconut ,2013,Whole Year ,Chhattisgarh,25,0,1418.3,3612.25,6.75,0
Coconut ,2013,Whole Year ,Telangana,428,6956712,1348.7,61841.72,115.56,16254
Coconut ,2013,Whole Year ,West Bengal,29300,370900000,1939.9,4233557,7911,12507.61667
Coconut ,2014,Whole Year ,Chhattisgarh,59,0,1274.7,8906.64,19.47,0
Coconut ,2014,Whole Year ,Telangana,439,9265095,746.4,66271.44,144.87,21105
Coconut ,2014,Whole Year ,West Bengal,29680,372300000,1483.5,4480492.8,9794.4,12561.52684
Coconut ,2015,Whole Year ,Chhattisgarh,58,0,1136,9158.78,19.14,0
Coconut ,2015,Whole Year ,West Bengal,29513,373647500,1717,4660397.83,9739.29,12593.58421
Coconut ,2016,Whole Year ,West Bengal,29625,375400000,1795.8,4540031.25,10368.75,12686.74
Coconut ,2017,Whole Year ,West Bengal,30250,378500000,1830,4762560,11495,12091.08136
Coconut ,2018,Whole Year ,West Bengal,30815,385025000,2012.6,4998193,10785.25,12018.40727
Coconut ,2019,Whole Year ,Chhattisgarh,55,0,1420.3,9446.8,20.35,0
Coconut ,2019,Whole Year ,West Bengal,31300,390028000,1733.4,5376088,11581,11918.29136
Coconut ,2002,Whole Year ,Puducherry,2279,23956000,1434.5875,215752.93,569.75,10750
Coconut ,2012,Whole Year ,Puducherry,1564,20297000,1098.3,235851.2,484.84,14410.51667
Coconut ,2013,Whole Year ,Puducherry,1536,16608000,1083.2,221936.64,414.72,9619.11
Coconut ,2014,Whole Year ,Puducherry,1526,25201000,1330,230364.96,503.58,13532.98667
Coconut ,2004,Whole Year ,Puducherry,2137,28003000,1434.5875,231522.58,448.77,11687.445
Coconut ,2005,Whole Year ,Puducherry,2194,29414000,1434.5875,263104.48,460.74,11250.4125
Coconut ,2004,Whole Year ,Goa,25160,123520000,2518,2725834.4,5283.6,4909.375
Coconut ,2005,Whole Year ,Goa,25312,125340000,3392.8,3035415.04,5315.52,4951.73
Coconut ,2006,Whole Year ,Goa,25468,126680000,2928.8,3252518.28,5602.96,4974.045
Coconut ,2007,Whole Year ,Goa,25545,127570000,3674.7,3407703,4087.2,4993.77
Jute,1997,Kharif     ,Assam,94520,904095,2051.4,8995468.4,29301.2,9.919565217
Jute,1997,Kharif     ,Meghalaya,4243,34683,3818.2,403806.31,1315.33,8.436666667
Jute,1997,Kharif     ,West Bengal,641574,7549700,1852.9,61058597.58,198887.94,13.44588235
Jute,1998,Kharif     ,Assam,78702,687173,2354.4,7775757.6,22823.58,9.040869565
Jute,1998,Kharif     ,Meghalaya,4241,27097,6552.7,419010.8,1229.89,7.553333333
Jute,1998,Kharif     ,West Bengal,612066,7373630,2152.5,60472120.8,177499.14,13.24705882
Jute,1999,Kharif     ,Assam,73545,657537,2201.8,7805330.85,19857.15,9.13173913
Jute,1999,Kharif     ,Meghalaya,4235,31781,6200.3,449460.55,1143.45,6.76
Jute,1999,Kharif     ,West Bengal,613923,7593680,2318.1,65155647.99,165759.21,13.94058824
Jute,2000,Kharif     ,Assam,69513,668439,1965.5,6824091.21,18073.38,9.794782609
Jute,2000,Kharif     ,Meghalaya,4220,35816,6258.8,414277.4,1097.2,7.133333333
Jute,2000,Kharif     ,West Bengal,612994,7428400,1907.7,60177620.98,159378.44,13.52411765
Jute,2001,Kharif     ,Assam,68178,674603,1824.7,6963019.14,17726.28,9.675652174
Jute,2001,Kharif     ,Meghalaya,4061,25057,4241,414749.93,1055.86,6.236666667
Jute,2001,Kharif     ,West Bengal,651814,8836168,1556.6,66569763.82,169471.64,15.42705882
Jute,2002,Kharif     ,Assam,67915,690619,1973.6,6429513.05,16978.75,9.963478261
Jute,2002,Kharif     ,West Bengal,636066,8505522,1629.1,60216368.22,159016.5,14.35235294
Jute,2003,Kharif     ,Assam,64027,665268,2213.7,6337392.46,15366.48,10.2626087
Jute,2003,Kharif     ,Meghalaya,4043,35699,3321.3,400176.14,970.32,7.026666667
Jute,2003,Kharif     ,West Bengal,620421,8366723,1526.7,61409270.58,148901.04,14.47764706
Jute,2004,Kharif     ,Meghalaya,4019,20153,4767.9,435418.46,843.99,4.8
Jute,2005,Kharif     ,Assam,56757,578858,2184.6,6806299.44,11918.97,10.28740741
Jute,2005,Kharif     ,Meghalaya,4017,35499,3374.4,481718.64,843.57,7.11
Jute,2005,Kharif     ,West Bengal,558938,7989246,1650.1,67027844.96,117376.98,14.95882353
Jute,2006,Rabi       ,Meghalaya,3967,35304,2454.7,506625.57,872.74,7.056666667
Jute,2006,Kharif     ,Assam,57663,558564,1774.9,7364141.73,12685.86,9.352962963
Jute,2006,Kharif     ,West Bengal,594874,8411537,1631.4,75971358.54,130872.28,14.85647059
Jute,2007,Kharif     ,Assam,59842,656821,2154.1,7982922.8,9574.72,10.37444444
Jute,2007,Kharif     ,West Bengal,609817,8216039,2007.5,81349587.8,97570.72,14.07352941
Jute,2008,Kharif     ,Assam,60111,647455,2109.9,8598277.44,5409.99,10.38925926
Jute,2008,Kharif     ,Meghalaya,3951,34588,3114.3,565151.04,355.59,6.31
Jute,2008,Kharif     ,West Bengal,584238,7872588,1560.1,83569403.52,52581.42,14.03470588
Jute,2009,Kharif     ,Assam,65270,713294,1727.1,10170371.4,11095.9,10.61148148
Jute,2009,Kharif     ,Meghalaya,3928,34792,2995.9,612060.96,667.76,6.803333333
Jute,2010,Kharif     ,Assam,62267,625575,2578.5,10343171.37,14944.08,10.21074074
Jute,2010,Kharif     ,Meghalaya,3881,34354,3119.7,644672.91,931.44,6.72
Jute,2011,Kharif     ,Assam,65560,608023,1743.4,10982611.2,21634.8,9.125555556
Jute,2011,Kharif     ,Meghalaya,3889,34563,4083.104545,651485.28,1283.37,6.87
Jute,2011,Kharif     ,Tamil Nadu,3,0,926.5,502.56,0.99,0
Jute,2012,Kharif     ,Assam,65092,557990,2167.5,9815873.6,20178.52,8.367777778
Jute,2012,Kharif     ,Meghalaya,6380,63800,2945.3,962104,1977.8,8.833333333
Jute,2013,Kharif     ,Assam,69822,717261,1797.7,10088580.78,18851.94,9.991111111
Jute,2013,Kharif     ,Meghalaya,6500,65542,2448.4,939185,1755,9.706
Jute,2014,Kharif     ,Assam,70403,767548,1899,10628036.88,23232.99,10.46592593
Jute,2014,Kharif     ,Meghalaya,6590,66256,3484.4,994826.4,2174.7,9.78
Jute,2015,Kharif     ,Assam,72128,865805,2155.3,11389732.48,23802.24,11.72703704
Jute,2015,Kharif     ,Meghalaya,6659,68281,3870.8,1051522.69,2197.47,9.91
Jute,2016,Kharif     ,Assam,75140,802705,2296.8,11515205,26299,10.32555556
Jute,2016,Kharif     ,Meghalaya,6665,68365,3837.1,1021411.25,2332.75,9.924
Jute,2017,Kharif     ,Assam,69926,841150,2098.563636,11009149.44,26571.88,11.3137037
Jute,2017,Kharif     ,Meghalaya,6673,68465,4472.3,1050597.12,2535.74,9.934
Jute,2018,Kharif     ,Assam,65789,761571,2372.9,10670975.8,23026.15,11.11888889
Jute,2018,Kharif     ,Meghalaya,6678,68539,5649.1,1083171.6,2337.3,9.938
Jute,2019,Kharif     ,Assam,64247,791512,2084.7,11035064.72,23771.39,11.66851852
Jute,2019,Kharif     ,Meghalaya,6680,68562,3844.4,1147356.8,2471.6,9.946
Jute,1997,Autumn     ,Odisha,92010,123210,1496.6,8756591.7,28523.1,1.215
Jute,1997,Kharif     ,Bihar,147527,1327863,1303.7,14040144.59,45733.37,8.642631579
Jute,1998,Kharif     ,Bihar,146328,695831,1332.5,14457206.4,42435.12,5.061176471
Jute,1998,Kharif     ,Tripura,1260,10000,2472.9,124488,365.4,7.8975
Jute,1998,Kharif     ,Uttar Pradesh,66,51,743.4,6520.8,19.14,0.83
Jute,1999,Kharif     ,Bihar,149123,1098574,1402.7,15826423.99,40263.21,7.803888889
Jute,1999,Kharif     ,Nagaland,260,360,1782.2,27593.8,70.2,1.39
Jute,1999,Kharif     ,Odisha,13890,91740,1484.3,1474145.7,3750.3,5.435
Jute,1999,Kharif     ,Uttar Pradesh,38,29,883.4,4032.94,10.26,0.7
Jute,2000,Kharif     ,Bihar,135296,1083701,1207,13282008.32,35176.96,8.147692308
Jute,2000,Kharif     ,Nagaland,350,480,1631.8,34359.5,91,1.343333333
Jute,2000,Kharif     ,Odisha,13850,106680,1066,1359654.5,3601,5.8825
Jute,2000,Kharif     ,Uttar Pradesh,30,25,874.4,2945.1,7.8,0.875
Jute,2001,Kharif     ,Bihar,142635,953203,1247,14567312.55,37085.1,6.347777778
Jute,2001,Kharif     ,Nagaland,300,300,1532,30639,78,0.986666667
Jute,2001,Kharif     ,Odisha,4612,37776,1672.5,471023.56,1199.12,8.092222222
Jute,2002,Kharif     ,Bihar,147796,973546,1105.8,13991847.32,36949,6.593076923
Jute,2002,Kharif     ,Meghalaya,4074,35826,4355.3,385685.58,1018.5,7.073333333
Jute,2002,Kharif     ,Nagaland,1500,5500,1536.6,142005,375,3.8625
Jute,2002,Kharif     ,Odisha,5610,51209,1102.8,531098.7,1402.5,8.91875
Jute,2003,Kharif     ,Bihar,154588,1147358,1353.9,15301120.24,37101.12,8.015333333
Jute,2003,Kharif     ,Nagaland,2000,11000,1709.8,197960,480,6.7575
Jute,2003,Kharif     ,Odisha,2590,18148,1648.2,256358.2,621.6,7.076666667
Jute,2004,Kharif     ,Assam,57981,410409,2536.9,6281661.54,12176.01,7.193043478
Jute,2004,Kharif     ,Bihar,134450,1056205,1147.8,14566313,28234.5,7.890714286
Jute,2004,Kharif     ,Nagaland,2000,12100,1711.5,216680,420,8.34
Jute,2004,Kharif     ,Tripura,978,7748,2706.3,105956.52,205.38,7.88
Jute,2004,Kharif     ,West Bengal,569157,7853203,1612.9,61662469.38,119522.97,14.43941176
Jute,2005,Kharif     ,Bihar,131049,1329252,907.8,15715396.08,27520.29,11.93454545
Jute,2005,Kharif     ,Nagaland,2100,10500,1568.6,251832,441,6.96
Jute,2005,Kharif     ,Tripura,685,5410,1765.9,82145.2,143.85,7.8325
Jute,2006,Kharif     ,Bihar,132914,1356624,1052.8,16974446.94,29241.08,10.92642857
Jute,2006,Rabi       ,Chhattisgarh,344,0,1317.2,43932.24,75.68,0
Jute,2006,Kharif     ,Madhya Pradesh,4608,8650,1072.3,588487.68,1013.76,1.976904762
Jute,2006,Kharif     ,Nagaland,2500,10650,1362.5,319275,550,5.2075
Jute,2006,Kharif     ,Tripura,466,3966,1764.3,59512.86,102.52,8.475
Jute,2007,Kharif     ,Bihar,131627,1242849,1600.2,17559041.8,21060.32,9.998571429
Jute,2007,Kharif     ,Meghalaya,3982,34877,4702,531198.8,637.12,6.446666667
Jute,2007,Kharif     ,Nagaland,2450,2940,1769,326830,392,1.165
Jute,2007,Kharif     ,Tripura,458,3735,2831.8,61097.2,73.28,8.145
Jute,2008,Kharif     ,Bihar,131949,1054798,1197.7,18873984.96,11875.41,8.455
Jute,2008,Kharif     ,Nagaland,2500,4520,1540.9,357600,225,1.916
Jute,2008,Kharif     ,Tripura,450,3665,1827.8,64368,40.5,8.0625
Jute,2009,Kharif     ,Bihar,125111,1147280,889.3,19494796.02,21268.87,9.361428571
Jute,2009,Kharif     ,Chhattisgarh,228,0,956.9,35526.96,38.76,0
Jute,2009,Kharif     ,Nagaland,1250,1960,1225.9,194775,212.5,1.554
Jute,2009,Kharif     ,Tripura,468,3778,2004.2,72923.76,79.56,8.075
Jute,2009,Kharif     ,West Bengal,614365,9324967,1317.2,95730354.3,104442.05,14.996875
Jute,2010,Kharif     ,Bihar,127686,1164594,629.2,21209921.46,30644.64,9.54
Jute,2010,Kharif     ,Chhattisgarh,542,0,1283.1,90031.62,130.08,0
Jute,2010,Kharif     ,Nagaland,3000,5400,1771.8,498330,720,1.8
Jute,2010,Kharif     ,Tripura,498,4243,2348.3,82722.78,119.52,8.545
Jute,2010,Kharif     ,West Bengal,568463,8137465,1096,94427388.93,136431.12,15.62588235
Jute,2011,Kharif     ,Bihar,129070,1490696,1097.1,21621806.4,42593.1,12.275
Jute,2011,Kharif     ,Chhattisgarh,249,0,1302.7,41712.48,82.17,0
Jute,2011,Kharif     ,Haryana,652,0,471.5409091,109223.04,215.16,0
Jute,2011,Kharif     ,Nagaland,3040,5480,1544.354545,509260.8,1003.2,1.802
Jute,2011,Kharif     ,Tripura,639,5483,2295.609091,107045.28,210.87,8.57
Jute,2011,Kharif     ,West Bengal,599027,8558607,1686.5,100349003,197678.91,15.07470588
Jute,2012,Kharif     ,Bihar,123047,1490518,924.1,18555487.6,38144.57,13.43888889
Jute,2012,Kharif     ,Chhattisgarh,189,0,1366.8,28501.2,58.59,0
Jute,2012,Kharif     ,Nagaland,3010,5730,1296.6,453908,933.1,1.902
Jute,2012,Kharif     ,Tripura,640,5261,1882.2,96512,198.4,8.14625
Jute,2012,Kharif     ,West Bengal,576709,8228161,1566,86967717.2,178779.79,15.568125
Jute,2013,Kharif     ,Bihar,104883,1498039,1069.9,15154544.67,28318.41,14.13615385
Jute,2013,Kharif     ,Chhattisgarh,221,0,1418.3,31932.29,59.67,0
Jute,2013,Kharif     ,Madhya Pradesh,1054,0,1451.4,152292.46,284.58,0
Jute,2013,Kharif     ,Nagaland,3030,5770,1350.9,437804.7,818.1,1.902
Jute,2013,Kharif     ,Tripura,643,5370,2043.5,92907.07,173.61,8.3425
Jute,2013,Kharif     ,West Bengal,566404,8771764,1939.9,81839713.96,152929.08,16.96777778
Jute,2014,Kharif     ,Bihar,94801,1418710,1061,14311158.96,31284.33,14.64727273
Jute,2014,Kharif     ,Chhattisgarh,139,0,1274.7,20983.44,45.87,0
Jute,2014,Kharif     ,Nagaland,3040,5790,1333.3,458918.4,1003.2,1.902
Jute,2014,Kharif     ,Tripura,650,5564,2015.7,98124,214.5,8.45625
Jute,2014,Kharif     ,West Bengal,567215,8808271,1483.5,85626776.4,187180.95,16.97882353
Jute,2015,Kharif     ,Bihar,93909,1308635,874,14829170.19,30989.97,15.8025
Jute,2015,Kharif     ,Chhattisgarh,134,0,1136,21159.94,44.22,0
Jute,2015,Kharif     ,Madhya Pradesh,6000,6000,1000.7,947460,1980,1
Jute,2015,Kharif     ,Nagaland,2430,5830,1308.3,383721.3,801.9,6.1725
Jute,2015,Kharif     ,Tripura,650,5401,2334.4,102641.5,214.5,8.295
Jute,2015,Kharif     ,West Bengal,544701,7667066,1717,86013734.91,179751.33,15.37588235
Jute,2016,Kharif     ,Bihar,91380,1355875,1205.6,14003985,31983,16.25875
Jute,2016,Kharif     ,Chhattisgarh,241,0,1298.9,36933.25,84.35,0
Jute,2016,Kharif     ,Madhya Pradesh,6000,6000,1048.4,919500,2100,1
Jute,2016,Kharif     ,Nagaland,3070,5850,1959.8,470477.5,1074.5,1.905
Jute,2016,Kharif     ,Tripura,590,5369,2475.3,90417.5,206.5,9.11125
Jute,2016,Kharif     ,West Bengal,522470,8187658,1795.8,80068527.5,182864.5,16.75789474
Jute,2017,Kharif     ,Bihar,83472,1109702,1112,13141831.68,31719.36,17.72428571
Jute,2017,Kharif     ,Chhattisgarh,100,0,1124.5,15744,38,0
Jute,2017,Kharif     ,Madhya Pradesh,5970,8640,800,939916.8,2268.6,1.358
Jute,2017,Kharif     ,Nagaland,3080,5870,1722.1,484915.2,1170.4,1.9025
Jute,2017,Kharif     ,Tripura,551,4998,3326.8,86749.44,209.38,8.9675
Jute,2017,Kharif     ,West Bengal,515082,7511650,1830,81094510.08,195731.16,14.87722222
Jute,2018,Kharif     ,Bihar,70634,928636,1521.4,11456834.8,24721.9,12.475
Jute,2018,Kharif     ,Chhattisgarh,131,0,1515.5,21248.2,45.85,0
Jute,2018,Kharif     ,Madhya Pradesh,409,195,1102.2,66339.8,143.15,0.367575758
Jute,2018,Kharif     ,Nagaland,3080,5870,1372.7,499576,1078,1.9025
Jute,2018,Kharif     ,Tripura,656,5838,2169.1,106403.2,229.6,9.015
Jute,2018,Kharif     ,West Bengal,518259,6669698,2012.6,84061609.8,181390.65,25.43055556
Jute,2019,Kharif     ,Bihar,48390,509650,1194.7,8311466.4,17904.3,13.32
Jute,2019,Kharif     ,Chhattisgarh,35,0,1420.3,6011.6,12.95,0
Jute,2019,Kharif     ,Madhya Pradesh,5,20,1446.7,858.8,1.85,4.5
Jute,2019,Kharif     ,Nagaland,3080,5870,1593,529020.8,1139.6,1.9025
Jute,2019,Autumn     ,Odisha,147,319,1593.9,25248.72,54.39,1.94
Jute,2019,Kharif     ,Tripura,623,5731,2252.8,107006.48,230.51,9.0875
Jute,2019,Kharif     ,West Bengal,505226,7901396,1733.4,86777617.76,186933.62,17.48388889
Jute,2004,Autumn     ,Odisha,2520,24728,1290.4,273016.8,529.2,8.1725
Jute,1998,Autumn     ,Manipur,10,20,1855,988,2.9,2
Jute,1998,Summer     ,Manipur,10,20,1855,988,2.9,2
Jute,1999,Kharif     ,Manipur,20,40,2092.7,2122.6,5.4,2
Jute,1998,Autumn     ,Odisha,5313,41593,1357.1,524924.4,1540.77,6.449090909
Jute,2005,Autumn     ,Odisha,2724,24644,1503.4,326662.08,572.04,8.301428571
Jute,2006,Autumn     ,Odisha,4858,47835,1716.9,620415.18,1068.76,8.724285714
Jute,2007,Autumn     ,Odisha,5818,49836,1633.8,776121.2,930.88,8.147777778
Jute,2008,Autumn     ,Odisha,2429,19892,1539,347444.16,218.61,7.437142857
Jute,2009,Autumn     ,Odisha,2935,30368,1330.3,457331.7,498.95,8.92
Jute,2010,Autumn     ,Odisha,3181,36337,1291.9,528395.91,763.44,10.50428571
Jute,2011,Autumn     ,Odisha,3910,32084,1346.2,655003.2,1290.3,9.218571429
Jute,2012,Autumn     ,Odisha,1776,3112,1430.2,267820.8,550.56,1.694285714
Jute,2013,Autumn     ,Odisha,1971,3566,1632.4,284789.79,532.17,1.82
Jute,2014,Autumn     ,Odisha,1057,1718,1536.9,159564.72,348.81,1.55
Jute,2015,Autumn     ,Odisha,1204,2617,1210.1,190123.64,397.32,1.901666667
Jute,2016,Autumn     ,Odisha,753,1264,1460.5,115397.25,263.55,1.741666667
Jute,2017,Autumn     ,Odisha,947,2360,1344.4,149095.68,359.86,2.055
Jute,2018,Autumn     ,Odisha,200,313,1635.9,32440,70,1.54
Jute,1998,Kharif     ,Nagaland,35000,48000,1498,3458000,10150,1.37
Maize,1997,Kharif     ,Assam,19216,14721,2051.4,1828786.72,5956.96,0.615652174
Maize,1997,Kharif     ,Karnataka,502797,1391132,1266.7,47851190.49,155867.07,2.687777778
Maize,1997,Rabi       ,Karnataka,48844,98932,1266.7,4648483.48,15141.64,1.98
Maize,1997,Summer     ,Karnataka,9730,20893,1266.7,926004.1,3016.3,2.165714286
Maize,1997,Kharif     ,Meghalaya,17175,24878,3818.2,1634544.75,5324.25,1.444285714
Maize,1997,Whole Year ,West Bengal,35469,130390,1852.9,3375584.73,10995.39,2.658461538
Maize,1998,Kharif     ,Assam,19810,13965,2354.4,1957228,5744.9,0.608695652
Maize,1998,Kharif     ,Karnataka,450472,1542607,1260.8,44506633.6,130636.88,3.366
Maize,1998,Rabi       ,Karnataka,49922,101605,1260.8,4932293.6,14477.38,1.97952381
Maize,1998,Summer     ,Karnataka,11974,27080,1260.8,1183031.2,3472.46,2.241904762
Maize,1998,Kharif     ,Meghalaya,17219,25272,6552.7,1701237.2,4993.51,1.457142857
Maize,1998,Kharif     ,West Bengal,38519,121161,2152.5,3805677.2,11170.51,2.634
Maize,1999,Kharif     ,Assam,19708,14056,2201.8,2091610.04,5321.16,0.613913043
Maize,1999,Kharif     ,Meghalaya,16637,24051,6200.3,1765684.81,4491.99,1.448571429
Maize,1999,Kharif     ,West Bengal,35129,69682,2318.1,3728240.77,9484.83,1.941538462
Maize,2000,Kharif     ,Andhra Pradesh,430544,1107165,935.6,42266504.48,111941.44,2.564545455
Maize,2000,Rabi       ,Andhra Pradesh,97123,473602,935.6,9534564.91,25251.98,5.019545455
Maize,2000,Kharif     ,Assam,20241,14616,1965.5,1987058.97,5262.66,0.605652174
Maize,2000,Kharif     ,Karnataka,599893,1961879,1213.3,58891495.81,155972.18,3.1712
Maize,2000,Rabi       ,Karnataka,57797,142674,1213.3,5673931.49,15027.22,2.397368421
Maize,2000,Summer     ,Karnataka,11165,31091,1213.3,1096068.05,2902.9,2.774761905
Maize,2000,Kharif     ,Meghalaya,16906,24250,6258.8,1659662.02,4395.56,1.437142857
Maize,2000,Kharif     ,West Bengal,35267,88264,1907.7,3462161.39,9169.42,2.568571429
Maize,2001,Kharif     ,Andhra Pradesh,337533,986011,928.4,34472245.29,87758.58,2.801818182
Maize,2001,Rabi       ,Andhra Pradesh,90752,470744,928.4,9268501.76,23595.52,5.592857143
Maize,2001,Kharif     ,Assam,19600,13940,1824.7,2001748,5096,0.608695652
Maize,2001,Kharif     ,Karnataka,505574,1274858,1002.9,51634272.62,131449.24,2.663333333
Maize,2001,Rabi       ,Karnataka,65189,152769,1002.9,6657752.57,16949.14,2.279
Maize,2001,Summer     ,Karnataka,9272,23960,1002.9,946949.36,2410.72,2.6265
Maize,2001,Kharif     ,Meghalaya,16866,25247,4241,1722524.58,4385.16,1.471428571
Maize,2001,Kharif     ,West Bengal,33288,86409,1556.6,3399703.44,8654.88,2.314285714
Maize,2002,Kharif     ,Andhra Pradesh,413659,912047,648.1,39161097.53,103414.75,1.491363636
Maize,2002,Rabi       ,Andhra Pradesh,111990,573695,648.1,10602093.3,27997.5,5.602272727
Maize,2002,Kharif     ,Assam,19812,14194,1973.6,1875602.04,4953,0.606086957
Maize,2002,Kharif     ,Tamil Nadu,121057,191646,315.9,11460466.19,30264.25,1.806956522
Maize,2002,Kharif     ,West Bengal,27724,55300,1629.1,2624631.08,6931,1.895384615
Maize,2003,Kharif     ,Andhra Pradesh,557812,1671502,826,55212231.76,133874.88,2.420909091
Maize,2003,Rabi       ,Andhra Pradesh,162802,805284,826,16114141.96,39072.48,5.081818182
Maize,2003,Kharif     ,Assam,19569,14051,2213.7,1936939.62,4696.56,0.607391304
Maize,2003,Kharif     ,Karnataka,545546,1066107,867.6,53998143.08,130931.04,2.3356
Maize,2003,Rabi       ,Karnataka,64199,123529,867.6,6354417.02,15407.76,1.943478261
Maize,2003,Summer     ,Karnataka,8428,20264,867.6,834203.44,2022.72,2.470909091
Maize,2003,Kharif     ,Meghalaya,16900,25929,3321.3,1672762,4056,1.528571429
Maize,2003,Kharif     ,Tamil Nadu,160159,250992,345.6,15852537.82,38438.16,1.7856
Maize,2003,Kharif     ,West Bengal,55530,126059,1526.7,5496359.4,13327.2,2.133333333
Maize,2004,Kharif     ,Karnataka,783835,2310082,1117.7,84920683.9,164605.35,3.0068
Maize,2004,Rabi       ,Karnataka,57478,171589,1117.7,6227166.52,12070.38,2.84826087
Maize,2004,Summer     ,Karnataka,9056,27678,1117.7,981127.04,1901.76,3.007826087
Maize,2004,Kharif     ,Meghalaya,16875,24000,4767.9,1828237.5,3543.75,1.465714286
Maize,2004,Kharif     ,Tamil Nadu,189893,294717,1034,20573007.62,39877.53,1.758846154
Maize,2005,Kharif     ,Andhra Pradesh,593135,2098190,1075.5,71128749.2,124558.35,3.803636364
Maize,2005,Rabi       ,Andhra Pradesh,164827,988711,1075.5,19766053.84,34613.67,6.032272727
Maize,2005,Kharif     ,Assam,18969,13745,2184.6,2274762.48,3983.49,0.635925926
Maize,2005,Kharif     ,Karnataka,842243,2486900,1316.2,101001780.6,176871.03,3.1212
Maize,2005,Rabi       ,Karnataka,81621,282618,1316.2,9787990.32,17140.41,3.341304348
Maize,2005,Summer     ,Karnataka,11990,37005,1316.2,1437840.8,2517.9,3.096666667
Maize,2005,Kharif     ,Meghalaya,16898,24424,3374.4,2026408.16,3548.58,1.481428571
Maize,2005,Kharif     ,Tamil Nadu,202830,0,1364.1,24323373.6,42594.3,0
Maize,2005,Kharif     ,West Bengal,71753,207252,1650.1,8604619.76,15068.13,2.601764706
Maize,2006,Kharif     ,Meghalaya,17039,25334,2454.7,2176050.69,3748.58,1.541428571
Maize,2006,Kharif     ,Andhra Pradesh,535709,1284991,845.2,68415396.39,117855.98,2.942727273
Maize,2006,Rabi       ,Andhra Pradesh,190172,1177003,845.2,24286866.12,41837.84,6.363181818
Maize,2006,Kharif     ,Assam,18657,13557,1774.9,2382685.47,4104.54,0.6252
Maize,2006,Kharif     ,Karnataka,865850,2354023,1146.3,110577703.5,190487,2.7448
Maize,2006,Rabi       ,Karnataka,78902,237039,1146.3,10076574.42,17358.44,2.7208
Maize,2006,Summer     ,Karnataka,15780,50467,1146.3,2015263.8,3471.6,3.203333333
Maize,2006,Whole Year ,Tamil Nadu,197782,759112,927.9,25258739.22,43512.04,4.483076923
Maize,2006,Kharif     ,West Bengal,85446,253505,1631.4,10912308.66,18798.12,2.723125
Maize,2007,Kharif     ,Assam,18362,13317,2154.1,2449490.8,2937.92,0.60962963
Maize,2007,Kharif     ,Karnataka,1015117,2950506,1323.3,135416607.8,162418.72,3.112962963
Maize,2007,Rabi       ,Karnataka,77654,260972,1323.3,10359043.6,12424.64,3.109230769
Maize,2007,Summer     ,Karnataka,20026,64553,1323.3,2671468.4,3204.16,3.179259259
Maize,2007,Whole Year ,Tamil Nadu,223428,810057,1067.2,29805295.2,35748.48,4.077307692
Maize,2007,Kharif     ,West Bengal,34570,72463,2007.5,4611638,5531.2,1.775454545
Maize,2007,Rabi       ,West Bengal,17363,81620,2007.5,2316224.2,2778.08,3.295
Maize,2007,Summer     ,West Bengal,25240,90290,2007.5,3367016,4038.4,2.845294118
Maize,2008,Kharif     ,Andhra Pradesh,497803,1566921,944.6,71205741.12,44802.27,3.601818182
Maize,2008,Rabi       ,Andhra Pradesh,354157,2584881,944.6,50658617.28,31874.13,6.952727273
Maize,2008,Kharif     ,Assam,17382,12619,2109.9,2486321.28,1564.38,0.595555556
Maize,2008,Kharif     ,Karnataka,932901,2549564,1164.1,133442159,83961.09,2.895555556
Maize,2008,Rabi       ,Karnataka,107533,319095,1164.1,15381520.32,9677.97,2.845
Maize,2008,Summer     ,Karnataka,27868,87643,1164.1,3986238.72,2508.12,3.073928571
Maize,2008,Kharif     ,Meghalaya,17117,25716,3114.3,2448415.68,1540.53,1.545714286
Maize,2008,Whole Year ,Tamil Nadu,286639,1257882,1201.9,41000842.56,25797.51,5.226296296
Maize,2008,Autumn     ,West Bengal,36843,97825,1560.1,5270022.72,3315.87,2.369090909
Maize,2008,Rabi       ,West Bengal,17955,91856,1560.1,2568283.2,1615.95,3.217272727
Maize,2008,Summer     ,West Bengal,35976,153753,1560.1,5146007.04,3237.84,2.743529412
Maize,2009,Kharif     ,Andhra Pradesh,501624,996315,711,78163051.68,85276.08,3.095
Maize,2009,Rabi       ,Andhra Pradesh,281008,1764883,711,43786666.56,47771.36,6.097272727
Maize,2009,Kharif     ,Assam,19481,13981,1727.1,3035529.42,3311.77,0.617407407
Maize,2009,Kharif     ,Karnataka,1108434,2585194,1321,172716185.9,188433.78,2.418148148
Maize,2009,Rabi       ,Karnataka,103702,262272,1321,16158845.64,17629.34,2.43962963
Maize,2009,Summer     ,Karnataka,28341,77530,1321,4416094.62,4817.97,2.839642857
Maize,2009,Kharif     ,Meghalaya,17209,26167,2995.9,2681506.38,2925.53,1.574285714
Maize,2009,Whole Year ,Tamil Nadu,244159,1138126,928.5,38044855.38,41507.03,4.798888889
Maize,2010,Kharif     ,Assam,19772,14110,2578.5,3284326.92,4745.28,0.61
Maize,2010,Kharif     ,Andhra Pradesh,439530,1639069,1297,73010328.3,105487.2,3.821818182
Maize,2010,Rabi       ,Andhra Pradesh,303916,2313946,1297,50483486.76,72939.84,7.073636364
Maize,2010,Kharif     ,Karnataka,1139899,3908386,1317.7,189348622.9,273575.76,3.354285714
Maize,2010,Rabi       ,Karnataka,115803,321962,1317.7,19236036.33,27792.72,2.8475
Maize,2010,Summer     ,Karnataka,30734,104275,1317.7,5105224.74,7376.16,3.294137931
Maize,2010,Kharif     ,Meghalaya,17276,26500,3119.7,2869716.36,4146.24,1.561428571
Maize,2011,Kharif     ,Assam,21297,17075,1743.4,3567673.44,7028.01,0.693333333
Maize,2011,Kharif     ,Andhra Pradesh,530919,1492303,861.9,88939550.88,175203.27,3.427727273
Maize,2011,Rabi       ,Andhra Pradesh,332805,2163376,861.9,55751493.6,109825.65,6.432272727
Maize,2011,Kharif     ,Karnataka,1206528,3433881,1178.986364,202117570.6,398154.24,2.855357143
Maize,2011,Rabi       ,Karnataka,111362,347253,1178.986364,18655362.24,36749.46,3.0375
Maize,2011,Summer     ,Karnataka,31494,106783,1178.986364,5275874.88,10393.02,3.159655172
Maize,2011,Kharif     ,Meghalaya,17303,26939,4083.104545,2898598.56,5709.99,1.58
Maize,2011,Kharif     ,Tamil Nadu,176287,1001667,926.5,29531598.24,58174.71,5.832307692
Maize,2011,Rabi       ,Tamil Nadu,104342,693800,926.5,17479371.84,34432.86,6.611481481
Maize,2012,Kharif     ,Andhra Pradesh,565000,2341000,968.7,85202000,175150,4.040952381
Maize,2012,Rabi       ,Andhra Pradesh,407000,2513000,968.7,61375600,126170,6.119545455
Maize,2012,Kharif     ,Assam,23695,21258,2167.5,3573206,7345.45,0.771481481
Maize,2012,Kharif     ,Karnataka,1161644,2978477,956.2,175175915.2,360109.64,2.741071429
Maize,2012,Rabi       ,Karnataka,127577,386114,956.2,19238611.6,39548.87,3.155185185
Maize,2012,Summer     ,Karnataka,32413,111382,956.2,4887880.4,10048.03,3.439666667
Maize,2012,Whole Year ,Kerala,180,15,2187.6,27144,55.8,0.535
Maize,2012,Whole Year ,Meghalaya,18015,38732,2945.3,2716662,5584.65,2.2
Maize,2013,Kharif     ,Andhra Pradesh,109846,407657,1062.3,15871648.54,29658.42,3.460769231
Maize,2013,Rabi       ,Andhra Pradesh,242269,1805828,1062.3,35005447.81,65412.63,7.458461538
Maize,2013,Kharif     ,Assam,24068,76998,1797.7,3477585.32,6498.36,3.53037037
Maize,2013,Kharif     ,Karnataka,1246109,3950152,1235.6,180050289.4,336449.43,3.165
Maize,2013,Rabi       ,Karnataka,103879,318029,1235.6,15009476.71,28047.33,2.988888889
Maize,2013,Summer     ,Karnataka,27180,88183,1235.6,3927238.2,7338.6,3.111724138
Maize,2013,Whole Year ,Kerala,51,71,3255.4,7368.99,13.77,1.445
Maize,2013,Whole Year ,Meghalaya,18025,39655,2448.4,2604432.25,4866.75,2.16
Maize,2013,Kharif     ,Tamil Nadu,223113,1458297,740.9,32237597.37,60240.51,6.161111111
Maize,2013,Rabi       ,Tamil Nadu,157316,786919,740.9,22730588.84,42475.32,5.431724138
Maize,2014,Kharif     ,Andhra Pradesh,99863,328758,687.6,15075318.48,32954.79,3.446923077
Maize,2014,Rabi       ,Andhra Pradesh,203463,1609315,687.6,30714774.48,67142.79,7.481538462
Maize,2014,Kharif     ,Assam,27953,93179,1899,4219784.88,9224.49,2.96962963
Maize,2014,Kharif     ,Karnataka,1210336,3788289,1238.5,182712322.6,399410.88,3.134642857
Maize,2014,Rabi       ,Karnataka,102820,347250,1238.5,15521707.2,33930.6,3.191785714
Maize,2014,Summer     ,Karnataka,23928,78040,1238.5,3612170.88,7896.24,3.19
Maize,2014,Whole Year ,Kerala,67,69,3046.4,10114.32,22.11,1.166666667
Maize,2014,Whole Year ,Meghalaya,18037,40764,3484.4,2722865.52,5952.21,2.214545455
Maize,2014,Kharif     ,Tamil Nadu,191481,1663616,911.3,28905971.76,63188.73,8.406538462
Maize,2014,Rabi       ,Tamil Nadu,130471,984135,911.3,19695902.16,43055.43,7.637586207
Maize,2015,Kharif     ,Andhra Pradesh,75017,276205,940.7,11845934.47,24755.61,3.876923077
Maize,2015,Rabi       ,Andhra Pradesh,157628,1135482,940.7,24891037.48,52017.24,5.915384615
Maize,2015,Kharif     ,Assam,28420,87175,2155.3,4487802.2,9378.6,2.514074074
Maize,2015,Kharif     ,Meghalaya,18056,41242,3870.8,2851222.96,5958.48,2.24
Maize,2015,Kharif     ,Karnataka,1091587,2982667,1024.9,172372503.2,360223.71,2.7225
Maize,2015,Rabi       ,Karnataka,103950,258320,1024.9,16414744.5,34303.5,2.544285714
Maize,2015,Summer     ,Karnataka,24754,69486,1024.9,3908904.14,8168.82,2.877407407
Maize,2015,Whole Year ,Kerala,59,74,2602.9,9316.69,19.47,1.73
Maize,2015,Kharif     ,Tamil Nadu,201750,1483163,1201.9,31858342.5,66577.5,7.782
Maize,2015,Rabi       ,Tamil Nadu,153314,1049167,1201.9,24209813.74,50593.62,6.849655172
Maize,2016,Kharif     ,Andhra Pradesh,85501,354764,890,13103028.25,29925.35,3.907692308
Maize,2016,Rabi       ,Andhra Pradesh,164778,1298137,890,25252228.5,57672.3,6.493846154
Maize,2016,Kharif     ,Assam,31333,91219,2296.8,4801782.25,10966.55,2.545925926
Maize,2016,Kharif     ,Meghalaya,18128,41543,3837.1,2778116,6344.8,2.245454545
Maize,2016,Kharif     ,Karnataka,1262641,2988982,1147.2,193499733.3,441924.35,2.6025
Maize,2016,Rabi       ,Karnataka,87280,262415,1147.2,13375660,30548,2.6956
Maize,2016,Summer     ,Karnataka,20282,62889,1147.2,3108216.5,7098.7,3.482222222
Maize,2016,Whole Year ,Kerala,65,68,2924.3,9961.25,22.75,1.775
Maize,2016,Kharif     ,Tamil Nadu,169144,770221,912.4,25921318,59200.4,4.682222222
Maize,2016,Rabi       ,Tamil Nadu,145886,183156,912.4,22357029.5,51060.1,1.654827586
Maize,2017,Kharif     ,Andhra Pradesh,107276,501801,868.2,16889533.44,40764.88,4.422307692
Maize,2017,Rabi       ,Andhra Pradesh,229264,1824103,868.2,36095324.16,87120.32,7.576153846
Maize,2017,Kharif     ,Assam,31537,98783,2098.563636,4965185.28,11984.06,2.989259259
Maize,2017,Kharif     ,Meghalaya,18152,41624,4472.3,2857850.88,6897.76,2.246363636
Maize,2017,Kharif     ,Karnataka,1183334,5150460,1111.7,186304105,449666.92,4.282857143
Maize,2017,Rabi       ,Karnataka,100156,371937,1111.7,15768560.64,38059.28,3.7392
Maize,2017,Summer     ,Karnataka,23518,88268,1111.7,3702673.92,8936.84,3.739230769
Maize,2017,Whole Year ,Kerala,70.66,160,2664.8,11124.7104,26.8508,1.1775
Maize,2017,Kharif     ,Tamil Nadu,166195,1532106,970.9,26165740.8,63154.1,8.962
Maize,2017,Rabi       ,Tamil Nadu,158323,1059526,970.9,24926373.12,60162.74,6.956785714
Maize,2018,Kharif     ,Andhra Pradesh,104370,431440,1220.5,16928814,36529.5,3.716923077
Maize,2018,Rabi       ,Andhra Pradesh,161853,1131719,1220.5,26252556.6,56648.55,5.788461538
Maize,2018,Kharif     ,Assam,32264,105003,2372.9,5233220.8,11292.4,2.868518519
Maize,2018,Kharif     ,Meghalaya,18163,41667,5649.1,2946038.6,6357.05,2.246363636
Maize,2018,Kharif     ,Karnataka,1296051,3407725,1419.1,210219472.2,453617.85,2.882413793
Maize,2018,Rabi       ,Karnataka,93618,317479,1419.1,15184839.6,32766.3,3.1972
Maize,2018,Summer     ,Karnataka,19621,67607,1419.1,3182526.2,6867.35,3.2775
Maize,2018,Whole Year ,Kerala,104.326,145,2989.7,16921.6772,36.5141,4.508
Maize,2018,Kharif     ,Tamil Nadu,168944,1283603,986.2,27402716.8,59130.4,7.625384615
Maize,2018,Rabi       ,Tamil Nadu,221658,1550834,986.2,35952927.6,77580.3,6.984
Maize,2019,Kharif     ,Andhra Pradesh,95591,450932,899.2,16418710.16,35368.67,4.653076923
Maize,2019,Rabi       ,Andhra Pradesh,205100,1670288,899.2,35227976,75887,6.698461538
Maize,2019,Kharif     ,Assam,36636,128036,2084.7,6292599.36,13555.32,3.155555556
Maize,2019,Kharif     ,Meghalaya,18174,41760,3844.4,3121566.24,6724.38,2.254545455
Maize,2019,Kharif     ,Karnataka,1355321,4228095,1422.3,232789935,501468.77,3.572068966
Maize,2019,Rabi       ,Karnataka,114070,394898,1422.3,19592663.2,42205.9,3.466785714
Maize,2019,Summer     ,Karnataka,31000,122718,1422.3,5324560,11470,3.905357143
Maize,2019,Whole Year ,Kerala,113,140,3119.2,19408.88,41.81,1.82
Maize,2019,Kharif     ,Tamil Nadu,168587,1506526,910.1,28956503.12,62377.19,8.614827586
Maize,2019,Rabi       ,Tamil Nadu,164978,1108221,910.1,28336621.28,61041.86,6.841666667
Maize,1997,Autumn     ,Odisha,51349,63331,1496.6,4886884.33,15918.19,0.812
Maize,1997,Summer     ,Odisha,1164,978,1496.6,110777.88,360.84,0.945714286
Maize,1997,Winter     ,Odisha,144,136,1496.6,13704.48,44.64,0.9925
Maize,1997,Kharif     ,Andhra Pradesh,305100,791500,927.5,29036367,94581,2.201818182
Maize,1997,Rabi       ,Andhra Pradesh,90800,291800,927.5,8641436,28148,3.21
Maize,1997,Kharif     ,Bihar,375000,456375,1303.7,35688750,116250,1.260185185
Maize,1997,Rabi       ,Bihar,181914,546011,1303.7,17312755.38,56393.34,2.803555556
Maize,1997,Summer     ,Bihar,143522,307134,1303.7,13658988.74,44491.82,2.025192308
Maize,1997,Whole Year ,Gujarat,399800,659000,798.9,38048966,123938,1.690666667
Maize,1997,Kharif     ,Madhya Pradesh,808300,1085400,1189.1,76925911,250573,1.143023256
Maize,1997,Autumn     ,Maharashtra,21,19695,1156.1,1998.57,6.51,989.87
Maize,1997,Kharif     ,Maharashtra,187600,219700,1156.1,17853892,58156,1.082083333
Maize,1997,Rabi       ,Maharashtra,45800,65400,1156.1,4358786,14198,1.476875
Maize,1997,Summer     ,Maharashtra,7500,12500,1156.1,713775,2325,1.407777778
Maize,1997,Kharif     ,Mizoram,8140,16256,2644.2,774683.8,2523.4,2.0875
Maize,1997,Rabi       ,Mizoram,120,243,2644.2,11420.4,37.2,2.15
Maize,1997,Kharif     ,Punjab,165000,345000,690.1,15703050,51150,2.102727273
Maize,1997,Kharif     ,Uttar Pradesh,1017592,1598438,473.9,96844230.64,315453.52,1.498125
Maize,1997,Summer     ,Uttar Pradesh,10385,16398,473.9,988340.45,3219.35,1.577936508
Maize,1998,Kharif     ,Andhra Pradesh,314900,1019800,1048.3,31112120,91321,2.479545455
Maize,1998,Rabi       ,Andhra Pradesh,83700,363700,1048.3,8269560,24273,4.245
Maize,1998,Kharif     ,Bihar,369521,395957,1332.5,36508674.8,107161.09,1.276363636
Maize,1998,Rabi       ,Bihar,190119,541979,1332.5,18783757.2,55134.51,2.834545455
Maize,1998,Summer     ,Bihar,151459,364449,1332.5,14964149.2,43923.11,2.175306122
Maize,1998,Kharif     ,Gujarat,408300,696000,775.6,40340040,118407,1.649411765
Maize,1998,Kharif     ,Haryana,20117,39000,687.6,1987559.6,5833.93,0.938235294
Maize,1998,Kharif     ,Himachal Pradesh,300976,662272,1381.6,29736428.8,87283.04,2.23
Maize,1998,Kharif     ,Madhya Pradesh,797600,1171600,962.7,78802880,231304,1.294035088
Maize,1998,Kharif     ,Maharashtra,200400,400400,1314.8,19799520,58116,1.952608696
Maize,1998,Rabi       ,Maharashtra,58800,87600,1314.8,5809440,17052,1.399444444
Maize,1998,Summer     ,Maharashtra,10900,17500,1314.8,1076920,3161,1.426666667
Maize,1998,Kharif     ,Punjab,154000,352000,588.6,15215200,44660,2.42
Maize,1998,Kharif     ,Tamil Nadu,70179,111983,1077.1,6933685.2,20351.91,1.606666667
Maize,1998,Kharif     ,Tripura,2320,1730,2472.9,229216,672.8,0.7475
Maize,1998,Kharif     ,Uttar Pradesh,995794,1012898,743.4,98384447.2,288780.26,0.933780488
Maize,1998,Summer     ,Uttar Pradesh,10551,10699,743.4,1042438.8,3059.79,1.01047619
Maize,1999,Kharif     ,Bihar,385865,595085,1402.7,40951852.45,104183.55,1.615272727
Maize,1999,Rabi       ,Bihar,199600,600608,1402.7,21183548,53892,2.928333333
Maize,1999,Summer     ,Bihar,152658,365675,1402.7,16201593.54,41217.66,2.511666667
Maize,1999,Kharif     ,Gujarat,391000,504000,458.9,41496830,105570,1.324117647
Maize,1999,Kharif     ,Haryana,20078,48000,344,2130878.14,5421.06,0.812631579
Maize,1999,Kharif     ,Himachal Pradesh,299906,681424,1144.9,31829023.78,80974.62,2.324166667
Maize,1999,Kharif     ,Karnataka,525383,1417739,1203.8,55758897.79,141853.41,2.7368
Maize,1999,Rabi       ,Karnataka,67807,161775,1203.8,7196356.91,18307.89,2.327619048
Maize,1999,Summer     ,Karnataka,13197,23878,1203.8,1400597.61,3563.19,1.786666667
Maize,1999,Kharif     ,Madhya Pradesh,846456,1360669,1222.9,89834375.28,228543.12,1.543220339
Maize,1999,Kharif     ,Maharashtra,193869,305573,1166.5,20575316.97,52344.63,1.3428
Maize,1999,Rabi       ,Maharashtra,58800,90700,1166.5,6240444,15876,1.491111111
Maize,1999,Summer     ,Maharashtra,11200,18200,1166.5,1188656,3024,1.428888889
Maize,1999,Kharif     ,Nagaland,32050,42350,1782.2,3401466.5,8653.5,1.312857143
Maize,1999,Kharif     ,Odisha,165330,206370,1484.3,17546472.9,44639.1,1.160333333
Maize,1999,Rabi       ,Odisha,8270,10280,1484.3,877695.1,2232.9,1.395357143
Maize,1999,Kharif     ,Punjab,162000,417000,364.4,17193060,43740,2.711666667
Maize,1999,Kharif     ,Tamil Nadu,115803,183765,922.8,12290172.39,31266.81,1.688
Maize,1999,Kharif     ,Uttar Pradesh,955522,1380635,883.4,101409549.9,257990.94,1.303170732
Maize,1999,Rabi       ,Uttar Pradesh,11659,16894,883.4,1237369.67,3147.93,1.455079365
Maize,2000,Kharif     ,Bihar,272957,477141,1207,26796188.69,70968.82,1.728918919
Maize,2000,Rabi       ,Bihar,191502,549109,1207,18799751.34,49790.52,2.568571429
Maize,2000,Summer     ,Bihar,156046,461059,1207,15319035.82,40571.96,2.77
Maize,2000,Kharif     ,Chhattisgarh,93364,125668,896.4,9165543.88,24274.64,1.168125
Maize,2000,Kharif     ,Gujarat,382900,288500,379.7,37589293,99554,0.8175
Maize,2000,Kharif     ,Haryana,15429,34000,383.7,1514664.93,4011.54,0.740555556
Maize,2000,Kharif     ,Himachal Pradesh,298052,683642,1068.4,29259764.84,77493.52,2.3325
Maize,2000,Kharif     ,Madhya Pradesh,829299,1209947,723.3,81412282.83,215617.74,1.558636364
Maize,2000,Kharif     ,Maharashtra,258500,216000,1057.8,25376945,67210,0.856538462
Maize,2000,Rabi       ,Maharashtra,70200,87600,1057.8,6891534,18252,1.161666667
Maize,2000,Kharif     ,Mizoram,6410,16112,2834.3,629269.7,1666.6,2.1825
Maize,2000,Rabi       ,Mizoram,233,324,2834.3,22873.61,60.58,1.516666667
Maize,2000,Kharif     ,Nagaland,35000,52500,1631.8,3435950,9100,1.5125
Maize,2000,Kharif     ,Odisha,54371,68866,1066,5337601.07,14136.46,0.8808
Maize,2000,Kharif     ,Punjab,165000,461000,405.3,16198050,42900,2.904615385
Maize,2000,Kharif     ,Tamil Nadu,119802,193854,971.1,11760962.34,31148.52,1.629090909
Maize,2000,Kharif     ,Uttar Pradesh,907927,1473111,874.4,89131193.59,236061.02,1.534782609
Maize,2000,Rabi       ,Uttar Pradesh,12914,20943,874.4,1267767.38,3357.64,1.606610169
Maize,2000,Kharif     ,Uttarakhand,33467,48302,1413.4,3285455.39,8701.42,1.337692308
Maize,2000,Rabi       ,Uttarakhand,63,99,1413.4,6184.71,16.38,1.535
Maize,2001,Autumn     ,Bihar,244793,396864,1247,25000709.09,63646.18,1.768108108
Maize,2001,Rabi       ,Bihar,187399,622294,1247,19139059.87,48723.74,2.911818182
Maize,2001,Summer     ,Bihar,149864,388209,1247,15305610.32,38964.64,2.469189189
Maize,2001,Kharif     ,Chhattisgarh,93820,69708,1550,9581836.6,24393.2,0.75375
Maize,2001,Kharif     ,Gujarat,443500,884600,666.5,45294655,115310,2.108666667
Maize,2001,Kharif     ,Haryana,17944,47000,483.8,1832620.72,4665.44,1.051764706
Maize,2001,Kharif     ,Himachal Pradesh,301282,668228,918.1,30769930.66,78333.32,2.463333333
Maize,2001,Kharif     ,Madhya Pradesh,843065,1672641,955,86102228.45,219196.9,1.943555556
Maize,2001,Kharif     ,Maharashtra,254500,459110,1035.8,25992085,66170,1.910769231
Maize,2001,Rabi       ,Maharashtra,63100,116100,1035.8,6444403,16406,1.887142857
Maize,2001,Summer     ,Maharashtra,8500,11700,1035.8,868105,2210,1.293529412
Maize,2001,Kharif     ,Mizoram,5493,13758,2406.4,561000.09,1428.18,2.076666667
Maize,2001,Rabi       ,Mizoram,1884,2887,2406.4,192412.92,489.84,1.6025
Maize,2001,Kharif     ,Nagaland,45000,90000,1532,4595850,11700,2.025
Maize,2001,Kharif     ,Odisha,51428,46658,1672.5,5252341.64,13371.28,0.714615385
Maize,2001,Kharif     ,Punjab,165000,449000,479.3,16851450,42900,2.7625
Maize,2001,Kharif     ,Uttar Pradesh,913718,1488204,849.9,93318019.34,237566.68,1.500869565
Maize,2001,Rabi       ,Uttar Pradesh,17419,28376,849.9,1779002.47,4528.94,1.63516129
Maize,2001,Kharif     ,Uttarakhand,32938,40682,1541.3,3363957.94,8563.88,1.185384615
Maize,2001,Rabi       ,Uttarakhand,125,183,1541.3,12766.25,32.5,1.1
Maize,2002,Autumn     ,Bihar,255035,428182,1105.8,24144163.45,63758.75,1.757567568
Maize,2002,Rabi       ,Bihar,187707,520263,1105.8,17770221.69,46926.75,2.553513514
Maize,2002,Summer     ,Bihar,160863,432637,1105.8,15228900.21,40215.75,2.609459459
Maize,2002,Kharif     ,Chhattisgarh,93955,122611,1001.4,8894719.85,23488.75,1.279375
Maize,2002,Kharif     ,Gujarat,464500,792600,458.4,43974215,116125,1.671875
Maize,2002,Kharif     ,Haryana,15886,29000,353.9,1503927.62,3971.5,0.478333333
Maize,2002,Kharif     ,Himachal Pradesh,299801,483333,890.8,28382160.67,74950.25,1.6075
Maize,2002,Kharif     ,Karnataka,578711,1165155,860.8,54786570.37,144677.75,2.174
Maize,2002,Rabi       ,Karnataka,59503,149203,860.8,5633149.01,14875.75,2.483181818
Maize,2002,Summer     ,Karnataka,11330,28584,860.8,1072611.1,2832.5,2.472173913
Maize,2002,Kharif     ,Madhya Pradesh,848970,1486546,800.8,80371989.9,212242.5,1.662
Maize,2002,Kharif     ,Maharashtra,301200,629700,967.4,28514604,75300,1.725185185
Maize,2002,Rabi       ,Maharashtra,61700,100100,967.4,5841139,15425,1.382727273
Maize,2002,Summer     ,Maharashtra,8300,13500,967.4,785761,2075,1.386315789
Maize,2002,Kharif     ,Meghalaya,16922,25879,4355.3,1602005.74,4230.5,1.527142857
Maize,2002,Kharif     ,Mizoram,6889,13820,2627,652181.63,1722.25,1.89
Maize,2002,Rabi       ,Mizoram,600,1059,2627,56802,150,1.695
Maize,2002,Kharif     ,Nagaland,40000,80000,1536.6,3786800,10000,2.02875
Maize,2002,Kharif     ,Odisha,43100,42400,1102.8,4080277,10775,0.9248
Maize,2002,Kharif     ,Punjab,152000,310000,301.8,14389840,38000,2.083333333
Maize,2002,Kharif     ,Uttarakhand,28506,32127,1610.3,2698663.02,7126.5,1.043076923
Maize,2002,Rabi       ,Uttarakhand,82,127,1610.3,7762.94,20.5,1.455
Maize,2002,Autumn     ,Jharkhand,62780.33,74310,1041.2,5943413.841,15695.0825,1.203571429
Maize,2003,Kharif     ,Bihar,259030,438013,1353.9,25638789.4,62167.2,1.68
Maize,2003,Rabi       ,Bihar,196338,594736,1353.9,19433535.24,47121.12,2.925945946
Maize,2003,Summer     ,Bihar,161062,440821,1353.9,15941916.76,38654.88,2.775
Maize,2003,Kharif     ,Chhattisgarh,98575,135048,1643.7,9756953.5,23658,1.20625
Maize,2003,Kharif     ,Delhi,93,184,962.3,9205.14,22.32,1.98
Maize,2003,Kharif     ,Gujarat,484400,831900,902.5,47945912,116256,1.825
Maize,2003,Kharif     ,Haryana,16570,41000,592.3,1640098.6,3976.8,0.960588235
Maize,2003,Autumn     ,Jharkhand,89591.91,136371,1258.3,8867807.252,21502.0584,1.39
Maize,2003,Kharif     ,Madhya Pradesh,898618,1858342,1163,88945209.64,215668.32,1.916041667
Maize,2003,Kharif     ,Maharashtra,311800,671000,1037.4,30861964,74832,1.724444444
Maize,2003,Rabi       ,Maharashtra,57900,81100,1037.4,5730942,13896,1.689130435
Maize,2003,Kharif     ,Manipur,2340,7530,687.7,231613.2,561.6,2.76
Maize,2003,Kharif     ,Mizoram,9765,19005,2499.5,966539.7,2343.6,1.981666667
Maize,2003,Rabi       ,Mizoram,716,1277,2499.5,70869.68,171.84,1.802
Maize,2003,Kharif     ,Nagaland,45000,78000,1709.8,4454100,10800,1.69125
Maize,2003,Rabi       ,Nagaland,140,260,1709.8,13857.2,33.6,1.71
Maize,2003,Kharif     ,Odisha,55549,78744,1648.2,5498240.02,13331.76,0.887307692
Maize,2003,Rabi       ,Odisha,13760,18180,1648.2,1361964.8,3302.4,1.32
Maize,2003,Kharif     ,Punjab,154000,459000,451.7,15242920,36960,3.086923077
Maize,2003,Kharif     ,Uttar Pradesh,817385,1117621,1075.6,80904767.3,196172.4,1.296
Maize,2003,Rabi       ,Uttar Pradesh,4172,5704,1075.6,412944.56,1001.28,1.348888889
Maize,2003,Summer     ,Uttar Pradesh,20641,28216,1075.6,2043046.18,4953.84,1.362166667
Maize,2003,Kharif     ,Uttarakhand,31209,47446,1734.3,3089066.82,7490.16,1.456153846
Maize,2003,Summer     ,Uttarakhand,137,224,1734.3,13560.26,32.88,1.623333333
Maize,2004,Kharif     ,Andhra Pradesh,505358,1238622,781.8,54750485.72,106125.18,2.819545455
Maize,2004,Rabi       ,Andhra Pradesh,151474,824920,781.8,16410693.16,31809.54,5.235714286
Maize,2004,Kharif     ,Bihar,270973,443819,1147.8,29357214.82,56904.33,1.597837838
Maize,2004,Rabi       ,Bihar,192685,596181,1147.8,20875492.9,40463.85,3.198
Maize,2004,Summer     ,Bihar,153596,489273,1147.8,16640590.64,32255.16,2.952368421
Maize,2004,Kharif     ,Chhattisgarh,97851,139927,1122.8,10601177.34,20548.71,1.343125
Maize,2004,Kharif     ,Delhi,82,125,651.9,8883.88,17.22,1.52
Maize,2004,Kharif     ,Gujarat,459500,412500,719.8,49782230,96495,1.0375
Maize,2004,Kharif     ,Haryana,15768,39000,484.6,1708305.12,3311.28,0.746875
Maize,2004,Kharif     ,Madhya Pradesh,873546,1222964,895.7,94639973.64,183444.66,1.34125
Maize,2004,Kharif     ,Maharashtra,353200,606900,1052,38265688,74172,1.387777778
Maize,2004,Rabi       ,Maharashtra,65000,130500,1052,7042100,13650,1.723478261
Maize,2004,Summer     ,Maharashtra,13400,20400,1052,1451756,2814,1.462777778
Maize,2004,Kharif     ,Nagaland,45400,81700,1711.5,4918636,9534,1.80125
Maize,2004,Rabi       ,Nagaland,1000,1800,1711.5,108340,210,1.905
Maize,2004,Kharif     ,Punjab,154000,422000,366.4,16684360,32340,2.883636364
Maize,2004,Kharif     ,Tripura,2790,2967,2706.3,302268.6,585.9,1.0525
Maize,2004,Kharif     ,Uttarakhand,29501,44967,1219.6,3196138.34,6195.21,1.438461538
Maize,2004,Summer     ,Uttarakhand,74,147,1219.6,8017.16,15.54,1.96
Maize,2004,Autumn     ,Jharkhand,92036.15,133582,1149.2,9971196.491,19327.5915,1.367727273
Maize,2004,Kharif     ,West Bengal,64629,190546,1612.9,7001905.86,13572.09,2.584375
Maize,2005,Kharif     ,Bihar,276983,456105,907.8,33215801.36,58166.43,1.619210526
Maize,2005,Rabi       ,Bihar,212073,637203,907.8,25431794.16,44535.33,2.773611111
Maize,2005,Summer     ,Bihar,175218,426534,907.8,21012142.56,36795.78,2.363611111
Maize,2005,Kharif     ,Chhattisgarh,101587,109598,1292.7,12182313.04,21333.27,1.088125
Maize,2005,Kharif     ,Delhi,79,144,653.1,9473.68,16.59,1.82
Maize,2005,Kharif     ,Gujarat,456900,722400,942.4,54791448,95949,1.618125
Maize,2005,Kharif     ,Haryana,17469,36000,516.9,2094882.48,3668.49,0.4965
Maize,2005,Kharif     ,Himachal Pradesh,295351,543061,1248.1,35418491.92,62023.71,1.913333333
Maize,2005,Kharif     ,Madhya Pradesh,852591,1240520,1032.7,102242712.7,179044.11,1.380638298
Maize,2005,Kharif     ,Maharashtra,389100,829700,1387.2,46660872,81711,1.67037037
Maize,2005,Rabi       ,Maharashtra,70900,145400,1387.2,8502328,14889,2.137307692
Maize,2005,Summer     ,Maharashtra,9500,13700,1387.2,1139240,1995,1.239473684
Maize,2005,Kharif     ,Mizoram,10810,20720,2075.4,1296335.2,2270.1,1.99875
Maize,2005,Rabi       ,Mizoram,932,1983,2075.4,111765.44,195.72,2.625
Maize,2005,Kharif     ,Nagaland,50000,90000,1568.6,5996000,10500,1.8025
Maize,2005,Rabi       ,Nagaland,1600,2880,1568.6,191872,336,1.985
Maize,2005,Kharif     ,Punjab,148000,403000,566.7,17748160,31080,2.827
Maize,2005,Kharif     ,Tripura,2150,2100,1765.9,257828,451.5,0.9825
Maize,2005,Kharif     ,Uttarakhand,31372,39735,1353.3,3762130.24,6588.12,1.142307692
Maize,2005,Summer     ,Uttarakhand,89,182,1353.3,10672.88,18.69,1.9875
Maize,2005,Autumn     ,Jharkhand,74754.36,77410,965.2,8964542.851,15698.4156,1.040909091
Maize,2006,Kharif     ,Bihar,259494,397591,1052.8,33139978.74,57088.68,1.558918919
Maize,2006,Rabi       ,Bihar,206084,744274,1052.8,26318987.64,45338.48,3.231944444
Maize,2006,Summer     ,Bihar,175637,614084,1052.8,22430601.27,38640.14,3.389444444
Maize,2006,Kharif     ,Chhattisgarh,100145,123489,1317.2,12789517.95,22031.9,1.048888889
Maize,2006,Kharif     ,Delhi,67,122,462.7,8556.57,14.74,1.82
Maize,2006,Kharif     ,Gujarat,447700,201700,1056.2,57175767,98494,0.529375
Maize,2006,Kharif     ,Haryana,13412,30000,329.3,1712846.52,2950.64,0.520625
Maize,2006,Kharif     ,Himachal Pradesh,299037,695376,1207,38190015.27,65788.14,2.363333333
Maize,2006,Kharif     ,Madhya Pradesh,879420,846002,1072.3,112310728.2,193472.4,0.903617021
Maize,2006,Kharif     ,Maharashtra,475000,947800,1439.4,60662250,104500,1.599642857
Maize,2006,Rabi       ,Maharashtra,86000,176900,1439.4,10983060,18920,2.1984
Maize,2006,Summer     ,Maharashtra,19200,25300,1439.4,2452032,4224,1.184761905
Maize,2006,Kharif     ,Nagaland,63200,105540,1362.5,8071272,13904,1.67
Maize,2006,Rabi       ,Nagaland,1500,2800,1362.5,191565,330,1.995
Maize,2006,Kharif     ,Punjab,154000,481000,569.6,19667340,33880,3.202307692
Maize,2006,Kharif     ,Tripura,2450,2420,1764.3,312889.5,539,0.9925
Maize,2006,Kharif     ,Uttar Pradesh,842052,1116939,590.5,107538460.9,185251.44,1.307826087
Maize,2006,Rabi       ,Uttar Pradesh,4215,13278,590.5,538297.65,927.3,3.120454545
Maize,2006,Summer     ,Uttar Pradesh,25366,33635,590.5,3239491.86,5580.52,1.325689655
Maize,2006,Kharif     ,Uttarakhand,27163,35850,1178.9,3468986.73,5975.86,1.138461538
Maize,2006,Rabi       ,Uttarakhand,81,131,1178.9,10344.51,17.82,1.626666667
Maize,2006,Autumn     ,Jharkhand,75712.78,116029,1465.1,9669279.134,16656.8116,1.457272727
Maize,2007,Kharif     ,Andhra Pradesh,519000,2377000,1004.2,69234600,83040,4.237
Maize,2007,Rabi       ,Andhra Pradesh,267000,1754000,1004.2,35617800,42720,6.2215
Maize,2007,Autumn     ,Bihar,263299,321402,1600.2,35124086.6,42127.84,1.305526316
Maize,2007,Rabi       ,Bihar,214521,858245,1600.2,28617101.4,34323.36,3.763611111
Maize,2007,Summer     ,Bihar,181481,623215,1600.2,24209565.4,29036.96,3.207142857
Maize,2007,Kharif     ,Chhattisgarh,100591,157130,1246.2,13418839.4,16094.56,1.468333333
Maize,2007,Kharif     ,Gujarat,424000,583100,1021.6,56561600,67840,1.401176471
Maize,2007,Kharif     ,Haryana,13777,37000,443.8,1837851.8,2204.32,0.979375
Maize,2007,Kharif     ,Himachal Pradesh,300150,682615,1095.4,40040010,48024,2.303333333
Maize,2007,Kharif     ,Madhya Pradesh,841830,1111216,740.4,112300122,134692.8,1.1325
Maize,2007,Kharif     ,Maharashtra,571100,1545200,1257.2,76184740,91376,2.325357143
Maize,2007,Rabi       ,Maharashtra,86700,223000,1257.2,11565780,13872,2.6852
Maize,2007,Summer     ,Maharashtra,13700,21600,1257.2,1827580,2192,1.413684211
Maize,2007,Kharif     ,Meghalaya,17048,25138,4702,2274203.2,2727.68,1.504285714
Maize,2007,Kharif     ,Nagaland,62140,112470,1769,8289476,9942.4,1.835
Maize,2007,Rabi       ,Nagaland,1500,2860,1769,200100,240,1.91
Maize,2007,Kharif     ,Punjab,153000,521000,527.2,20410200,24480,3.560833333
Maize,2007,Kharif     ,Tripura,2123,2125,2831.8,283208.2,339.68,0.995
Maize,2007,Kharif     ,Uttar Pradesh,812088,1167245,672.9,108332539.2,129934.08,1.360289855
Maize,2007,Rabi       ,Uttar Pradesh,3627,10185,672.9,483841.8,580.32,2.78
Maize,2007,Summer     ,Uttar Pradesh,21930,31514,672.9,2925462,3508.8,1.430714286
Maize,2007,Kharif     ,Uttarakhand,28000,43659,1924.3,3735200,4480,1.223846154
Maize,2007,Summer     ,Uttarakhand,82,133,1924.3,10938.8,13.12,1.636666667
Maize,2007,Autumn     ,Jharkhand,76327.31,93851,1444.7,10182063.15,12212.3696,1.367272727
Maize,2008,Autumn     ,Bihar,244993,373167,1197.7,35043798.72,22049.37,1.592631579
Maize,2008,Rabi       ,Bihar,206266,726382,1197.7,29504288.64,18563.94,3.186388889
Maize,2008,Summer     ,Bihar,189214,615797,1197.7,27065170.56,17029.26,3.203714286
Maize,2008,Kharif     ,Chhattisgarh,99375,139844,1117.9,14214600,8943.75,1.263888889
Maize,2008,Kharif     ,Gujarat,418900,602600,746.1,59919456,37701,1.478333333
Maize,2008,Kharif     ,Haryana,11769,25200,715.6,1683437.76,1059.21,1.152222222
Maize,2008,Kharif     ,Himachal Pradesh,297718,676644,1357.1,42585582.72,26794.62,2.304166667
Maize,2008,Kharif     ,Madhya Pradesh,826722,1131782,895,118254314.9,74404.98,1.2356
Maize,2008,Kharif     ,Maharashtra,550100,1323000,1052.8,78686304,49509,1.992222222
Maize,2008,Rabi       ,Maharashtra,85900,206700,1052.8,12287136,7731,2.3832
Maize,2008,Summer     ,Maharashtra,9500,14500,1052.8,1358880,855,1.381
Maize,2008,Kharif     ,Manipur,17980,32250,1134.8,2571859.2,1618.2,1.724444444
Maize,2008,Rabi       ,Manipur,2250,3130,1134.8,321840,202.5,1.467777778
Maize,2008,Kharif     ,Nagaland,63200,113760,1540.9,9040128,5688,1.802727273
Maize,2008,Rabi       ,Nagaland,1200,2160,1540.9,171648,108,1.91
Maize,2008,Kharif     ,Punjab,151000,514000,691.3,21599040,13590,3.419230769
Maize,2008,Kharif     ,Tripura,2093,2046,1827.8,299382.72,188.37,0.99
Maize,2008,Kharif     ,Uttar Pradesh,769793,1151245,891.6,110111190.7,69281.37,1.366764706
Maize,2008,Rabi       ,Uttar Pradesh,3617,9495,891.6,517375.68,325.53,2.646086957
Maize,2008,Summer     ,Uttar Pradesh,25472,38106,891.6,3643514.88,2292.48,1.505862069
Maize,2008,Kharif     ,Uttarakhand,26780,36287,1363.7,3830611.2,2410.2,1.197692308
Maize,2008,Summer     ,Uttarakhand,92,150,1363.7,13159.68,8.28,1.53
Maize,2008,Autumn     ,Jharkhand,72914.37,77225,1295.2,10429671.48,6562.2933,1.074166667
Maize,2009,Autumn     ,Bihar,234920,401472,889.3,36605234.4,39936.4,1.760526316
Maize,2009,Rabi       ,Bihar,209236,544140,889.3,32603153.52,35570.12,2.516
Maize,2009,Summer     ,Bihar,196547,598834,889.3,30625953.54,33412.99,2.8075
Maize,2009,Kharif     ,Chhattisgarh,101721,145368,956.9,15850166.22,17292.57,1.412777778
Maize,2009,Kharif     ,Gujarat,411700,396600,618,64151094,69989,1.008
Maize,2009,Kharif     ,Haryana,12199,26000,393,1900848.18,2073.83,0.940555556
Maize,2009,Kharif     ,Himachal Pradesh,290199,530224,969.9,45218808.18,49333.83,2.08
Maize,2009,Kharif     ,Maharashtra,673000,1530600,1002.4,104866860,114410,1.972962963
Maize,2009,Rabi       ,Maharashtra,101400,267200,1002.4,15800148,17238,1.9875
Maize,2009,Summer     ,Maharashtra,20100,30200,1002.4,3131982,3417,1.348235294
Maize,2009,Kharif     ,Manipur,18300,33950,992.5,2851506,3111,1.705555556
Maize,2009,Rabi       ,Manipur,13500,23170,992.5,2103570,2295,1.673333333
Maize,2009,Kharif     ,Nagaland,63100,65690,1225.9,9832242,10727,1.037272727
Maize,2009,Rabi       ,Nagaland,5000,7500,1225.9,779100,850,1.51
Maize,2009,Kharif     ,Punjab,139000,475000,371.3,21658980,23630,3.489166667
Maize,2009,Kharif     ,Tripura,2018,2030,2004.2,314444.76,343.06,1
Maize,2009,Kharif     ,Uttar Pradesh,674808,982139,585.8,105148582.6,114717.36,1.431
Maize,2009,Rabi       ,Uttar Pradesh,4636,14162,585.8,722381.52,788.12,3.032083333
Maize,2009,Summer     ,Uttar Pradesh,29237,42540,585.8,4555709.34,4970.29,1.462833333
Maize,2009,Kharif     ,Uttarakhand,26103,36088,847.8,4067369.46,4437.51,1.236153846
Maize,2009,Rabi       ,Uttarakhand,63,103,847.8,9816.66,10.71,1.6
Maize,2009,Autumn     ,Jharkhand,60448,54087,996.1,9419007.36,10276.16,0.947916667
Maize,2009,Autumn     ,West Bengal,36330,79299,1317.2,5660940.6,6176.1,1.94
Maize,2009,Rabi       ,West Bengal,23585,132526,1317.2,3675014.7,4009.45,3.632727273
Maize,2009,Summer     ,West Bengal,37801,173394,1317.2,5890151.82,6426.17,2.912352941
Maize,2009,Whole Year ,Madhya Pradesh,812456,1018820,904.1,126596893.9,138117.52,1.0752
Maize,2010,Autumn     ,Bihar,234466,468518,629.2,38947147.26,56271.84,1.910789474
Maize,2010,Rabi       ,Bihar,237723,922285,629.2,39488167.53,57053.52,3.635882353
Maize,2010,Summer     ,Bihar,181513,717393,629.2,30151124.43,43563.12,3.725135135
Maize,2010,Kharif     ,Chhattisgarh,104861,190489,1283.1,17418460.71,25166.64,1.733888889
Maize,2010,Kharif     ,Gujarat,422500,692100,1107.5,70181475,101400,1.692631579
Maize,2010,Rabi       ,Gujarat,110000,220000,1107.5,18272100,26400,1.882307692
Maize,2010,Summer     ,Gujarat,33000,66000,1107.5,5481630,7920,2.00125
Maize,2010,Kharif     ,Haryana,9662,19000,639.2,1604954.82,2318.88,0.8175
Maize,2010,Kharif     ,Himachal Pradesh,281664,641530,1319.8,46787207.04,67599.36,2.593333333
Maize,2010,Kharif     ,Madhya Pradesh,837865,1332205,856.3,139177755.1,201087.6,1.3712
Maize,2010,Kharif     ,Maharashtra,730600,2208900,1389,121359966,175344,2.230769231
Maize,2010,Rabi       ,Maharashtra,137600,361800,1389,22856736,33024,2.514
Maize,2010,Summer     ,Maharashtra,22300,31300,1389,3704253,5352,1.26
Maize,2010,Kharif     ,Manipur,18520,33510,2160.5,3076357.2,4444.8,1.74
Maize,2010,Rabi       ,Manipur,3850,8000,2160.5,639523.5,924,2.051111111
Maize,2010,Kharif     ,Mizoram,8721,13055,2738.7,1448645.31,2093.04,1.62125
Maize,2010,Rabi       ,Mizoram,284,445,2738.7,47175.24,68.16,2.362
Maize,2010,Kharif     ,Nagaland,63430,124200,1771.8,10536357.3,15223.2,1.958181818
Maize,2010,Rabi       ,Nagaland,5000,9800,1771.8,830550,1200,1.956666667
Maize,2010,Kharif     ,Punjab,133000,491000,392.7,22092630,31920,3.710909091
Maize,2010,Kharif     ,Tamil Nadu,230489,1027536,1095.2,38286527.79,55317.36,4.527857143
Maize,2010,Kharif     ,Tripura,3101,4104,2348.3,515107.11,744.24,1.3325
Maize,2010,Kharif     ,Uttar Pradesh,718026,1052727,742.6,119271298.9,172326.24,1.40915493
Maize,2010,Rabi       ,Uttar Pradesh,5492,16498,742.6,912276.12,1318.08,3.0012
Maize,2010,Summer     ,Uttar Pradesh,30204,44279,742.6,5017186.44,7248.96,1.469285714
Maize,2010,Kharif     ,Uttarakhand,26193,40494,1419,4350919.23,6286.32,1.386153846
Maize,2010,Rabi       ,Uttarakhand,64,130,1419,10631.04,15.36,1.896666667
Maize,2010,Kharif     ,Jammu and Kashmir,308215,527690,1352,51197593.65,73971.6,1.5675
Maize,2010,Autumn     ,West Bengal,32295,83580,1096,5364522.45,7750.8,2.453846154
Maize,2010,Rabi       ,West Bengal,17229,84356,1096,2861909.19,4134.96,3.234545455
Maize,2010,Summer     ,West Bengal,39124,184380,1096,6498887.64,9389.76,2.883529412
Maize,2011,Autumn     ,Bihar,263936,622416,1097.1,44214558.72,87098.88,2.402432432
Maize,2011,Rabi       ,Bihar,239586,1098173,1097.1,40135446.72,79063.38,4.221764706
Maize,2011,Summer     ,Bihar,193311,836474,1097.1,32383458.72,63792.63,4.129166667
Maize,2011,Kharif     ,Chhattisgarh,107435,177805,1302.7,17997511.2,35453.55,1.542592593
Maize,2011,Kharif     ,Gujarat,387000,539400,890.5,64830240,127710,1.466
Maize,2011,Rabi       ,Gujarat,106100,199900,890.5,17773872,35013,2.026363636
Maize,2011,Summer     ,Gujarat,22800,47300,890.5,3819456,7524,1.792857143
Maize,2011,Kharif     ,Haryana,11045,30000,471.5409091,1850258.4,3644.85,1.145
Maize,2011,Kharif     ,Himachal Pradesh,290241,612701,1108.3,48621172.32,95779.53,2.435
Maize,2011,Kharif     ,Madhya Pradesh,848894,1316635,852.6,142206722.9,280135.02,1.111428571
Maize,2011,Kharif     ,Maharashtra,736200,2126700,1174.095455,123328224,242946,2.101851852
Maize,2011,Rabi       ,Maharashtra,116200,294500,1174.095455,19465824,38346,2.656666667
Maize,2011,Summer     ,Maharashtra,24900,36400,1174.095455,4171248,8217,1.311666667
Maize,2011,Kharif     ,Manipur,20000,35500,1533.561905,3350400,6600,1.696666667
Maize,2011,Rabi       ,Manipur,4850,10500,1533.561905,812472,1600.5,2.156666667
Maize,2011,Kharif     ,Mizoram,6696,8130,2439.340909,1121713.92,2209.68,1.32
Maize,2011,Rabi       ,Mizoram,209,268,2439.340909,35011.68,68.97,1.326666667
Maize,2011,Kharif     ,Nagaland,63500,124460,1544.354545,10637520,20955,1.954545455
Maize,2011,Rabi       ,Nagaland,5020,9840,1544.354545,840950.4,1656.6,1.956666667
Maize,2011,Kharif     ,Punjab,126000,502000,705.2,21107520,41580,4.359090909
Maize,2011,Kharif     ,Tripura,3743,5058,2295.609091,627027.36,1235.19,1.3375
Maize,2011,Kharif     ,Uttar Pradesh,745217,1232077,777.4,124838751.8,245921.61,1.535352113
Maize,2011,Rabi       ,Uttar Pradesh,8864,21143,777.4,1484897.28,2925.12,2.371153846
Maize,2011,Summer     ,Uttar Pradesh,33320,55078,777.4,5581766.4,10995.6,1.666065574
Maize,2011,Kharif     ,Uttarakhand,25472,38284,1564.7,4267069.44,8405.76,1.37
Maize,2011,Summer     ,Uttarakhand,47,94,1564.7,7873.44,15.51,1.873333333
Maize,2011,Autumn     ,Jharkhand,65931,92140,1374.7,11044761.12,21757.23,1.34625
Maize,2011,Autumn     ,West Bengal,34052,77279,1686.5,5704391.04,11237.16,2.037272727
Maize,2011,Rabi       ,West Bengal,22614,107784,1686.5,3788297.28,7462.62,3.447272727
Maize,2011,Summer     ,West Bengal,41172,179065,1686.5,6897133.44,13586.76,2.755555556
Maize,2012,Autumn     ,Bihar,261039,926315,924.1,39364681.2,80922.09,3.673513514
Maize,2012,Rabi       ,Bihar,242336,791005,924.1,36544268.8,75124.16,3.189714286
Maize,2012,Summer     ,Bihar,189961,1038634,924.1,28646118.8,58887.91,5.096756757
Maize,2012,Kharif     ,Chhattisgarh,116839,225109,1366.8,17619321.2,36220.09,1.844814815
Maize,2012,Kharif     ,Gujarat,373200,625000,460.6,56278560,115692,1.673888889
Maize,2012,Rabi       ,Gujarat,80600,157100,460.6,12154480,24986,1.858
Maize,2012,Summer     ,Gujarat,4000,8300,460.6,603200,1240,1.715
Maize,2012,Kharif     ,Haryana,9878,26000,307.9,1489602.4,3062.18,1.236
Maize,2012,Kharif     ,Himachal Pradesh,275973,605082,1035,41616728.4,85551.63,2.4975
Maize,2012,Kharif     ,Madhya Pradesh,854518,2380688,1049.5,128861314.4,264900.58,2.280204082
Maize,2012,Kharif     ,Maharashtra,688800,1581900,1003.4,103871040,213528,1.825769231
Maize,2012,Rabi       ,Maharashtra,121000,229800,1003.4,18246800,37510,1.665
Maize,2012,Summer     ,Maharashtra,12100,14700,1003.4,1824680,3751,1.124444444
Maize,2012,Kharif     ,Manipur,12640,25470,1176.7,1906112,3918.4,1.998888889
Maize,2012,Rabi       ,Manipur,6800,19000,1176.7,1025440,2108,2.796666667
Maize,2012,Kharif     ,Mizoram,5995.2,7769,2050.2,904076.16,1858.512,1.375
Maize,2012,Rabi       ,Mizoram,180,295,2050.2,27144,55.8,2.025
Maize,2012,Kharif     ,Nagaland,63530,124580,1296.6,9580324,19694.3,1.955454545
Maize,2012,Rabi       ,Nagaland,5140,10070,1296.6,775112,1593.4,1.96
Maize,2012,Kharif     ,Punjab,131000,483000,338.9,19754800,40610,3.5125
Maize,2012,Kharif     ,Tamil Nadu,291052,946363,706.8,43890641.6,90226.12,3.498214286
Maize,2012,Kharif     ,Tripura,3948,5177,1882.2,595358.4,1223.88,1.3175
Maize,2012,Kharif     ,Uttar Pradesh,698089,1289406,746.3,105271821.2,216407.59,1.696666667
Maize,2012,Rabi       ,Uttar Pradesh,7261,22734,746.3,1094958.8,2250.91,3.108695652
Maize,2012,Summer     ,Uttar Pradesh,30649,56607,746.3,4621869.2,9501.19,1.849677419
Maize,2012,Kharif     ,Uttarakhand,26096,38701,1309.8,3935276.8,8089.76,1.387692308
Maize,2012,Summer     ,Uttarakhand,51,102,1309.8,7690.8,15.81,1.453333333
Maize,2012,Autumn     ,Jharkhand,93589,118472,1102,14113221.2,29012.59,1.367916667
Maize,2012,Autumn     ,West Bengal,40588,96769,1566,6120670.4,12582.28,2.358
Maize,2012,Rabi       ,West Bengal,33709,157468,1566,5083317.2,10449.79,3.544166667
Maize,2012,Summer     ,West Bengal,48715,207174,1566,7346222,15101.65,2.873888889
Maize,2013,Autumn     ,Bihar,276577,778209,1069.9,39962610.73,74675.79,2.933783784
Maize,2013,Rabi       ,Bihar,263499,1199389,1069.9,38072970.51,71144.73,4.180294118
Maize,2013,Summer     ,Bihar,192263,926639,1069.9,27780080.87,51911.01,4.573243243
Maize,2013,Kharif     ,Chhattisgarh,123430,254134,1418.3,17834400.7,33326.1,1.981481481
Maize,2013,Rabi       ,Chhattisgarh,33,117,1418.3,4768.17,8.91,3.55
Maize,2013,Summer     ,Chhattisgarh,127,233,1418.3,18350.23,34.29,1.83
Maize,2013,Kharif     ,Gujarat,333135,421915,1006.5,48134676.15,89946.45,1.345
Maize,2013,Rabi       ,Gujarat,92747,196862,1006.5,13401014.03,25041.69,2.120714286
Maize,2013,Summer     ,Gujarat,6541,13374,1006.5,945109.09,1766.07,1.894
Maize,2013,Kharif     ,Haryana,8000,24000,452.2,1155920,2160,3.2
Maize,2013,Kharif     ,Himachal Pradesh,291960,594280,1216.9,42185300.4,78829.2,2.336666667
Maize,2013,Kharif     ,Madhya Pradesh,851639,1486110,1451.4,123053319.1,229942.53,1.5412
Maize,2013,Kharif     ,Maharashtra,746700,2643900,1409.8,107890683,201609,2.6244
Maize,2013,Rabi       ,Maharashtra,171600,443600,1409.8,24794484,46332,2.4765
Maize,2013,Summer     ,Maharashtra,28200,36300,1409.8,4074618,7614,1.265833333
Maize,2013,Kharif     ,Manipur,19590,42750,1428.8,2830559.1,5289.3,2.186666667
Maize,2013,Rabi       ,Manipur,6310,15190,1428.8,911731.9,1703.7,2.408888889
Maize,2013,Kharif     ,Mizoram,5618,7994,1848.8,811744.82,1516.86,1.65625
Maize,2013,Rabi       ,Mizoram,175,227,1848.8,25285.75,47.25,1.4325
Maize,2013,Kharif     ,Nagaland,63570,125160,1350.9,9185229.3,17163.9,1.97
Maize,2013,Rabi       ,Nagaland,5210,10280,1350.9,752792.9,1406.7,1.971666667
Maize,2013,Kharif     ,Punjab,130000,507000,586.6,18783700,35100,4.231428571
Maize,2013,Kharif     ,Telangana,552897,2436849,1348.7,79888087.53,149282.19,4.022222222
Maize,2013,Rabi       ,Telangana,197322,1074644,1348.7,28511055.78,53276.94,5.292222222
Maize,2013,Kharif     ,Tripura,4549,5805,2043.5,657285.01,1228.23,1.29375
Maize,2013,Kharif     ,Uttar Pradesh,695526,1277851,995.2,100496551.7,187792.02,1.702
Maize,2013,Rabi       ,Uttar Pradesh,13418,47674,995.2,1938766.82,3622.86,3.5572
Maize,2013,Summer     ,Uttar Pradesh,58002,106550,995.2,8380708.98,15660.54,1.840877193
Maize,2013,Kharif     ,Uttarakhand,23534,33712,1735.4,3400427.66,6354.18,1.412307692
Maize,2013,Summer     ,Uttarakhand,48,118,1735.4,6935.52,12.96,2.4325
Maize,2013,Autumn     ,Jharkhand,85854,136388,1253.6,12405044.46,23180.58,1.467916667
Maize,2013,Autumn     ,West Bengal,43701,117402,1939.9,6314357.49,11799.27,2.767777778
Maize,2013,Rabi       ,West Bengal,46869,252419,1939.9,6772101.81,12654.63,3.530833333
Maize,2013,Summer     ,West Bengal,53334,250660,1939.9,7706229.66,14400.18,2.987222222
Maize,2014,Autumn     ,Bihar,277416,825146,1061,41878719.36,91547.28,2.717368421
Maize,2014,Rabi       ,Bihar,251716,913784,1061,37999047.36,83066.28,3.269705882
Maize,2014,Summer     ,Bihar,177386,739815,1061,26778190.56,58537.38,3.988378378
Maize,2014,Kharif     ,Chhattisgarh,125074,235014,1274.7,18881171.04,41274.42,1.803333333
Maize,2014,Kharif     ,Gujarat,308788,387805,605.6,46614636.48,101900.04,1.409090909
Maize,2014,Rabi       ,Gujarat,79664,169660,605.6,12026077.44,26289.12,1.969375
Maize,2014,Summer     ,Gujarat,5890,11341,605.6,889154.4,1943.7,1.847857143
Maize,2014,Kharif     ,Haryana,9000,18000,301.3,1358640,2970,2
Maize,2014,Kharif     ,Himachal Pradesh,289204,503715,1019.9,43658235.84,95437.32,1.985
Maize,2014,Kharif     ,Madhya Pradesh,1131000,2530000,891.2,170735760,373230,2.093061224
Maize,2014,Kharif     ,Maharashtra,800500,1496100,1001.6,120843480,264165,1.76
Maize,2014,Rabi       ,Maharashtra,239800,651400,1001.6,36200208,79134,1.730869565
Maize,2014,Summer     ,Maharashtra,35900,53700,1001.6,5419464,11847,1.240454545
Maize,2014,Kharif     ,Manipur,19590,43350,987.5,2957306.4,6464.7,2.234444444
Maize,2014,Rabi       ,Manipur,6600,15400,987.5,996336,2178,2.334444444
Maize,2014,Kharif     ,Mizoram,5553,8444,2029.9,838280.88,1832.49,1.65875
Maize,2014,Rabi       ,Mizoram,142,180,2029.9,21436.32,46.86,2.23
Maize,2014,Kharif     ,Nagaland,63600,125630,1333.3,9601056,20988,1.973636364
Maize,2014,Rabi       ,Nagaland,5220,10310,1333.3,788011.2,1722.6,1.975
Maize,2014,Kharif     ,Punjab,126000,460000,382.7,19020960,41580,3.918571429
Maize,2014,Kharif     ,Telangana,521865,1408615,746.4,78780740.4,172215.45,2.935555556
Maize,2014,Rabi       ,Telangana,169606,899436,746.4,25603721.76,55969.98,4.993333333
Maize,2014,Kharif     ,Tripura,4519,5963,2015.7,682188.24,1491.27,1.30875
Maize,2014,Kharif     ,Uttar Pradesh,642726,1142861,616.4,97025916.96,212099.58,1.693783784
Maize,2014,Rabi       ,Uttar Pradesh,10653,25493,616.4,1608176.88,3515.49,2.444166667
Maize,2014,Summer     ,Uttar Pradesh,62374,110903,616.4,9415979.04,20583.42,1.784310345
Maize,2014,Kharif     ,Uttarakhand,23757,49135,1287.4,3586356.72,7839.81,1.822307692
Maize,2014,Summer     ,Uttarakhand,36,80,1287.4,5434.56,11.88,2.205
Maize,2014,Autumn     ,Jharkhand,106524,230750,1156.6,16080863.04,35152.92,1.71625
Maize,2014,Autumn     ,West Bengal,45415,122104,1483.5,6855848.4,14986.95,3.369166667
Maize,2014,Rabi       ,West Bengal,51093,278224,1483.5,7712999.28,16860.69,3.430833333
Maize,2014,Summer     ,West Bengal,55289,249556,1483.5,8346427.44,18245.37,3.143333333
Maize,2015,Autumn     ,Bihar,270700,692696,874,42746237,89331,2.795263158
Maize,2015,Rabi       ,Bihar,249982,1105141,874,39474657.62,82494.06,3.842352941
Maize,2015,Summer     ,Bihar,184273,719263,874,29098549.43,60810.09,3.562972973
Maize,2015,Kharif     ,Chhattisgarh,126356,237676,1136,19952875.96,41697.48,1.733333333
Maize,2015,Kharif     ,Gujarat,297588,393828,584.3,46992121.08,98204.04,1.486818182
Maize,2015,Rabi       ,Gujarat,88311,201807,584.3,13945190.01,29142.63,2.075714286
Maize,2015,Summer     ,Gujarat,6022,12876,584.3,950934.02,1987.26,2.067272727
Maize,2015,Kharif     ,Haryana,5800,17900,426.8,915878,1914,2.93
Maize,2015,Kharif     ,Himachal Pradesh,280811,708527,1223.2,44342865.01,92667.63,2.868333333
Maize,2015,Kharif     ,Madhya Pradesh,1100000,3138000,1000.7,173701000,363000,2.075416667
Maize,2015,Kharif     ,Maharashtra,789100,1159800,875.7,124606781,260403,1.200833333
Maize,2015,Rabi       ,Maharashtra,248690,460920,875.7,39270637.9,82067.7,1.55962963
Maize,2015,Summer     ,Maharashtra,29100,39150,875.7,4595181,9603,1.352608696
Maize,2015,Kharif     ,Manipur,19720,44380,1329.1,3113985.2,6507.6,2.287777778
Maize,2015,Rabi       ,Manipur,7000,17180,1329.1,1105370,2310,2.462222222
Maize,2015,Kharif     ,Mizoram,5672,9868,2310.8,895665.52,1871.76,1.94625
Maize,2015,Rabi       ,Mizoram,205,427,2310.8,32371.55,67.65,2.57
Maize,2015,Kharif     ,Nagaland,63640,125920,1308.3,10049392.4,21001.2,1.978181818
Maize,2015,Rabi       ,Nagaland,5270,10440,1308.3,832185.7,1739.1,1.981666667
Maize,2015,Kharif     ,Punjab,115000,424000,512.6,18159650,37950,3.759230769
Maize,2015,Kharif     ,Telangana,454308,1161260,747.9,71739776.28,149921.64,2.983333333
Maize,2015,Rabi       ,Telangana,118486,589814,747.9,18710124.26,39100.38,4.658888889
Maize,2015,Kharif     ,Tripura,7334,10101,2334.4,1158111.94,2420.22,1.385
Maize,2015,Rabi       ,Tripura,1412,2076,2334.4,222968.92,465.96,1.4625
Maize,2015,Kharif     ,Uttar Pradesh,605036,1118656,596.7,95541234.76,199661.88,1.640133333
Maize,2015,Rabi       ,Uttar Pradesh,10620,23341,596.7,1677004.2,3504.6,2.162391304
Maize,2015,Summer     ,Uttar Pradesh,87544,161869,596.7,13824073.04,28889.52,1.851754386
Maize,2015,Kharif     ,Uttarakhand,22123,38135,1247.6,3493442.93,7300.59,1.593076923
Maize,2015,Summer     ,Uttarakhand,43,73,1247.6,6790.13,14.19,1.32
Maize,2015,Autumn     ,Jharkhand,118741,115121,1085.6,18750391.31,39184.53,1.133333333
Maize,2015,Autumn     ,West Bengal,45635,122780,1717,7206222.85,15059.55,2.642307692
Maize,2015,Rabi       ,West Bengal,52130,284572,1717,8231848.3,17202.9,3.6
Maize,2015,Summer     ,West Bengal,55352,255082,1717,8740634.32,18266.16,3.279444444
Maize,2016,Kharif     ,Arunachal Pradesh,50300,75450,2933.7,7708475,17605,1.584
Maize,2016,Autumn     ,Bihar,241450,624300,1205.6,37002212.5,84507.5,2.579459459
Maize,2016,Rabi       ,Bihar,284883,2131513,1205.6,43658319.75,99709.05,6.058181818
Maize,2016,Summer     ,Bihar,194577,1089887,1205.6,29818925.25,68101.95,4.561666667
Maize,2016,Kharif     ,Chhattisgarh,120547,309324,1298.9,18473827.75,42191.45,2.348518519
Maize,2016,Kharif     ,Gujarat,321379,539081,710.5,49251331.75,112482.65,1.789545455
Maize,2016,Rabi       ,Gujarat,117169,277521,710.5,17956149.25,41009.15,2.16
Maize,2016,Summer     ,Gujarat,11311,24059,710.5,1733410.75,3958.85,2.081428571
Maize,2016,Kharif     ,Haryana,6300,19500,554.7,965475,2205,3.132222222
Maize,2016,Kharif     ,Himachal Pradesh,262595,483441,1373.9,40242683.75,91908.25,2.094166667
Maize,2016,Kharif     ,Madhya Pradesh,1264000,4300000,1048.4,193708000,442400,2.479130435
Maize,2016,Kharif     ,Maharashtra,658330,2136362,1151.1,100889072.5,230415.5,2.413448276
Maize,2016,Rabi       ,Maharashtra,344895,1084699,1151.1,52855158.75,120713.25,2.637857143
Maize,2016,Summer     ,Maharashtra,50200,107630,1151.1,7693150,17570,1.8748
Maize,2016,Kharif     ,Manipur,19740,41800,2039.8,3025155,6909,2.102222222
Maize,2016,Rabi       ,Manipur,7060,17000,2039.8,1081945,2471,2.412222222
Maize,2016,Kharif     ,Mizoram,5481,8443,2626.8,839963.25,1918.35,1.665
Maize,2016,Rabi       ,Mizoram,298,468,2626.8,45668.5,104.3,1.73
Maize,2016,Kharif     ,Nagaland,63660,126040,1959.8,9755895,22281,1.98
Maize,2016,Rabi       ,Nagaland,5300,10500,1959.8,812225,1855,1.978333333
Maize,2016,Kharif     ,Punjab,116000,445000,635.9,17777000,40600,3.600769231
Maize,2016,Kharif     ,Telangana,636407,1756790,942.6,97529372.75,222742.45,3.304333333
Maize,2016,Rabi       ,Telangana,165415,1125685,942.6,25349848.75,57895.25,6.661666667
Maize,2016,Kharif     ,Tripura,12196,16608,2475.3,1869037,4268.6,1.38375
Maize,2016,Rabi       ,Tripura,2500,3887,2475.3,383125,875,1.56
Maize,2016,Kharif     ,Uttar Pradesh,727231,1364579,965.3,111448150.8,254530.85,1.737808219
Maize,2016,Rabi       ,Uttar Pradesh,12320,34521,965.3,1888040,4312,2.64037037
Maize,2016,Summer     ,Uttar Pradesh,66929,125558,965.3,10256869.25,23425.15,1.884827586
Maize,2016,Kharif     ,Uttarakhand,21692,36649,1580.9,3324299,7592.2,1.57
Maize,2016,Summer     ,Uttarakhand,90,133,1580.9,13792.5,31.5,1.705
Maize,2016,Autumn     ,Jharkhand,124673,270738,1296.3,19106137.25,43635.55,2.102608696
Maize,2016,Autumn     ,West Bengal,46431,124996,1795.8,7115550.75,16250.85,2.783333333
Maize,2016,Rabi       ,West Bengal,56211,317798,1795.8,8614335.75,19673.85,3.726666667
Maize,2016,Summer     ,West Bengal,60813,310486,1795.8,9319592.25,21284.55,3.493333333
Maize,2017,Kharif     ,Arunachal Pradesh,50797,77216,2745.5,7997479.68,19302.86,1.628
Maize,2017,Autumn     ,Bihar,223242,535877,1112,35147220.48,84831.96,2.639189189
Maize,2017,Rabi       ,Bihar,268085,1645555,1112,42207302.4,101872.3,5.3121875
Maize,2017,Summer     ,Bihar,186119,939340,1112,29302575.36,70725.22,4.354705882
Maize,2017,Kharif     ,Chhattisgarh,119617,306937,1124.5,18832500.48,45454.46,2.26037037
Maize,2017,Kharif     ,Gujarat,302790,469550,814.8,47671257.6,115060.2,1.676363636
Maize,2017,Rabi       ,Gujarat,92558,235342,814.8,14572331.52,35172.04,2.460952381
Maize,2017,Summer     ,Gujarat,4636,9848,814.8,729891.84,1761.68,2.028888889
Maize,2017,Kharif     ,Haryana,6600,20600,417.1,1039104,2508,2.711
Maize,2017,Kharif     ,Himachal Pradesh,280811,711114,1182.2,44210883.84,106708.18,2.886666667
Maize,2017,Kharif     ,Jharkhand,284565,576153,1165.7,44801913.6,108134.7,2.102916667
Maize,2017,Rabi       ,Jharkhand,10133,20579,1165.7,1595339.52,3850.54,1.887777778
Maize,2017,Kharif     ,Madhya Pradesh,1316520,4679550,800,207272908.8,500277.6,2.5508
Maize,2017,Summer     ,Madhya Pradesh,35640,133020,800,5611161.6,13543.2,3.540357143
Maize,2017,Kharif     ,Maharashtra,694785,2165565,1129.5,109386950.4,264018.3,2.253461538
Maize,2017,Rabi       ,Maharashtra,333739,904932,1129.5,52543868.16,126820.82,1.973793103
Maize,2017,Summer     ,Maharashtra,35002,54906,1129.5,5510714.88,13300.76,1.334444444
Maize,2017,Kharif     ,Manipur,19810,45840,1780,3118886.4,7527.8,2.284444444
Maize,2017,Rabi       ,Manipur,7120,17250,1780,1120972.8,2705.6,2.426666667
Maize,2017,Kharif     ,Mizoram,5474,8786,3865.8,861826.56,2080.12,1.67375
Maize,2017,Rabi       ,Mizoram,505.2,686,3865.8,79538.688,191.976,1.3575
Maize,2017,Kharif     ,Nagaland,63680,126220,1722.1,10025779.2,24198.4,1.981818182
Maize,2017,Rabi       ,Nagaland,5330,10560,1722.1,839155.2,2025.4,1.981666667
Maize,2017,Kharif     ,Punjab,114000,423000,497.5,17948160,43320,3.750833333
Maize,2017,Kharif     ,Telangana,463203,1597928,815.7,72926680.32,176017.14,4.169333333
Maize,2017,Rabi       ,Telangana,167254,1154219,815.7,26332469.76,63556.52,6.646333333
Maize,2017,Kharif     ,Tripura,13596,19137,3326.8,2140554.24,5166.48,1.4275
Maize,2017,Rabi       ,Tripura,2140,3336,3326.8,336921.6,813.2,1.55
Maize,2017,Kharif     ,Uttar Pradesh,664457,1456460,652.1,104612110.1,252493.66,1.973013699
Maize,2017,Rabi       ,Uttar Pradesh,13788,41388,652.1,2170782.72,5239.44,2.979298246
Maize,2017,Summer     ,Uttar Pradesh,46098,101045,652.1,7257669.12,17517.24,2.1865
Maize,2017,Kharif     ,Uttarakhand,20806,42563,1475.8,3275696.64,7906.28,1.868461538
Maize,2017,Summer     ,Uttarakhand,66,96,1475.8,10391.04,25.08,1.415
Maize,2017,Autumn     ,West Bengal,56185,151542,1830,8845766.4,21350.3,2.583157895
Maize,2017,Rabi       ,West Bengal,117678,903874,1830,18527224.32,44717.64,4.360666667
Maize,2017,Summer     ,West Bengal,71365,368001,1830,11235705.6,27118.7,3.45952381
Maize,2018,Kharif     ,Arunachal Pradesh,51000,78030,2992.9,8272200,17850,1.659090909
Maize,2018,Autumn     ,Bihar,223317,464137,1521.4,36222017.4,78160.95,2.154375
Maize,2018,Rabi       ,Bihar,282344,2098443,1521.4,45796196.8,98820.4,5.559705882
Maize,2018,Summer     ,Bihar,163817,631331,1521.4,26571117.4,57335.95,3.415151515
Maize,2018,Kharif     ,Chhattisgarh,118047,303145,1515.5,19147223.4,41316.45,2.280740741
Maize,2018,Kharif     ,Gujarat,310536,549680,1125.4,50368939.2,108687.6,1.835238095
Maize,2018,Rabi       ,Gujarat,95598,245862,1125.4,15505995.6,33459.3,2.710526316
Maize,2018,Summer     ,Gujarat,3090,6356,1125.4,501198,1081.5,1.765
Maize,2018,Kharif     ,Haryana,5900,15600,533.2,956980,2065,3.206
Maize,2018,Kharif     ,Himachal Pradesh,286780,725553,1052.2,46515716,100373,2.600833333
Maize,2018,Kharif     ,Jharkhand,255145,443992,1222.7,41384519,89300.75,1.8175
Maize,2018,Rabi       ,Jharkhand,5944,11324,1222.7,964116.8,2080.4,1.835789474
Maize,2018,Kharif     ,Madhya Pradesh,1256645,4090669,1102.2,203827819,439825.75,2.330588235
Maize,2018,Kharif     ,Maharashtra,707963,1364959,1387.4,114831598.6,247787.05,1.515
Maize,2018,Rabi       ,Maharashtra,201409,379865,1387.4,32668539.8,70493.15,1.349230769
Maize,2018,Summer     ,Maharashtra,17135,20570,1387.4,2779297,5997.25,1.0155
Maize,2018,Kharif     ,Manipur,19160,41020,1196.9,3107752,6706,2.253333333
Maize,2018,Rabi       ,Manipur,7220,17140,1196.9,1171084,2527,2.371111111
Maize,2018,Kharif     ,Mizoram,5733,10300,1665.2,929892.6,2006.55,1.79125
Maize,2018,Rabi       ,Mizoram,430,670,1665.2,69746,150.5,1.643333333
Maize,2018,Kharif     ,Nagaland,63710,126270,1372.7,10333762,22298.5,1.981818182
Maize,2018,Rabi       ,Nagaland,5360,10630,1372.7,869392,1876,1.983333333
Maize,2018,Kharif     ,Punjab,109200,395900,585.5,17712240,38220,3.54625
Maize,2018,Kharif     ,Telangana,426342,1323976,1350.3,69152672.4,149219.7,3.95625
Maize,2018,Rabi       ,Telangana,116724,759015,1350.3,18932632.8,40853.4,6.026451613
Maize,2018,Kharif     ,Tripura,13519,17430,2169.1,2192781.8,4731.65,1.3075
Maize,2018,Rabi       ,Tripura,2463,5265,2169.1,399498.6,862.05,2.12375
Maize,2018,Kharif     ,Uttar Pradesh,673768,1392479,792.8,109285169.6,235818.8,1.9284
Maize,2018,Rabi       ,Uttar Pradesh,13442,37694,792.8,2180292.4,4704.7,2.801395349
Maize,2018,Summer     ,Uttar Pradesh,45815,94700,792.8,7431193,16035.25,2.061333333
Maize,2018,Kharif     ,Uttarakhand,21266,40107,1373,3449345.2,7443.1,1.77
Maize,2018,Summer     ,Uttarakhand,118,166,1373,19139.6,41.3,1.656
Maize,2018,Autumn     ,West Bengal,53660,182239,2012.6,8703652,18781,3.236666667
Maize,2018,Rabi       ,West Bengal,102911,745795,2012.6,16692164.2,36018.85,4.09
Maize,2018,Summer     ,West Bengal,107731,804847,2012.6,17473968.2,37705.85,3.972380952
Maize,2019,Kharif     ,Arunachal Pradesh,51100,79205,2433.3,8776936,18907,1.6756
Maize,2019,Autumn     ,Bihar,209307,434878,1194.7,35950570.32,77443.59,2.31625
Maize,2019,Rabi       ,Bihar,301268,2279174,1194.7,51745791.68,111469.16,5.7365625
Maize,2019,Summer     ,Bihar,162563,781348,1194.7,27921820.88,60148.31,4.237941176
Maize,2019,Kharif     ,Chhattisgarh,130433,406821,1420.3,22403172.08,48260.21,2.808214286
Maize,2019,Kharif     ,Gujarat,300503,449952,1067.8,51614395.28,111186.11,1.603636364
Maize,2019,Rabi       ,Gujarat,132342,333579,1067.8,22731061.92,48966.54,2.556190476
Maize,2019,Summer     ,Gujarat,5516,12676,1067.8,947428.16,2040.92,2.189
Maize,2019,Kharif     ,Haryana,6050,17290,351.8,1039148,2238.5,3.085263158
Maize,2019,Kharif     ,Himachal Pradesh,287444,744603,1217.7,49371381.44,106354.28,2.630833333
Maize,2019,Kharif     ,Jharkhand,249127,494885,1137.8,42790053.52,92176.99,2.047916667
Maize,2019,Rabi       ,Jharkhand,7644,16043,1137.8,1312933.44,2828.28,1.985238095
Maize,2019,Kharif     ,Madhya Pradesh,1516103,4369819,1446.7,260405851.3,560958.11,1.999411765
Maize,2019,Summer     ,Madhya Pradesh,20995,119761,1446.7,3606101.2,7768.15,2.768387097
Maize,2019,Kharif     ,Maharashtra,771711,1051683,1555.8,132549081.4,285533.07,1.363214286
Maize,2019,Rabi       ,Maharashtra,297952,795312,1555.8,51176235.52,110242.24,2.171333333
Maize,2019,Summer     ,Maharashtra,56994,112994,1555.8,9789289.44,21087.78,1.783913043
Maize,2019,Kharif     ,Mizoram,5860,10903,2178.5,1006513.6,2168.2,1.77625
Maize,2019,Rabi       ,Mizoram,493,765,2178.5,84677.68,182.41,1.645
Maize,2019,Kharif     ,Nagaland,63740,126460,1593,10947982.4,23583.8,1.982727273
Maize,2019,Rabi       ,Nagaland,5390,10700,1593,925786.4,1994.3,1.983333333
Maize,2019,Autumn     ,Odisha,61041,175675,1593.9,10484402.16,22585.17,2.048181818
Maize,2019,Summer     ,Odisha,3934,13113,1593.9,675703.84,1455.58,2.243
Maize,2019,Winter     ,Odisha,95,226,1593.9,16317.2,35.15,2.48125
Maize,2019,Kharif     ,Punjab,114600,410500,653.2,19683696,42402,3.539444444
Maize,2019,Kharif     ,Telangana,390692,1893085,1031.7,67105257.92,144556.04,5.12125
Maize,2019,Rabi       ,Telangana,252561,1750601,1031.7,43379877.36,93447.57,6.5721875
Maize,2019,Kharif     ,Tripura,12485,17757,2252.8,2144423.6,4619.45,1.42
Maize,2019,Rabi       ,Tripura,2150,5217,2252.8,369284,795.5,2.41875
Maize,2019,Kharif     ,Uttar Pradesh,665264,1641286,814.5,114265744.6,246147.68,2.039466667
Maize,2019,Rabi       ,Uttar Pradesh,14992,42414,814.5,2575025.92,5547.04,2.745813953
Maize,2019,Summer     ,Uttar Pradesh,48817,120432,814.5,8384807.92,18062.29,2.467962963
Maize,2019,Kharif     ,Uttarakhand,21193,40823,1378.9,3640109.68,7841.41,1.706923077
Maize,2019,Summer     ,Uttarakhand,362,491,1378.9,62177.12,133.94,1.7
Maize,2019,Autumn     ,West Bengal,50026,170292,1733.4,8592465.76,18509.62,3.178333333
Maize,2019,Rabi       ,West Bengal,171547,1284319,1733.4,29464912.72,63472.39,4.138235294
Maize,2019,Summer     ,West Bengal,140811,992934,1733.4,24185697.36,52100.07,3.916666667
Maize,2020,Kharif     ,Uttarakhand,19697,41108,1313.947826,3813536.17,7287.89,1.973076923
Maize,2020,Summer     ,Uttarakhand,198,430,1313.947826,38334.78,73.26,2.125
Maize,1997,Kharif     ,Haryana,26000,50000,661.2,2474420,8060,1.9725
Maize,1997,Kharif     ,Nagaland,30000,30000,1398.5,2855100,9300,0.998571429
Maize,1998,Kharif     ,Delhi,165,132,784.5,16302,47.85,0.8
Maize,1999,Kharif     ,Andhra Pradesh,360070,1091197,650.4,38214229.1,97218.9,2.909090909
Maize,1999,Rabi       ,Andhra Pradesh,91938,381497,650.4,9757379.94,24823.26,4.394761905
Maize,1999,Kharif     ,Delhi,58,42,365.9,6155.54,15.66,0.72
Maize,1999,Kharif     ,Jammu and Kashmir,317324,471210,667.1,33677596.12,85677.48,1.288333333
Maize,2000,Kharif     ,Delhi,55,90,544.3,5399.35,14.3,1.64
Maize,2000,Kharif     ,Jammu and Kashmir,330208,525800,989.5,32416519.36,85854.08,1.490833333
Maize,2001,Kharif     ,Delhi,53,95,611.9,5412.89,13.78,1.79
Maize,2001,Kharif     ,Jammu and Kashmir,326476,538070,953.8,33342993.88,84883.76,1.493333333
Maize,2002,Kharif     ,Delhi,94,228,593.6,8898.98,23.5,2.43
Maize,2002,Kharif     ,Jammu and Kashmir,329465,465090,933.2,31190451.55,82366.25,1.3475
Maize,2002,Kharif     ,Uttar Pradesh,755265,836410,664,71500937.55,188816.25,1.069565217
Maize,2002,Rabi       ,Uttar Pradesh,19933,22064,664,1887057.11,4983.25,1.100689655
Maize,2003,Kharif     ,Himachal Pradesh,298467,729571,1112.6,29542263.66,71632.08,2.503333333
Maize,2003,Kharif     ,Jammu and Kashmir,321189,532620,1430.3,31791287.22,77085.36,1.561666667
Maize,2004,Kharif     ,Himachal Pradesh,297887,636294,939.2,32273077.58,62556.27,2.1625
Maize,2004,Kharif     ,Jammu and Kashmir,322699,492270,1032.1,34961209.66,67766.79,1.44
Maize,2004,Autumn     ,Odisha,58692,94954,1290.4,6358691.28,12325.32,1.0572
Maize,2004,Summer     ,Odisha,2071,4226,1290.4,224372.14,434.91,1.267727273
Maize,2004,Winter     ,Odisha,1575,3107,1290.4,170635.5,330.75,1.461538462
Maize,2004,Kharif     ,Uttar Pradesh,841751,1294882,704,91195303.34,176767.71,1.431142857
Maize,2004,Rabi       ,Uttar Pradesh,4156,19263,704,450261.04,872.76,4.646785714
Maize,2005,Kharif     ,Jammu and Kashmir,320924,453450,1721.8,38485206.08,67394.04,1.325833333
Maize,2005,Kharif     ,Uttar Pradesh,810306,1040607,751.9,97171895.52,170164.26,1.291940299
Maize,2006,Kharif     ,Jammu and Kashmir,323598,486900,1786.5,41326700.58,71191.56,1.449166667
Maize,2007,Kharif     ,Delhi,69,126,677.5,9204.6,11.04,1.83
Maize,2007,Kharif     ,Jammu and Kashmir,302441,474484,1042.2,40345629.4,48390.56,1.377
Maize,2008,Kharif     ,Delhi,54,99,614.6,7724.16,4.86,1.83
Maize,2009,Kharif     ,Delhi,48,1054,528.4,7479.36,8.16,21.96
Maize,2009,Kharif     ,Jammu and Kashmir,311022,486988,751.7,48463448.04,52873.74,1.507
Maize,2010,Kharif     ,Delhi,40,878,989.5,6644.4,9.6,21.95
Maize,2011,Kharif     ,Delhi,38,843,641.3954545,6365.76,12.54,22.18
Maize,2011,Kharif     ,Jammu and Kashmir,314034,504995,887.6,52606975.68,103631.22,1.4925
Maize,2012,Kharif     ,Delhi,37,828,451.9,5579.6,11.47,22.38
Maize,2012,Kharif     ,Jammu and Kashmir,310909,512296,1116.7,46885077.2,96381.79,1.407
Maize,2013,Kharif     ,Delhi,37,828,706.8,5346.13,9.99,22.38
Maize,2014,Kharif     ,Delhi,35,783,416.4,5283.6,11.55,22.37
Maize,2014,Kharif     ,Jammu and Kashmir,297496,359960,1278.4,44909996.16,98173.68,1.048421053
Maize,2015,Kharif     ,Delhi,34,174,757.7,5368.94,11.22,5.12
Maize,2015,Kharif     ,Jammu and Kashmir,293858,523609,1572.6,46403116.78,96973.14,1.5905
Maize,2016,Kharif     ,Delhi,34,174,747.1,5210.5,11.9,5.12
Maize,2016,Kharif     ,Jammu and Kashmir,295174,541120,902.8,45235415.5,103310.9,1.6325
Maize,2017,Kharif     ,Delhi,36,174,533.7,5667.84,13.68,4.83
Maize,2017,Kharif     ,Jammu and Kashmir,302516,546169,1279.1,47628119.04,114956.08,1.534
Maize,2018,Kharif     ,Delhi,20,102,678.5,3244,7,5.1
Maize,2018,Kharif     ,Jammu and Kashmir,262353,574380,1016.3,42553656.6,91823.55,1.949
Maize,2019,Kharif     ,Delhi,20,102,546.9,3435.2,7.4,5.1
Maize,2019,Kharif     ,Jammu and Kashmir,268669,541451,1324.1,46146587.44,99407.53,1.8985
Maize,1997,Kharif     ,Manipur,6,23,2053.3,571.02,1.86,4.25
Maize,1998,Autumn     ,Manipur,2960,10090,1855,292448,858.4,2.84
Maize,1999,Kharif     ,Manipur,4340,10710,2092.7,460604.2,1171.8,2.254
Maize,2000,Kharif     ,Manipur,4670,10860,1969.7,458453.9,1214.2,2.55
Maize,2001,Kharif     ,Manipur,5060,10090,2013.1,516777.8,1315.6,2.0125
Maize,2002,Kharif     ,Manipur,3540,8270,1743.7,335131.8,885,2.2
Maize,2004,Kharif     ,Manipur,3220,8900,1613.3,348854.8,676.2,2.5225
Maize,2005,Kharif     ,Manipur,2850,7940,1585.4,341772,598.5,2.56
Maize,2006,Kharif     ,Manipur,3340,8270,1533.561905,426551.4,734.8,2.48
Maize,2007,Kharif     ,Manipur,2960,8450,1435.7,394864,473.6,2.8025
Maize,1997,Kharif     ,Sikkim,39393,55710,2804.1,3749031.81,12211.83,1.425
Maize,1997,Whole Year ,Sikkim,9580,7605,2804.1,911728.6,2969.8,0.7875
Maize,1998,Kharif     ,Sikkim,39463,53840,3183.8,3898944.4,11444.27,0.937142857
Maize,1999,Kharif     ,Sikkim,39093,52834,2678.5,4148940.09,10555.11,1.355
Maize,2000,Kharif     ,Sikkim,39903,59611,2504.8,3917277.51,10374.78,1.49
Maize,2001,Kharif     ,Sikkim,40110,57014,2372.5,4096434.3,10428.6,1.405
Maize,2001,Whole Year ,Sikkim,8000,4000,2372.5,817040,2080,0.5
Maize,2002,Kharif     ,Sikkim,36720,53210,2496.2,3476282.4,9180,1.415
Maize,2002,Whole Year ,Sikkim,6000,3000,2496.2,568020,1500,0.5
Maize,2003,Kharif     ,Sikkim,36700,57050,2838.1,3632566,8808,1.5375
Maize,2004,Kharif     ,Sikkim,36700,58280,1650.5,3976078,7707,1.635
Maize,2005,Kharif     ,Sikkim,25450,61100,2041.6,3051964,5344.5,5.21
Maize,2006,Kharif     ,Sikkim,40850,64890,2270.2,5216953.5,8987,1.605
Maize,2007,Kharif     ,Sikkim,39770,59120,2003.4,5305318,6363.2,1.415
Maize,2008,Kharif     ,Sikkim,39200,65740,2247.5,5607168,3528,1.8
Maize,2009,Kharif     ,Sikkim,39500,64690,2176.6,6154890,6715,1.5875
Maize,2010,Kharif     ,Sikkim,40170,276023,2527,6672638.7,9640.8,5.2675
Maize,2011,Kharif     ,Sikkim,39950,66210,2585.486364,6692424,13183.5,1.6125
Maize,2012,Kharif     ,Sikkim,39970,67950,3006.9,6027476,12390.7,1.66
Maize,2013,Kharif     ,Sikkim,39930,68825,2567.6,5769485.7,10781.1,1.685
Maize,2014,Kharif     ,Sikkim,39880,68890,2627,6020284.8,13160.4,1.69
Maize,2015,Kharif     ,Sikkim,38955,68310,2949.1,6151384.05,12855.15,1.72
Maize,2016,Kharif     ,Sikkim,38498,67992,2971.6,5899818.5,13474.3,1.73
Maize,2017,Kharif     ,Sikkim,38458,67968,2873.6,6054827.52,14614.04,1.7325
Maize,2018,Kharif     ,Sikkim,37778,66789,3350.1,6127591.6,13222.3,1.7325
Maize,2019,Kharif     ,Sikkim,38387,67908,2740,6593351.12,14203.19,1.735
Maize,1998,Kharif     ,Mizoram,8562,16347,2640.7,845925.6,2482.98,2.0175
Maize,1998,Rabi       ,Mizoram,119,242,2640.7,11757.2,34.51,1.74
Maize,1999,Kharif     ,Mizoram,5092,9512,2535.9,540413.96,1374.84,1.7675
Maize,1999,Rabi       ,Mizoram,185,190,2535.9,19634.05,49.95,1.15
Maize,1999,Kharif     ,Tripura,1250,1000,2147.4,132662.5,337.5,0.8025
Maize,2000,Kharif     ,Tripura,1580,1580,2437.5,155108.6,410.8,1
Maize,2001,Kharif     ,Tripura,2080,2080,2284.4,212430.4,540.8,0.99
Maize,2002,Kharif     ,Tripura,2305,2205,2579.8,218214.35,576.25,0.9525
Maize,2003,Kharif     ,Tripura,2240,2150,2487.9,221715.2,537.6,0.9575
Maize,2004,Kharif     ,Mizoram,9785,18257,2640.8,1060106.9,2054.85,2.14125
Maize,2004,Rabi       ,Mizoram,719,1530,2640.8,77896.46,150.99,2.61
Maize,2006,Kharif     ,Mizoram,10436,20219,2353,1332781.56,2295.92,1.885
Maize,2006,Rabi       ,Mizoram,339,750,2353,43293.69,74.58,2.106666667
Maize,2007,Kharif     ,Mizoram,7153,506,3095.2,954210.2,1144.48,0.12375
Maize,2007,Rabi       ,Mizoram,175,223,3095.2,23345,28,1.22
Maize,2008,Kharif     ,Mizoram,9173,8906,1912.1,1312105.92,825.57,0.9125
Maize,2008,Rabi       ,Mizoram,385,412,1912.1,55070.4,34.65,1.884
Maize,2009,Kharif     ,Mizoram,8310,11136,2086.3,1294864.2,1412.7,1.3625
Maize,2009,Rabi       ,Mizoram,241,374,2086.3,37552.62,40.97,1.61
Maize,1998,Kharif     ,Arunachal Pradesh,36244,47022,3616.7,3580907.2,10510.76,1.458461538
Maize,1999,Kharif     ,Arunachal Pradesh,35637,48328,2338.6,3782154.81,9621.99,1.516923077
Maize,2000,Kharif     ,Arunachal Pradesh,38429,52297,2157.7,3772574.93,9991.54,1.478461538
Maize,2001,Kharif     ,Arunachal Pradesh,38577,52511,2128.5,3939869.01,10030.02,1.455384615
Maize,2002,Kharif     ,Arunachal Pradesh,40548,55941,2832.8,3838679.16,10137,1.402
Maize,2003,Kharif     ,Arunachal Pradesh,38605,54510,2782.2,3821122.9,9265.2,1.446666667
Maize,2004,Kharif     ,Arunachal Pradesh,37800,54985,2939.5,4095252,7938,1.495
Maize,2005,Kharif     ,Arunachal Pradesh,41853,57898,2767,5019011.76,8789.13,1.4125
Maize,2006,Kharif     ,Arunachal Pradesh,46281,63524,1940,5910546.51,10181.82,1.439375
Maize,2007,Kharif     ,Arunachal Pradesh,42736,57430,3223.9,5700982.4,6837.76,1.4625
Maize,2008,Kharif     ,Arunachal Pradesh,42897,58830,2244.4,6135986.88,3860.73,1.459375
Maize,2009,Kharif     ,Arunachal Pradesh,43630,60144,1701.9,6798426.6,7417.1,1.47875
Maize,2010,Kharif     ,Arunachal Pradesh,45061,64714,2574.1,7485082.71,10814.64,1.515625
Maize,2011,Kharif     ,Arunachal Pradesh,46500,68500,2193.7,7789680,15345,1.554375
Maize,2012,Kharif     ,Arunachal Pradesh,47486,68192,2760.7,7160888.8,14720.66,1.5375
Maize,2013,Kharif     ,Arunachal Pradesh,47018,68978,2042.9,6793630.82,12694.86,1.607647059
Maize,2014,Kharif     ,Arunachal Pradesh,48000,75000,2403.2,7246080,15840,1.752941176
Maize,2015,Kharif     ,Arunachal Pradesh,48800,75226,2593.2,7706008,16104,1.687
Maize,1997,Kharif     ,Arunachal Pradesh,34504,50025,2274.9,3283745.68,10696.24,1.686923077
Maize,1998,Autumn     ,Odisha,50230,65866,1357.1,4962724,14566.7,0.838846154
Maize,1998,Summer     ,Odisha,276,240,1357.1,27268.8,80.04,0.94125
Maize,1998,Winter     ,Odisha,417,247,1357.1,41199.6,120.93,0.717142857
Maize,2005,Autumn     ,Odisha,56216,85608,1503.4,6741422.72,11805.36,0.9388
Maize,2005,Summer     ,Odisha,1585,3455,1503.4,190073.2,332.85,1.497142857
Maize,2005,Winter     ,Odisha,5786,12841,1503.4,693857.12,1215.06,1.32
Maize,2006,Autumn     ,Odisha,53460,82868,1716.9,6827376.6,11761.2,0.964583333
Maize,2006,Summer     ,Odisha,1916,4497,1716.9,244692.36,421.52,1.6265
Maize,2006,Winter     ,Odisha,5894,15471,1716.9,752722.74,1296.68,1.662857143
Maize,2007,Autumn     ,Odisha,64690,122879,1633.8,8629646,10350.4,1.096923077
Maize,2007,Summer     ,Odisha,2874,6495,1633.8,383391.6,459.84,1.383043478
Maize,2007,Winter     ,Odisha,6505,17797,1633.8,867767,1040.8,1.561333333
Maize,2008,Autumn     ,Odisha,64461,128056,1539,9220501.44,5801.49,1.1028
Maize,2008,Summer     ,Odisha,2249,5960,1539,321696.96,202.41,1.528888889
Maize,2008,Winter     ,Odisha,307,676,1539,43913.28,27.63,1.625333333
Maize,2009,Autumn     ,Odisha,78682,169659,1330.3,12260229.24,13375.94,1.0184
Maize,2009,Summer     ,Odisha,2265,5048,1330.3,352932.3,385.05,1.505217391
Maize,2009,Winter     ,Odisha,211,302,1330.3,32878.02,35.87,1.5675
Maize,2010,Autumn     ,Odisha,111982,284745,1291.9,18601330.02,26875.68,1.3952
Maize,2010,Summer     ,Odisha,4454,12540,1291.9,739853.94,1068.96,1.8296
Maize,2010,Winter     ,Odisha,740,1529,1291.9,122921.4,177.6,1.978666667
Maize,2011,Autumn     ,Odisha,98714,202050,1346.2,16536569.28,32575.62,1.3072
Maize,2011,Summer     ,Odisha,3971,9914,1346.2,665221.92,1310.43,2.039130435
Maize,2011,Winter     ,Odisha,177,227,1346.2,29651.04,58.41,1.776153846
Maize,2012,Autumn     ,Odisha,90572,216990,1430.2,13658257.6,28077.32,1.4536
Maize,2012,Summer     ,Odisha,3578,10000,1430.2,539562.4,1109.18,1.860909091
Maize,2012,Winter     ,Odisha,331,483,1430.2,49914.8,102.61,2.008461538
Maize,2013,Autumn     ,Odisha,91261,252778,1632.4,13186301.89,24640.47,1.566666667
Maize,2013,Summer     ,Odisha,3591,10430,1632.4,518863.59,969.57,1.905454545
Maize,2013,Winter     ,Odisha,278,420,1632.4,40168.22,75.06,1.802222222
Maize,2014,Autumn     ,Odisha,89218,181982,1536.9,13468349.28,29441.94,1.46875
Maize,2014,Summer     ,Odisha,2266,5918,1536.9,342075.36,747.78,2.085
Maize,2014,Winter     ,Odisha,180,302,1536.9,27172.8,59.4,2.656363636
Maize,2015,Autumn     ,Odisha,52843,103999,1210.1,8344438.13,17438.19,1.629130435
Maize,2015,Summer     ,Odisha,2489,6521,1210.1,393037.99,821.37,1.936111111
Maize,2015,Winter     ,Odisha,255,458,1210.1,40267.05,84.15,2.528
Maize,2016,Autumn     ,Odisha,68457,195388,1460.5,10491035.25,23959.95,1.746521739
Maize,2016,Summer     ,Odisha,2589,7542,1460.5,396764.25,906.15,1.770769231
Maize,2016,Winter     ,Odisha,1344,1736,1460.5,205968,470.4,1.541818182
Maize,2017,Autumn     ,Odisha,44436,111619,1344.4,6996003.84,16885.68,1.745714286
Maize,2017,Summer     ,Odisha,2132,5803,1344.4,335662.08,810.16,2.552857143
Maize,2017,Winter     ,Odisha,374,527,1344.4,58882.56,142.12,2.14625
Maize,2018,Autumn     ,Odisha,49126,113342,1635.9,7968237.2,17194.1,1.665652174
Maize,2018,Summer     ,Odisha,2855,7452,1635.9,463081,999.25,2.334615385
Maize,2018,Winter     ,Odisha,67,164,1635.9,10867.4,23.45,2.231
Maize,1998,Kharif     ,Nagaland,30000,37000,1498,2964000,8700,1.225714286
Maize,1997,Kharif     ,Jammu and Kashmir,310883,440900,1356.2,29586735.11,96373.73,1.285
Rice,1997,Autumn     ,Assam,607358,398311,2051.4,57802260.86,188280.98,0.780869565
Rice,1997,Summer     ,Assam,174974,209623,2051.4,16652275.58,54241.94,1.060434783
Rice,1997,Winter     ,Assam,1743321,1647296,2051.4,165911859.6,540429.51,0.941304348
Rice,1997,Kharif     ,Karnataka,1031530,2340493,1266.7,98170710.1,319774.3,2.2335
Rice,1997,Rabi       ,Karnataka,53889,109350,1266.7,5128616.13,16705.59,2.073846154
Rice,1997,Summer     ,Karnataka,268044,762759,1266.7,25509747.48,83093.64,2.829444444
Rice,1997,Kharif     ,Meghalaya,105170,150101,3818.2,10009028.9,32602.7,1.378571429
Rice,1997,Autumn     ,West Bengal,423121,751970,1852.9,40268425.57,131167.51,1.837222222
Rice,1997,Summer     ,West Bengal,1206829,3569520,1852.9,114853915.9,374116.99,2.843888889
Rice,1997,Winter     ,West Bengal,4270328,8915100,1852.9,406407115.8,1323801.68,1.985555556
Rice,1998,Kharif     ,Puducherry,4945,11518,1434.5875,488566,1434.05,2.46
Rice,1998,Rabi       ,Puducherry,13961,30220,1434.5875,1379346.8,4048.69,2.555
Rice,1998,Summer     ,Puducherry,5716,14863,1434.5875,564740.8,1657.64,2.55
Rice,1998,Autumn     ,Assam,594979,520605,2354.4,58783925.2,172543.91,1.055652174
Rice,1998,Summer     ,Assam,223913,446114,2354.4,22122604.4,64934.77,1.685217391
Rice,1998,Winter     ,Assam,1635230,2288114,2354.4,161560724,474216.7,1.395652174
Rice,1998,Kharif     ,Goa,41000,104249,2964.9,4050800,11890,2.54
Rice,1998,Rabi       ,Goa,15439,46925,2964.9,1525373.2,4477.31,3.04
Rice,1998,Kharif     ,Karnataka,1079193,2599170,1260.8,106624268.4,312965.97,2.310740741
Rice,1998,Rabi       ,Karnataka,51782,106072,1260.8,5116061.6,15016.78,2.054285714
Rice,1998,Summer     ,Karnataka,295830,951569,1260.8,29228004,85790.7,2.99375
Rice,1998,Autumn     ,Kerala,120217,235849,3151.5,11877439.6,34862.93,1.856923077
Rice,1998,Summer     ,Kerala,57700,144872,3151.5,5700760,16733,2.116153846
Rice,1998,Winter     ,Kerala,174714,346022,3151.5,17261743.2,50667.06,1.937142857
Rice,1998,Kharif     ,Meghalaya,105402,149742,6552.7,10413717.6,30566.58,1.51
Rice,1998,Autumn     ,West Bengal,425002,740688,2152.5,41990197.6,123250.58,1.751111111
Rice,1998,Summer     ,West Bengal,1450473,4921984,2152.5,143306732.4,420637.17,3.22
Rice,1998,Winter     ,West Bengal,4028620,7653780,2152.5,398027656,1168299.8,1.781666667
Rice,1999,Autumn     ,Assam,557220,514156,2201.8,59137758.6,150449.4,1.094782609
Rice,1999,Summer     ,Assam,294654,653783,2201.8,31271629.02,79556.58,1.990434783
Rice,1999,Winter     ,Assam,1793994,2692709,2201.8,190396583.2,484378.38,1.501304348
Rice,1999,Kharif     ,Goa,40500,96281,3879.3,4298265,10935,2.38
Rice,1999,Rabi       ,Goa,16213,43642,3879.3,1720685.69,4377.51,2.69
Rice,1999,Autumn     ,Kerala,121525,252876,2914.6,12897448.25,32811.75,2.081538462
Rice,1999,Summer     ,Kerala,58021,144551,2914.6,6157768.73,15665.67,2.292857143
Rice,1999,Winter     ,Kerala,170228,373259,2914.6,18066297.64,45961.56,2.097142857
Rice,1999,Kharif     ,Meghalaya,102482,156887,6200.3,10876414.66,27670.14,1.605714286
Rice,1999,Rabi       ,Meghalaya,3929,13846,6200.3,416984.77,1060.83,1.755714286
Rice,1999,Kharif     ,Puducherry,25444,59433,1434.5875,2700371.72,6869.88,2.61
Rice,1999,Autumn     ,West Bengal,427155,827970,2318.1,45333960.15,115331.85,1.868888889
Rice,1999,Summer     ,West Bengal,1474338,4468400,2318.1,156471491.9,398071.26,2.897222222
Rice,1999,Winter     ,West Bengal,4248946,8463310,2318.1,450940639,1147215.42,1.906666667
Rice,2000,Kharif     ,Andhra Pradesh,3003673,8233806,935.6,294870578.4,780954.98,2.7
Rice,2000,Rabi       ,Andhra Pradesh,1239053,4224208,935.6,121637833,322153.78,2.939090909
Rice,2000,Autumn     ,Assam,539665,557764,1965.5,52978913.05,140312.9,1.197826087
Rice,2000,Summer     ,Assam,329255,681027,1965.5,32322963.35,85606.3,1.825217391
Rice,2000,Winter     ,Assam,1777257,2759652,1965.5,174473319.7,462086.82,1.581304348
Rice,2000,Kharif     ,Goa,41000,96568,3886.9,4024970,10660,2.36
Rice,2000,Rabi       ,Goa,16207,45555,3886.9,1591041.19,4213.82,2.81
Rice,2000,Kharif     ,Karnataka,1120549,2792657,1213.3,110004295.3,291342.74,2.357407407
Rice,2000,Rabi       ,Karnataka,52005,106335,1213.3,5105330.85,13521.3,2.064615385
Rice,2000,Summer     ,Karnataka,310892,947744,1213.3,30520267.64,80831.92,2.751304348
Rice,2000,Autumn     ,Kerala,129752,260306,2412.6,12737753.84,33735.52,1.938461538
Rice,2000,Summer     ,Kerala,55258,154606,2412.6,5424677.86,14367.08,2.23
Rice,2000,Winter     ,Kerala,162445,336416,2412.6,15947225.65,42235.7,2.042857143
Rice,2000,Kharif     ,Meghalaya,102657,165907,6258.8,10077837.69,26690.82,1.681428571
Rice,2000,Rabi       ,Meghalaya,4003,13135,6258.8,392974.51,1040.78,1.744285714
Rice,2000,Kharif     ,Puducherry,42779,103606,1434.5875,4199614.43,11122.54,2.605
Rice,2000,Autumn     ,West Bengal,393944,683950,1907.7,38673482.48,102425.44,1.648333333
Rice,2000,Summer     ,West Bengal,1401841,4541328,1907.7,137618731,364478.66,3.021111111
Rice,2000,Winter     ,West Bengal,3639538,7202760,1907.7,357293445.5,946279.88,1.876111111
Rice,2001,Kharif     ,Andhra Pradesh,2426073,6500545,928.4,247774835.5,630778.98,2.627272727
Rice,2001,Rabi       ,Andhra Pradesh,1398674,4889246,928.4,142846575.6,363655.24,3.025909091
Rice,2001,Autumn     ,Assam,495698,487719,1824.7,50625636.74,128881.48,1.120434783
Rice,2001,Summer     ,Assam,325987,653036,1824.7,33293052.31,84756.62,1.806521739
Rice,2001,Winter     ,Assam,1714736,2713493,1824.7,175125987.7,445831.36,1.600434783
Rice,2001,Kharif     ,Goa,32746,79071,2530.6,3344348.98,8513.96,2.41
Rice,2001,Rabi       ,Goa,16637,47452,2530.6,1699136.81,4325.62,2.85
Rice,2001,Kharif     ,Karnataka,1087967,2393946,1002.9,111114069.7,282871.42,2.154814815
Rice,2001,Rabi       ,Karnataka,53480,99699,1002.9,5461912.4,13904.8,1.840714286
Rice,2001,Summer     ,Karnataka,276277,740400,1002.9,28216170.01,71832.02,2.4368
Rice,2001,Autumn     ,Kerala,116540,235838,2946.7,11902230.2,30300.4,1.886923077
Rice,2001,Summer     ,Kerala,43850,105032,2946.7,4478400.5,11401,2.151428571
Rice,2001,Winter     ,Kerala,161978,362634,2946.7,16542813.14,42114.28,2.153571429
Rice,2001,Kharif     ,Meghalaya,107761,188971,4241,11005630.93,28017.86,1.751428571
Rice,2001,Kharif     ,Puducherry,26263,66868,1434.5875,2682240.19,6828.38,2.415
Rice,2001,Autumn     ,West Bengal,353048,731778,1556.6,36056792.24,91792.48,2.094705882
Rice,2001,Summer     ,West Bengal,1366273,4166145,1556.6,139537461.5,355230.98,2.788823529
Rice,2001,Winter     ,West Bengal,3783766,8917625,1556.6,386436021.6,983779.16,2.235294118
Rice,2002,Kharif     ,Andhra Pradesh,2109301,5054013,648.1,199687525.7,527325.25,2.202727273
Rice,2002,Rabi       ,Andhra Pradesh,712766,2272773,648.1,67477557.22,178191.5,2.533636364
Rice,2002,Autumn     ,Assam,464497,444884,1973.6,43973930.99,116124.25,1.076521739
Rice,2002,Summer     ,Assam,327468,622358,1973.6,31001395.56,81867,1.794347826
Rice,2002,Winter     ,Assam,1748715,2670560,1973.6,165550849.1,437178.75,1.545652174
Rice,2002,Kharif     ,Goa,33728,90072,2516.3,3193029.76,8432,2.67
Rice,2002,Rabi       ,Goa,16441,44695,2516.3,1556469.47,4110.25,2.72
Rice,2002,Autumn     ,Kerala,112438,233217,2511.2,10644505.46,28109.5,2.130769231
Rice,2002,Summer     ,Kerala,41079,111850,2511.2,3888948.93,10269.75,2.212142857
Rice,2002,Winter     ,Kerala,157004,343792,2511.2,14863568.68,39251,2.123571429
Rice,2002,Kharif     ,Tamil Nadu,1516537,3577108,315.9,143570557.8,379134.25,2.884642857
Rice,2002,Autumn     ,West Bengal,384965,796652,1629.1,36444636.55,96241.25,2.092777778
Rice,2002,Summer     ,West Bengal,1406078,4198595,1629.1,133113404.3,351519.5,2.747777778
Rice,2002,Winter     ,West Bengal,4051084,9393991,1629.1,383516122.3,1012771,2.221666667
Rice,2003,Kharif     ,Andhra Pradesh,2108904,5841539,826,208739317.9,506136.96,2.670909091
Rice,2003,Rabi       ,Andhra Pradesh,865734,3111263,826,85690351.32,207776.16,2.729090909
Rice,2003,Autumn     ,Assam,441143,430374,2213.7,43664334.14,105874.32,1.118695652
Rice,2003,Summer     ,Assam,319480,573189,2213.7,31622130.4,76675.2,1.493913043
Rice,2003,Winter     ,Assam,1769203,2877371,2213.7,175115712.9,424608.72,1.618695652
Rice,2003,Kharif     ,Goa,35471,115996,3011.6,3510919.58,8513.04,3.27
Rice,2003,Rabi       ,Goa,17330,54665,3011.6,1715323.4,4159.2,3.15
Rice,2003,Kharif     ,Karnataka,944272,2100123,867.6,93464042.56,226625.28,2.133333333
Rice,2003,Rabi       ,Karnataka,54629,158046,867.6,5407178.42,13110.96,2.892
Rice,2003,Summer     ,Karnataka,74998,292230,867.6,7423302.04,17999.52,3.8768
Rice,2003,Autumn     ,Kerala,102770,220132,2386,10172174.6,24664.8,2.140769231
Rice,2003,Summer     ,Kerala,37186,83239,2386,3680670.28,8924.64,1.845
Rice,2003,Winter     ,Kerala,147384,266674,2386,14588068.32,35372.16,1.960714286
Rice,2003,Kharif     ,Meghalaya,109721,200703,3321.3,10860184.58,26333.04,1.798571429
Rice,2003,Kharif     ,Puducherry,25065,67003,1434.5875,2480933.7,6015.6,2.993333333
Rice,2003,Kharif     ,Tamil Nadu,1396651,3222776,345.6,138240516,335196.24,2.728214286
Rice,2003,Autumn     ,West Bengal,339753,719205,1526.7,33628751.94,81540.72,2.131666667
Rice,2003,Summer     ,West Bengal,1390148,4289454,1526.7,137596849,333635.52,2.879444444
Rice,2003,Winter     ,West Bengal,4126706,9653580,1526.7,408461359.9,990409.44,2.283333333
Rice,2004,Kharif     ,Karnataka,1055061,2627561,1117.7,114305308.7,221562.81,2.37
Rice,2004,Rabi       ,Karnataka,43861,144235,1117.7,4751900.74,9210.81,3.388666667
Rice,2004,Summer     ,Karnataka,209257,935326,1117.7,22670903.38,43943.97,4.251666667
Rice,2004,Autumn     ,Kerala,105349,241824,2880.2,11413510.66,22123.29,2.271538462
Rice,2004,Summer     ,Kerala,35732,89752,2880.2,3871204.88,7503.72,2.256923077
Rice,2004,Winter     ,Kerala,148893,335529,2880.2,16131067.62,31267.53,2.175714286
Rice,2004,Autumn     ,Meghalaya,32667,37766,4767.9,3539142.78,6860.07,1.492857143
Rice,2004,Summer     ,Meghalaya,9224,37439,4767.9,999328.16,1937.04,2.078333333
Rice,2004,Winter     ,Meghalaya,69659,118514,4767.9,7546856.06,14628.39,1.792857143
Rice,2004,Kharif     ,Tamil Nadu,1872822,5061622,1034,202901535.5,393292.62,3.015172414
Rice,2005,Kharif     ,Andhra Pradesh,2526108,6376990,1075.5,302930871.4,530482.68,2.549090909
Rice,2005,Rabi       ,Andhra Pradesh,1455643,5326634,1075.5,174560708.6,305685.03,3.132272727
Rice,2005,Autumn     ,Assam,398316,398077,2184.6,47766054.72,83646.36,1.132222222
Rice,2005,Summer     ,Assam,314671,559969,2184.6,37735346.32,66080.91,1.637692308
Rice,2005,Winter     ,Assam,1707340,2594392,2184.6,204744212.8,358541.4,1.502592593
Rice,2005,Kharif     ,Karnataka,1075993,2770413,1316.2,129033080.6,225958.53,2.50962963
Rice,2005,Rabi       ,Karnataka,44944,97483,1316.2,5389684.48,9438.24,2.2675
Rice,2005,Summer     ,Karnataka,364244,1131350,1316.2,43680140.48,76491.24,3.0144
Rice,2005,Autumn     ,Kerala,98256,212520,3030.9,11782859.52,20633.76,2.096923077
Rice,2005,Summer     ,Kerala,21857,59733,3030.9,2621091.44,4589.97,2.345714286
Rice,2005,Winter     ,Kerala,155629,357734,3030.9,18663029.68,32682.09,2.189285714
Rice,2005,Autumn     ,Meghalaya,32678,43762,3374.4,3918745.76,6862.38,1.597142857
Rice,2005,Summer     ,Meghalaya,9791,39910,3374.4,1174136.72,2056.11,2.245
Rice,2005,Winter     ,Meghalaya,63602,124605,3374.4,7627151.84,13356.42,1.971428571
Rice,2005,Kharif     ,Tamil Nadu,2050455,5209433,1364.1,245890563.6,430595.55,2.895517241
Rice,2005,Autumn     ,West Bengal,288129,605612,1650.1,34552429.68,60507.09,2.116111111
Rice,2005,Summer     ,West Bengal,1381957,4047038,1650.1,165724283.4,290210.97,2.767222222
Rice,2005,Winter     ,West Bengal,4112863,9858092,1650.1,493214531,863701.23,2.317222222
Rice,2006,Kharif     ,Puducherry,5010,13285,1434.5875,639827.1,1102.2,2.64
Rice,2006,Rabi       ,Puducherry,12061,33581,1434.5875,1540310.31,2653.42,4.05
Rice,2006,Summer     ,Puducherry,4574,13942,1434.5875,584145.54,1006.28,3.05
Rice,2006,Autumn     ,Meghalaya,32679,44736,2454.7,4173435.09,7189.38,1.641428571
Rice,2006,Rabi       ,Meghalaya,9854,39940,2454.7,1258454.34,2167.88,2.077142857
Rice,2006,Winter     ,Meghalaya,61752,115533,2454.7,7886347.92,13585.44,1.852857143
Rice,2006,Kharif     ,Andhra Pradesh,2640870,6949186,845.2,337265507.7,580991.4,2.689090909
Rice,2006,Rabi       ,Andhra Pradesh,1337020,4922944,845.2,170750824.2,294144.4,3.036818182
Rice,2006,Autumn     ,Assam,379441,335708,1774.9,48458410.11,83477.02,1.028148148
Rice,2006,Summer     ,Assam,312471,630162,1774.9,39905671.41,68743.62,1.837037037
Rice,2006,Winter     ,Assam,1504647,1950144,1774.9,192158468.4,331022.34,1.269259259
Rice,2006,Kharif     ,Karnataka,1066981,2723038,1146.3,136264143.5,234735.82,2.428148148
Rice,2006,Rabi       ,Karnataka,44063,99796,1146.3,5627285.73,9693.86,2.335333333
Rice,2006,Summer     ,Karnataka,284632,822692,1146.3,36350352.72,62619.04,2.6825
Rice,2006,Autumn     ,Kerala,83859,191241,3429.7,10709632.89,18448.98,2.270769231
Rice,2006,Summer     ,Kerala,35946,103571,3429.7,4590663.66,7908.12,2.497857143
Rice,2006,Winter     ,Kerala,143724,346763,3429.7,18354992.04,31619.28,2.286428571
Rice,2006,Kharif     ,Tamil Nadu,1931397,6610607,927.9,246658710.9,424907.34,3.584827586
Rice,2006,Autumn     ,West Bengal,283859,575294,1631.4,36251632.89,62448.98,2.001111111
Rice,2006,Summer     ,West Bengal,1401233,4520656,1631.4,178951466.4,308271.26,3.028888889
Rice,2006,Winter     ,West Bengal,4001936,9649942,1631.4,511087246.6,880425.92,2.291666667
Rice,2007,Kharif     ,Puducherry,4379,12878,1434.5875,584158.6,700.64,2.986666667
Rice,2007,Rabi       ,Puducherry,11411,28051,1434.5875,1522227.4,1825.76,3.02
Rice,2007,Summer     ,Puducherry,4647,12395,1434.5875,619909.8,743.52,2.21
Rice,2007,Autumn     ,Assam,354115,347992,2154.1,47238941,56658.4,1.082592593
Rice,2007,Summer     ,Assam,322889,731851,2154.1,43073392.6,51662.24,2.085925926
Rice,2007,Winter     ,Assam,1646992,2238765,2154.1,219708732.8,263518.72,1.36962963
Rice,2007,Kharif     ,Karnataka,1051466,2791181,1323.3,140265564.4,168234.56,2.567586207
Rice,2007,Rabi       ,Karnataka,40325,86756,1323.3,5379355,6452,2.255333333
Rice,2007,Summer     ,Karnataka,324525,990578,1323.3,43291635,51924,2.846923077
Rice,2007,Autumn     ,Kerala,77533,168108,3489.6,10342902.2,12405.28,2.07
Rice,2007,Summer     ,Kerala,45447,109277,3489.6,6062629.8,7271.52,2.335714286
Rice,2007,Winter     ,Kerala,105958,251103,3489.6,14134797.2,16953.28,2.252857143
Rice,2007,Kharif     ,Tamil Nadu,1789170,5039954,1067.2,238675278,286267.2,3.213793103
Rice,2007,Autumn     ,West Bengal,281618,565825,2007.5,37567841.2,45058.88,1.956111111
Rice,2007,Summer     ,West Bengal,1511593,4926105,2007.5,201646506.2,241854.88,3.048888889
Rice,2007,Winter     ,West Bengal,3926544,9227590,2007.5,523800969.6,628247.04,2.261666667
Rice,2008,Kharif     ,Puducherry,4493,12290,1434.5875,642678.72,404.37,3
Rice,2008,Rabi       ,Puducherry,11306,24163,1434.5875,1617210.24,1017.54,2.82
Rice,2008,Summer     ,Puducherry,4981,14263,1434.5875,712482.24,448.29,2.125
Rice,2008,Kharif     ,Andhra Pradesh,2803076,8379635,944.6,400951991,252276.84,2.913636364
Rice,2008,Rabi       ,Andhra Pradesh,1584140,5861498,944.6,226595385.6,142572.6,3.236818182
Rice,2008,Autumn     ,Assam,350649,374010,2109.9,50156832.96,31558.41,1.117777778
Rice,2008,Summer     ,Assam,360266,768582,2109.9,51532448.64,32423.94,1.951153846
Rice,2008,Winter     ,Assam,1773211,2865843,2109.9,253640101.4,159588.99,1.607407407
Rice,2008,Kharif     ,Karnataka,1129883,2906761,1164.1,161618464.3,101689.47,2.513448276
Rice,2008,Rabi       ,Karnataka,40982,89072,1164.1,5862065.28,3688.38,2.514166667
Rice,2008,Summer     ,Karnataka,343122,1035706,1164.1,49080170.88,30880.98,2.786923077
Rice,2008,Autumn     ,Kerala,79381,192770,2524.8,11354658.24,7144.29,2.295384615
Rice,2008,Summer     ,Kerala,49762,148370,2524.8,7117956.48,4478.58,2.446428571
Rice,2008,Winter     ,Kerala,105122,249101,2524.8,15036650.88,9460.98,2.260714286
Rice,2008,Autumn     ,Meghalaya,32570,41908,3114.3,4658812.8,2931.3,1.53
Rice,2008,Summer     ,Meghalaya,12752,46600,3114.3,1824046.08,1147.68,2.154285714
Rice,2008,Winter     ,Meghalaya,62723,115354,3114.3,8971897.92,5645.07,1.802857143
Rice,2008,Kharif     ,Tamil Nadu,1931603,5183385,1201.9,276296493.1,173844.27,3.562580645
Rice,2008,Autumn     ,West Bengal,292444,604968,1560.1,41831189.76,26319.96,2.04
Rice,2008,Summer     ,West Bengal,1556662,4358011,1560.1,222664932.5,140099.58,2.646666667
Rice,2008,Winter     ,West Bengal,4086590,10074261,1560.1,584545833.6,367793.1,2.393888889
Rice,2009,Kharif     ,Puducherry,4650,13501,1434.5875,724563,790.5,2.893333333
Rice,2009,Rabi       ,Puducherry,11178,25378,1434.5875,1741755.96,1900.26,2.903333333
Rice,2009,Summer     ,Puducherry,5098,13451,1434.5875,794370.36,866.66,1.965
Rice,2009,Kharif     ,Andhra Pradesh,2062870,5956396,711,321436403.4,350687.9,2.790909091
Rice,2009,Rabi       ,Andhra Pradesh,1377866,4881871,711,214699080.1,234237.22,3.098636364
Rice,2009,Autumn     ,Assam,340830,334655,1727.1,53108130.6,57941.1,1.070740741
Rice,2009,Summer     ,Assam,394442,859790,1727.1,61461952.44,67055.14,1.903703704
Rice,2009,Winter     ,Assam,1762324,3213979,1727.1,274605325.7,299595.08,1.780740741
Rice,2009,Kharif     ,Karnataka,1102221,2734838,1321,171748076.2,187377.57,2.397931034
Rice,2009,Rabi       ,Karnataka,37747,84636,1321,5881737.54,6416.99,2.416666667
Rice,2009,Summer     ,Karnataka,346510,1057933,1321,53993188.2,58906.7,2.806923077
Rice,2009,Autumn     ,Kerala,77249,192050,2821.5,12036939.18,13132.33,2.303076923
Rice,2009,Summer     ,Kerala,49279,134005,2821.5,7678653.78,8377.43,2.385
Rice,2009,Winter     ,Kerala,107485,272284,2821.5,16748312.7,18272.45,2.286428571
Rice,2009,Autumn     ,Meghalaya,32560,41798,2995.9,5073499.2,5535.2,1.542857143
Rice,2009,Summer     ,Meghalaya,12777,46943,2995.9,1990912.14,2172.09,2.171428571
Rice,2009,Winter     ,Meghalaya,62825,115388,2995.9,9789391.5,10680.25,1.802857143
Rice,2009,Kharif     ,Tamil Nadu,1845553,5665258,928.5,287574068.5,313744.01,3.539677419
Rice,2010,Kharif     ,Puducherry,4384,12602,1434.5875,728226.24,1052.16,2.673333333
Rice,2010,Rabi       ,Puducherry,10920,26585,1434.5875,1813921.2,2620.8,3.446666667
Rice,2010,Summer     ,Puducherry,4710,12773,1434.5875,782378.1,1130.4,2.7
Rice,2010,Autumn     ,Assam,307988,355825,2578.5,51159886.68,73917.12,1.272592593
Rice,2010,Summer     ,Assam,398785,1027575,2578.5,66242176.35,95708.4,2.342222222
Rice,2010,Winter     ,Assam,1830682,3649129,2578.5,304094587,439363.68,1.958888889
Rice,2010,Kharif     ,Andhra Pradesh,2921793,7509866,1297,485339035.2,701230.32,2.666818182
Rice,2010,Rabi       ,Andhra Pradesh,1829516,6909447,1297,303900902.8,439083.84,3.325909091
Rice,2010,Kharif     ,Karnataka,1129304,3192746,1317.7,187588687.4,271032.96,2.654
Rice,2010,Rabi       ,Karnataka,49700,117501,1317.7,8255667,11928,2.668333333
Rice,2010,Summer     ,Karnataka,360062,1163725,1317.7,59809898.82,86414.88,2.935714286
Rice,2010,Autumn     ,Kerala,70498.28,170262,3131.8,11710469.29,16919.5872,2.236923077
Rice,2010,Summer     ,Kerala,51132.63,137465,3131.8,8493641.169,12271.8312,2.48
Rice,2010,Winter     ,Kerala,91555.59,215011,3131.8,15208299.05,21973.3416,2.202142857
Rice,2010,Autumn     ,Meghalaya,32596,42492,3119.7,5414521.56,7823.04,1.53
Rice,2010,Rabi       ,Meghalaya,12797,47413,3119.7,2125709.67,3071.28,2.077142857
Rice,2010,Winter     ,Meghalaya,62892,117116,3119.7,10446990.12,15094.08,1.828571429
Rice,2011,Kharif     ,Puducherry,4237,12794,1434.5875,709782.24,1398.21,3.046666667
Rice,2011,Rabi       ,Puducherry,10324,23489,1434.5875,1729476.48,3406.92,2.856666667
Rice,2011,Summer     ,Puducherry,2015,5831,1434.5875,337552.8,664.95,2.49
Rice,2011,Autumn     ,Assam,276486,338015,1743.4,46316934.72,91240.38,1.268518519
Rice,2011,Summer     ,Assam,393619,1080072,1743.4,65939054.88,129894.27,2.489615385
Rice,2011,Winter     ,Assam,1875601,3297591,1743.4,314200679.5,618948.33,1.797037037
Rice,2011,Kharif     ,Andhra Pradesh,2873949,8563334,861.9,481443936.5,948403.17,2.909090909
Rice,2011,Rabi       ,Andhra Pradesh,1221899,4328458,861.9,204692520.5,403226.67,3.031818182
Rice,2011,Kharif     ,Karnataka,1117720,3218289,1178.986364,187240454.4,368847.6,2.702666667
Rice,2011,Rabi       ,Karnataka,43192,94196,1178.986364,7235523.84,14253.36,2.378181818
Rice,2011,Summer     ,Karnataka,255223,869134,1178.986364,42754956.96,84223.59,2.931428571
Rice,2011,Autumn     ,Kerala,68134.83,171662,3035.1,11413946.72,22484.4939,2.301538462
Rice,2011,Summer     ,Kerala,47290.01,149217,3035.1,7922022.475,15605.7033,2.7
Rice,2011,Winter     ,Kerala,92734.9,248114,3035.1,15534950.45,30602.517,2.426428571
Rice,2011,Autumn     ,Meghalaya,32605,43401,4083.104545,5461989.6,10759.65,1.511428571
Rice,2011,Rabi       ,Meghalaya,12836,54206,4083.104545,2150286.72,4235.88,2.07
Rice,2011,Winter     ,Meghalaya,63434,125124,4083.104545,10626463.68,20933.22,1.91
Rice,2011,Kharif     ,Tamil Nadu,1903772,7458657,926.5,318919885.4,628244.76,4.226451613
Rice,2012,Kharif     ,Andhra Pradesh,2487000,7167000,968.7,375039600,770970,2.969545455
Rice,2012,Rabi       ,Andhra Pradesh,1141000,4344000,968.7,172062800,353710,3.243636364
Rice,2012,Autumn     ,Assam,238178,308745,2167.5,35917242.4,73835.18,1.291481481
Rice,2012,Summer     ,Assam,389140,1155877,2167.5,58682312,120633.4,2.7724
Rice,2012,Winter     ,Assam,1857410,3655430,2167.5,280097428,575797.1,1.968888889
Rice,2012,Kharif     ,Karnataka,1048427,2667359,956.2,158102791.6,325012.37,2.418333333
Rice,2012,Rabi       ,Karnataka,45326,109309,956.2,6835160.8,14051.06,2.394615385
Rice,2012,Summer     ,Karnataka,185162,587711,956.2,27922429.6,57400.22,2.747777778
Rice,2012,Autumn     ,Kerala,63232,161083,2187.6,9535385.6,19601.92,2.41
Rice,2012,Summer     ,Kerala,47294,134609,2187.6,7131935.2,14661.14,2.482142857
Rice,2012,Winter     ,Kerala,86751,212607,2187.6,13082050.8,26892.81,2.355
Rice,2012,Autumn     ,Meghalaya,33000,66000,2945.3,4976400,10230,2.232857143
Rice,2012,Rabi       ,Meghalaya,13267,56786,2945.3,2000663.6,4112.77,2.13
Rice,2012,Winter     ,Meghalaya,63484,142867,2945.3,9573387.2,19680.04,2.118571429
Rice,2013,Kharif     ,Andhra Pradesh,1705555,4356822,1062.3,246435642,460499.85,2.715384615
Rice,2013,Rabi       ,Andhra Pradesh,877885,3636603,1062.3,126845603.7,237028.95,3.408461538
Rice,2013,Autumn     ,Assam,223332,294440,1797.7,32269240.68,60299.64,1.386296296
Rice,2013,Summer     ,Assam,399132,1189858,1797.7,57670582.68,107765.64,2.655925926
Rice,2013,Winter     ,Assam,1880737,3709081,1797.7,271747689.1,507798.99,1.982592593
Rice,2013,Kharif     ,Goa,28330,80114,3642.6,4093401.7,7649.1,2.82
Rice,2013,Rabi       ,Goa,14490,46397,3642.6,2093660.1,3912.3,3.205
Rice,2013,Kharif     ,Karnataka,1035111,3057894,1235.6,149563188.4,279479.97,2.792666667
Rice,2013,Rabi       ,Karnataka,40896,102639,1235.6,5909063.04,11041.92,2.545833333
Rice,2013,Summer     ,Karnataka,264028,892066,1235.6,38149405.72,71287.56,3.022962963
Rice,2013,Autumn     ,Kerala,51922,141234,3255.4,7502209.78,14018.94,2.416923077
Rice,2013,Summer     ,Kerala,46865,137477,3255.4,6771523.85,12653.55,2.673571429
Rice,2013,Winter     ,Kerala,100824,285614,3255.4,14568059.76,27222.48,2.506428571
Rice,2013,Autumn     ,Meghalaya,22569,48727,2448.4,3260994.81,6093.63,2.448571429
Rice,2013,Rabi       ,Meghalaya,13444,58685,2448.4,1942523.56,3629.88,2.396363636
Rice,2013,Winter     ,Meghalaya,46424,111289,2448.4,6707803.76,12534.48,2.238571429
Rice,2013,Kharif     ,Tamil Nadu,1725730,7115195,740.9,249350727.7,465947.1,4.491935484
Rice,2014,Kharif     ,Andhra Pradesh,1634921,5097447,687.6,246807674.2,539523.93,3.184615385
Rice,2014,Rabi       ,Andhra Pradesh,759034,3358137,687.6,114583772.6,250481.22,3.541538462
Rice,2014,Autumn     ,Assam,196188,280693,1899,29616540.48,64742.04,1.531481481
Rice,2014,Summer     ,Assam,416353,1224046,1899,62852648.88,137396.49,2.613076923
Rice,2014,Winter     ,Assam,1882756,3717906,1899,284220845.8,621309.48,1.977777778
Rice,2014,Kharif     ,Goa,27840,81269,3491.2,4202726.4,9187.2,2.925
Rice,2014,Rabi       ,Goa,14130,39236,3491.2,2133064.8,4662.9,2.775
Rice,2014,Kharif     ,Karnataka,1000025,3057611,1238.5,150963774,330008.25,2.812333333
Rice,2014,Rabi       ,Karnataka,48096,118479,1238.5,7260572.16,15871.68,2.493846154
Rice,2014,Summer     ,Karnataka,278414,851657,1238.5,42029377.44,91876.62,2.852
Rice,2014,Autumn     ,Kerala,63981,161477,3046.4,9658571.76,21113.73,2.215384615
Rice,2014,Summer     ,Kerala,45188,146165,3046.4,6821580.48,14912.04,2.801428571
Rice,2014,Winter     ,Kerala,88990,254450,3046.4,13433930.4,29366.7,2.500714286
Rice,2014,Autumn     ,Meghalaya,33102,76631,3484.4,4997077.92,10923.66,2.507272727
Rice,2014,Rabi       ,Meghalaya,13620,62687,3484.4,2056075.2,4494.6,2.505454545
Rice,2014,Winter     ,Meghalaya,63601,158920,3484.4,9601206.96,20988.33,2.319090909
Rice,2014,Kharif     ,Tamil Nadu,1794991,7949437,911.3,270971841.4,592347.03,4.730322581
Rice,2015,Kharif     ,Andhra Pradesh,1398884,4115558,940.7,220897772.4,461631.72,3.091538462
Rice,2015,Rabi       ,Andhra Pradesh,761911,3402713,940.7,120313366,251430.63,3.671538462
Rice,2015,Kharif     ,Puducherry,3817,12250,1980.6,602742.47,1259.61,2.273333333
Rice,2015,Rabi       ,Puducherry,8505,19587,1980.6,1343024.55,2806.65,2.47
Rice,2015,Summer     ,Puducherry,3941,12049,1980.6,622323.31,1300.53,2.225
Rice,2015,Autumn     ,Assam,191322,256729,2155.3,30211657.02,63136.26,1.398888889
Rice,2015,Summer     ,Assam,404982,1141336,2155.3,63950707.62,133644.06,2.488076923
Rice,2015,Winter     ,Assam,1888683,3727039,2155.3,298241932.5,623265.39,1.965925926
Rice,2015,Autumn     ,Meghalaya,33136,77453,3870.8,5232505.76,10934.88,2.551818182
Rice,2015,Rabi       ,Meghalaya,13649,62901,3870.8,2155313.59,4504.17,2.557272727
Rice,2015,Winter     ,Meghalaya,63670,160722,3870.8,10054129.7,21011.1,2.347272727
Rice,2015,Kharif     ,Goa,27730,78489,2587.1,4378844.3,9150.9,2.83
Rice,2015,Rabi       ,Goa,13614,36579,2587.1,2149786.74,4492.62,2.76
Rice,2015,Kharif     ,Karnataka,977005,2641669,1024.9,154278859.5,322411.65,2.525666667
Rice,2015,Rabi       ,Karnataka,29329,71420,1024.9,4631342.39,9678.57,2.456428571
Rice,2015,Summer     ,Karnataka,103711,307524,1024.9,16377004.01,34224.63,2.785769231
Rice,2015,Autumn     ,Kerala,60418,160894,2602.9,9540606.38,19937.94,2.327692308
Rice,2015,Summer     ,Kerala,47334,144706,2602.9,7474511.94,15620.22,2.67
Rice,2015,Winter     ,Kerala,89118,243675,2602.9,14072623.38,29408.94,2.370714286
Rice,2015,Kharif     ,Tamil Nadu,2000212,7374681,1201.9,315853476.9,660069.96,4.061290323
Rice,2016,Kharif     ,Andhra Pradesh,1519656,5233690,890,232887282,531879.6,3.361538462
Rice,2016,Rabi       ,Andhra Pradesh,585363,2768647,890,89706879.75,204877.05,3.727692308
Rice,2016,Kharif     ,Puducherry,3693,13151,1391.3,565952.25,1292.55,3.24
Rice,2016,Rabi       ,Puducherry,8412,23024,1391.3,1289139,2944.2,3.436666667
Rice,2016,Summer     ,Puducherry,4100,15989,1391.3,628325,1435,2.535
Rice,2016,Autumn     ,Assam,168044,228206,2296.8,25752743,58815.4,1.405185185
Rice,2016,Summer     ,Assam,408132,1131872,2296.8,62546229,142846.2,2.412692308
Rice,2016,Winter     ,Assam,1890960,3767357,2296.8,289789620,661836,1.996666667
Rice,2016,Autumn     ,Meghalaya,33646,78965,3837.1,5156249.5,11776.1,2.552727273
Rice,2016,Rabi       ,Meghalaya,13670,63373,3837.1,2094927.5,4784.5,2.573636364
Rice,2016,Winter     ,Meghalaya,63862,162180,3837.1,9786851.5,22351.7,2.359090909
Rice,2016,Kharif     ,Goa,27630,77109,3266.9,4234297.5,9670.5,2.795
Rice,2016,Rabi       ,Goa,13193,36118,3266.9,2021827.25,4617.55,2.745
Rice,2016,Kharif     ,Karnataka,942025,2611754,1147.2,144365331.3,329708.75,2.529666667
Rice,2016,Rabi       ,Karnataka,18686,49615,1147.2,2863629.5,6540.1,2.525333333
Rice,2016,Summer     ,Karnataka,73832,212837,1147.2,11314754,25841.2,2.852692308
Rice,2016,Autumn     ,Kerala,56601,167181,2924.3,8674103.25,19810.35,2.524615385
Rice,2016,Summer     ,Kerala,42544,127905,2924.3,6519868,14890.4,2.534285714
Rice,2016,Winter     ,Kerala,72253,141397,2924.3,11072772.25,25288.55,2.102142857
Rice,2016,Kharif     ,Tamil Nadu,1442841,3554113,912.4,221115383.3,504994.35,3.068387097
Rice,2017,Kharif     ,Andhra Pradesh,1476928,4941933,868.2,232527544.3,561232.64,3.25
Rice,2017,Rabi       ,Andhra Pradesh,741258,3519409,868.2,116703659.5,281678.04,3.887692308
Rice,2017,Kharif     ,Puducherry,4325,15281,1582.4,680928,1643.5,3.256666667
Rice,2017,Rabi       ,Puducherry,8749,25188,1582.4,1377442.56,3324.62,3.27
Rice,2017,Summer     ,Puducherry,4297,15518,1582.4,676519.68,1632.86,2.85
Rice,2017,Autumn     ,Assam,154511,209349,2098.563636,24326211.84,58714.18,1.418148148
Rice,2017,Summer     ,Assam,400402,1191244,2098.563636,63039290.88,152152.76,2.704615385
Rice,2017,Winter     ,Assam,1878798,3883120,2098.563636,295797957.1,713943.24,2.063703704
Rice,2017,Autumn     ,Meghalaya,33575,78848,4472.3,5286048,12758.5,2.551818182
Rice,2017,Rabi       ,Meghalaya,13683,63428,4472.3,2154251.52,5199.54,2.576363636
Rice,2017,Winter     ,Meghalaya,63883,162272,4472.3,10057739.52,24275.54,2.36
Rice,2017,Kharif     ,Goa,27219,71279,2772.5,4285359.36,10343.22,2.635
Rice,2017,Rabi       ,Goa,11301,31718,2772.5,1779229.44,4294.38,2.855
Rice,2017,Kharif     ,Karnataka,737547,2123100,1111.7,116119399.7,280267.86,2.9
Rice,2017,Rabi       ,Karnataka,30634,81726,1111.7,4823016.96,11640.92,2.773076923
Rice,2017,Summer     ,Karnataka,224744,702645,1111.7,35383695.36,85402.72,3.063703704
Rice,2017,Autumn     ,Kerala,58278,148913,2664.8,9175288.32,22145.64,2.217692308
Rice,2017,Summer     ,Kerala,49693,153463,2664.8,7823665.92,18883.34,2.733571429
Rice,2017,Winter     ,Kerala,81115,218934,2664.8,12770745.6,30823.7,2.483571429
Rice,2017,Autumn     ,Tamil Nadu,235255,906616,970.9,37038547.2,89396.9,3.967857143
Rice,2017,Summer     ,Tamil Nadu,276272,1234550,970.9,43496263.68,104983.36,4.451428571
Rice,2017,Winter     ,Tamil Nadu,1317338,4497284,970.9,207401694.7,500588.44,4.139
Rice,2018,Kharif     ,Andhra Pradesh,1563887,5243250,1220.5,253662471.4,547360.45,3.263846154
Rice,2018,Rabi       ,Andhra Pradesh,644417,2991289,1220.5,104524437.4,225545.95,3.699230769
Rice,2018,Kharif     ,Puducherry,4298,16082,1693.9,697135.6,1504.3,3.373333333
Rice,2018,Rabi       ,Puducherry,9048,30635,1693.9,1467585.6,3166.8,3.976666667
Rice,2018,Summer     ,Puducherry,4515,16626,1693.9,732333,1580.25,2.885
Rice,2018,Autumn     ,Assam,144766,209122,2372.9,23481045.2,50668.1,1.492592593
Rice,2018,Summer     ,Assam,400873,1145512,2372.9,65021600.6,140305.55,2.645
Rice,2018,Winter     ,Assam,1879539,4082738,2372.9,304861225.8,657838.65,2.15
Rice,2018,Autumn     ,Meghalaya,33494,78214,5649.1,5432726.8,11722.9,2.545454545
Rice,2018,Rabi       ,Meghalaya,13624,63050,5649.1,2209812.8,4768.4,2.569090909
Rice,2018,Winter     ,Meghalaya,63814,161706,5649.1,10350630.8,22334.9,2.352727273
Rice,2018,Kharif     ,Goa,25841,70272,4406,4191410.2,9044.35,2.72
Rice,2018,Rabi       ,Goa,10543,28582,4406,1710074.6,3690.05,2.72
Rice,2018,Kharif     ,Karnataka,1037158,2949318,1419.1,168227027.6,363005.3,2.637
Rice,2018,Rabi       ,Karnataka,11442,28334,1419.1,1855892.4,4004.7,2.480833333
Rice,2018,Summer     ,Karnataka,150993,484330,1419.1,24491064.6,52847.55,2.9272
Rice,2018,Autumn     ,Kerala,60718.46,101943,2989.7,9848534.212,21251.461,1.565384615
Rice,2018,Summer     ,Kerala,48858.28,196784,2989.7,7924813.016,17100.398,3.09
Rice,2018,Winter     ,Kerala,88449.47,279529,2989.7,14346504.03,30957.3145,2.684285714
Rice,2018,Autumn     ,Tamil Nadu,279647,1198496,986.2,45358743.4,97876.45,4.184827586
Rice,2018,Summer     ,Tamil Nadu,236904,992095,986.2,38425828.8,82916.4,3.997333333
Rice,2018,Winter     ,Tamil Nadu,1204714,3940959,986.2,195404610.8,421649.9,3.749032258
Rice,2019,Kharif     ,Andhra Pradesh,1526425,5342033,899.2,262178758,564777.25,3.517692308
Rice,2019,Rabi       ,Andhra Pradesh,829557,3798058,899.2,142484710.3,306936.09,3.873076923
Rice,2019,Kharif     ,Puducherry,4323,15171,1317,742518.48,1599.51,3.216666667
Rice,2019,Rabi       ,Puducherry,9397,28114,1317,1614028.72,3476.89,3.883333333
Rice,2019,Summer     ,Puducherry,4518,16060,1317,776011.68,1671.66,3.55
Rice,2019,Autumn     ,Assam,127223,193215,2084.7,21851822.48,47072.51,1.464814815
Rice,2019,Summer     ,Assam,395518,1025571,2084.7,67934171.68,146341.66,2.492307692
Rice,2019,Winter     ,Assam,1878208,3996018,2084.7,322601006.1,694936.96,2.137037037
Rice,2019,Autumn     ,Meghalaya,33480,78074,3844.4,5750524.8,12387.6,2.510909091
Rice,2019,Rabi       ,Meghalaya,13628,63081,3844.4,2340745.28,5042.36,2.57
Rice,2019,Winter     ,Meghalaya,63889,162321,3844.4,10973574.64,23638.93,2.36
Rice,2019,Kharif     ,Goa,24411,60556,4489.5,4192833.36,9032.07,2.475
Rice,2019,Rabi       ,Goa,10287,29819,4489.5,1766895.12,3806.19,2.95
Rice,2019,Kharif     ,Karnataka,964087,3088937,1422.3,165591583.1,356712.19,2.924
Rice,2019,Rabi       ,Karnataka,11266,31038,1422.3,1935048.16,4168.42,2.881428571
Rice,2019,Summer     ,Karnataka,272701,827998,1422.3,46839123.76,100899.37,2.86862069
Rice,2019,Autumn     ,Kerala,55895,145076,3119.2,9600525.2,20681.15,1.949230769
Rice,2019,Summer     ,Kerala,61006,212586,3119.2,10478390.56,22572.22,2.815714286
Rice,2019,Winter     ,Kerala,81279,247879,3119.2,13960481.04,30073.23,2.503571429
Rice,2019,Autumn     ,Tamil Nadu,206535,847692,910.1,35474451.6,76417.95,4.077241379
Rice,2019,Summer     ,Tamil Nadu,339990,1463054,910.1,58396682.4,125796.3,4.095
Rice,2019,Winter     ,Tamil Nadu,1360882,4954415,910.1,233745092.3,503526.34,3.818387097
Rice,1997,Kharif     ,Andhra Pradesh,2382500,5218300,927.5,226742525,738575,1.99173913
Rice,1997,Rabi       ,Andhra Pradesh,1117700,3291700,927.5,106371509,346487,2.64
Rice,1997,Autumn     ,Bihar,749671,892725,1303.7,71346189.07,232398.01,1.102244898
Rice,1997,Summer     ,Bihar,124429,236446,1303.7,11841907.93,38572.99,1.683265306
Rice,1997,Winter     ,Bihar,4238204,6004120,1303.7,403349874.7,1313843.24,1.354363636
Rice,1997,Whole Year ,Gujarat,672600,1042300,798.9,64011342,208506,1.665
Rice,1997,Kharif     ,Maharashtra,1339000,2330000,1156.1,127432630,415090,8.778275862
Rice,1997,Summer     ,Maharashtra,329,646,1156.1,31310.93,101.99,2.018888889
Rice,1997,Whole Year ,Mizoram,68114,110573,2644.2,6482409.38,21115.34,1.6
Rice,1997,Kharif     ,Punjab,2281000,7904000,690.1,217082770,707110,3.476470588
Rice,1997,Kharif     ,Uttar Pradesh,5726527,12262794,473.9,544993574.6,1775223.37,2.037
Rice,1997,Summer     ,Uttar Pradesh,6607,18281,473.9,628788.19,2048.17,2.202903226
Rice,1998,Kharif     ,Andhra Pradesh,2812400,7005800,1048.3,277865120,815596,2.47
Rice,1998,Rabi       ,Andhra Pradesh,1504200,4872200,1048.3,148614960,436218,2.986086957
Rice,1998,Summer     ,Bihar,132836,270992,1332.5,13124196.8,38522.44,1.765777778
Rice,1998,Winter     ,Bihar,4234443,5722449,1332.5,418362968.4,1227988.47,1.242909091
Rice,1998,Kharif     ,Gujarat,622100,1015900,775.6,61463480,180409,1.695384615
Rice,1998,Kharif     ,Haryana,1086694,2432000,687.6,107365367.2,315141.26,2.286666667
Rice,1998,Kharif     ,Himachal Pradesh,82125,116997,1381.6,8113950,23816.25,1.455454545
Rice,1998,Kharif     ,Madhya Pradesh,5438800,3346300,962.7,537353440,1577252,0.586785714
Rice,1998,Kharif     ,Maharashtra,1445700,2395100,1314.8,142835160,419253,1.267241379
Rice,1998,Summer     ,Maharashtra,37400,72500,1314.8,3695120,10846,2.053333333
Rice,1998,Kharif     ,Punjab,2519000,7940000,588.6,248877200,730510,3.099411765
Rice,1998,Kharif     ,Tamil Nadu,2386399,8215286,1077.1,235776221.2,692055.71,3.445
Rice,1998,Kharif     ,Tripura,255487,491430,2472.9,25242115.6,74091.23,1.8775
Rice,1998,Kharif     ,Uttar Pradesh,5875153,11374070,743.4,580465116.4,1703794.37,1.865060241
Rice,1998,Summer     ,Uttar Pradesh,5629,12643,743.4,556145.2,1632.41,2.015172414
Rice,1999,Kharif     ,Bihar,744230,862282,1402.7,78985129.9,200942.1,1.061666667
Rice,1999,Summer     ,Bihar,124874,246807,1402.7,13252877.62,33715.98,1.700666667
Rice,1999,Kharif     ,Gujarat,664400,984900,458.9,70512772,179388,1.510714286
Rice,1999,Kharif     ,Haryana,1083052,2563000,344,114944308.8,292424.04,2.235
Rice,1999,Kharif     ,Himachal Pradesh,80222,120365,1144.9,8513960.86,21659.94,1.55
Rice,1999,Kharif     ,Karnataka,1096198,2678951,1203.8,116339493.7,295973.46,2.292962963
Rice,1999,Rabi       ,Karnataka,52778,107289,1203.8,5601329.14,14250.06,2.079285714
Rice,1999,Summer     ,Karnataka,300820,930490,1203.8,31926026.6,81221.4,2.7336
Rice,1999,Kharif     ,Madhya Pradesh,5514025,6663769,1222.9,585203473.3,1488786.75,1.110508475
Rice,1999,Kharif     ,Maharashtra,1457100,2466400,1166.5,154642023,393417,1.211935484
Rice,1999,Summer     ,Maharashtra,41400,82900,1166.5,4393782,11178,2.081
Rice,1999,Kharif     ,Nagaland,148000,222000,1782.2,15707240,39960,1.484285714
Rice,1999,Autumn     ,Odisha,797000,743000,1484.3,84585610,215190,0.971333333
Rice,1999,Summer     ,Odisha,381810,912040,1484.3,40521495.3,103088.7,2.073333333
Rice,1999,Winter     ,Odisha,3423000,3532000,1484.3,363282990,924210,1.142666667
Rice,1999,Kharif     ,Punjab,2604000,8716000,364.4,276362520,703080,3.332352941
Rice,1999,Kharif     ,Tamil Nadu,2204046,7225373,922.8,233915402,595092.42,3.499642857
Rice,1999,Kharif     ,Uttar Pradesh,6079822,13230539,883.4,645251508.9,1641551.94,1.991707317
Rice,1999,Summer     ,Uttar Pradesh,6052,16186,883.4,642298.76,1634.04,2.190384615
Rice,2000,Autumn     ,Bihar,2939790,4444354,1207,288599184.3,764345.4,1.399189189
Rice,2000,Kharif     ,Bihar,591705,786858,1207,58087679.85,153843.3,1.310645161
Rice,2000,Summer     ,Bihar,125349,213158,1207,12305511.33,32590.74,1.590645161
Rice,2000,Kharif     ,Chhattisgarh,3769746,2369295,896.4,370075964.8,980133.96,0.6575
Rice,2000,Kharif     ,Gujarat,583500,472600,379.7,57282195,151710,0.8725
Rice,2000,Summer     ,Gujarat,3900,10700,379.7,382863,1014,3.53
Rice,2000,Kharif     ,Haryana,1054282,2695000,383.7,103498863.9,274113.32,2.443157895
Rice,2000,Kharif     ,Himachal Pradesh,81519,124893,1068.4,8002720.23,21194.94,1.55
Rice,2000,Kharif     ,Madhya Pradesh,1697346,975274,723.3,166628456.8,441309.96,0.613555556
Rice,2000,Kharif     ,Maharashtra,1486400,1879200,1057.8,145919888,386464,0.9865625
Rice,2000,Summer     ,Maharashtra,25100,50500,1057.8,2464067,6526,1.987
Rice,2000,Kharif     ,Mizoram,51839,103673,2834.3,5089034.63,13478.14,1.8875
Rice,2000,Kharif     ,Nagaland,150000,230000,1631.8,14725500,39000,1.5025
Rice,2000,Rabi       ,Nagaland,1680,3330,1631.8,164925.6,436.8,1.98
Rice,2000,Autumn     ,Odisha,854570,464250,1066,83893136.9,222188.2,0.733666667
Rice,2000,Summer     ,Odisha,206730,441540,1066,20294684.1,53749.8,1.685333333
Rice,2000,Winter     ,Odisha,3372220,3707590,1066,331050837.4,876777.2,1.020666667
Rice,2000,Kharif     ,Punjab,2611000,9154000,405.3,256321870,678860,3.501764706
Rice,2000,Kharif     ,Tamil Nadu,2113344,7217903,971.1,207466980.5,549469.44,3.611785714
Rice,2000,Kharif     ,Uttar Pradesh,5904128,11672250,874.4,579608245.8,1535073.28,1.894782609
Rice,2000,Summer     ,Uttar Pradesh,3023,6899,874.4,296767.91,785.98,2.083181818
Rice,2000,Kharif     ,Uttarakhand,285545,579074,1413.4,28031952.65,74241.7,1.649230769
Rice,2000,Rabi       ,Uttarakhand,3062,9578,1413.4,300596.54,796.12,3.125
Rice,2001,Autumn     ,Bihar,2844474,4354156,1247,290506129.6,739563.24,1.409189189
Rice,2001,Kharif     ,Bihar,126106,243661,1247,12879205.78,32787.56,1.792903226
Rice,2001,Summer     ,Bihar,593959,703404,1247,60661032.67,154429.34,1.098275862
Rice,2001,Kharif     ,Chhattisgarh,3810112,5073721,1550,389126738.6,990629.12,1.34375
Rice,2001,Kharif     ,Gujarat,664000,1028700,666.5,67814320,172640,1.533571429
Rice,2001,Summer     ,Gujarat,3800,11500,666.5,388094,988,2.935
Rice,2001,Kharif     ,Haryana,1027505,2726000,483.8,104939085.6,267151.3,2.645555556
Rice,2001,Kharif     ,Himachal Pradesh,80579,137418,918.1,8229533.27,20950.54,1.654545455
Rice,2001,Kharif     ,Madhya Pradesh,1766150,1685799,955,180376899.5,459199,0.849333333
Rice,2001,Kharif     ,Maharashtra,1487200,2590400,1035.8,151887736,386672,1.261875
Rice,2001,Summer     ,Maharashtra,26800,60800,1035.8,2737084,6968,2.192
Rice,2001,Kharif     ,Mizoram,55880,105713,2406.4,5707024.4,14528.8,1.825
Rice,2001,Kharif     ,Nagaland,155000,235000,1532,15830150,40300,1.485
Rice,2001,Rabi       ,Nagaland,1500,2000,1532,153195,390,1.76
Rice,2001,Kharif     ,Odisha,4500000,7220000,1672.5,459585000,1170000,1.583666667
Rice,2001,Kharif     ,Punjab,2487000,8816000,479.3,253997310,646620,3.517058824
Rice,2001,Kharif     ,Tamil Nadu,2059878,6583630,481.3,210375340.1,535568.28,3.532857143
Rice,2001,Kharif     ,Uttar Pradesh,6068496,12849116,849.9,619775496.5,1577808.96,2.016086957
Rice,2001,Summer     ,Uttar Pradesh,2829,6741,849.9,288925.77,735.54,2.097777778
Rice,2001,Kharif     ,Uttarakhand,280816,567662,1541.3,28679738.08,73012.16,1.608461538
Rice,2001,Rabi       ,Uttarakhand,3761,11855,1541.3,384110.93,977.86,2.2625
Rice,2002,Autumn     ,Bihar,583274,682933,1105.8,55218549.58,145818.5,1.060714286
Rice,2002,Summer     ,Bihar,120354,197607,1105.8,11393913.18,30088.5,1.625517241
Rice,2002,Winter     ,Bihar,2881073,4205026,1105.8,272751180.9,720268.25,1.345945946
Rice,2002,Kharif     ,Chhattisgarh,3777661,2634853,1001.4,357631166.9,944415.25,0.710625
Rice,2002,Kharif     ,Gujarat,469000,541700,458.4,44400230,117250,1.209230769
Rice,2002,Summer     ,Gujarat,11800,54700,458.4,1117106,2950,4.53
Rice,2002,Kharif     ,Haryana,905651,2468000,353.9,85737980.17,226412.75,2.495
Rice,2002,Kharif     ,Himachal Pradesh,83273,85653,890.8,7883454.91,20818.25,1.133636364
Rice,2002,Kharif     ,Karnataka,1030464,2103709,860.8,97554026.88,257616,2.035185185
Rice,2002,Rabi       ,Karnataka,50456,102312,860.8,4776669.52,12614,2.000666667
Rice,2002,Summer     ,Karnataka,73863,184064,860.8,6992610.21,18465.75,2.378
Rice,2002,Kharif     ,Madhya Pradesh,1671107,1024930,800.8,158203699.7,417776.75,0.608
Rice,2002,Kharif     ,Maharashtra,1496800,1793000,967.4,141702056,374200,0.8903125
Rice,2002,Summer     ,Maharashtra,26500,61100,967.4,2508755,6625,2.288
Rice,2002,Kharif     ,Meghalaya,107742,190937,4355.3,10199935.14,26935.5,1.767142857
Rice,2002,Kharif     ,Mizoram,57067,109205,2627,5402532.89,14266.75,1.89
Rice,2002,Kharif     ,Nagaland,150000,223400,1536.6,14200500,37500,1.46375
Rice,2002,Kharif     ,Odisha,4273000,3278000,1102.8,404524910,1068250,0.753333333
Rice,2002,Kharif     ,Punjab,2530000,8880000,301.8,239515100,632500,3.438823529
Rice,2002,Kharif     ,Uttarakhand,271219,511526,1610.3,25676302.73,67804.75,1.461538462
Rice,2002,Rabi       ,Uttarakhand,4090,11649,1610.3,387200.3,1022.5,2.8
Rice,2002,Autumn     ,Jharkhand,136359.61,89082,1041.2,12909164.28,34089.9025,1.516666667
Rice,2002,Winter     ,Jharkhand,922658.68,974008,1041.2,87348097.24,230664.67,1.062222222
Rice,2003,Autumn     ,Bihar,553904,688189,1353.9,54825417.92,132936.96,1.141666667
Rice,2003,Kharif     ,Bihar,190236,270831,1353.9,18829559.28,45656.64,1.42
Rice,2003,Summer     ,Bihar,116885,169902,1353.9,11569277.3,28052.4,1.324642857
Rice,2003,Winter     ,Bihar,2907199,4589705,1353.9,287754557,697727.76,1.456315789
Rice,2003,Kharif     ,Chhattisgarh,3828992,5567644,1643.7,378993628.2,918958.08,1.4375
Rice,2003,Kharif     ,Delhi,6549,17909,962.3,648220.02,1571.76,2.73
Rice,2003,Kharif     ,Gujarat,651400,1193200,902.5,64475572,156336,1.7125
Rice,2003,Summer     ,Gujarat,23900,83800,902.5,2365622,5736,3.565714286
Rice,2003,Kharif     ,Haryana,1015191,2790000,592.3,100483605.2,243645.84,2.733333333
Rice,2003,Autumn     ,Jharkhand,614160.1,418254,1258.3,60789566.7,147398.424,0.74
Rice,2003,Winter     ,Jharkhand,1437560.59,1525099,1258.3,142289747.2,345014.5416,0.998636364
Rice,2003,Kharif     ,Madhya Pradesh,1708583,1743430,1163,169115545.3,410059.92,0.997916667
Rice,2003,Kharif     ,Maharashtra,1500400,2768600,1037.4,148509592,360096,1.232258065
Rice,2003,Summer     ,Maharashtra,29500,65500,1037.4,2919910,7080,2.217
Rice,2003,Kharif     ,Manipur,157830,381240,687.7,15622013.4,37879.2,2.305555556
Rice,2003,Kharif     ,Mizoram,59196,114630,2499.5,5859220.08,14207.04,1.925
Rice,2003,Kharif     ,Nagaland,155000,220990,1709.8,15341900,37200,1.36
Rice,2003,Rabi       ,Nagaland,1000,2000,1709.8,98980,240,1.945
Rice,2003,Kharif     ,Odisha,4501000,6801000,1648.2,445508980,1080240,1.516333333
Rice,2003,Kharif     ,Punjab,2614000,9656000,451.7,258733720,627360,3.678235294
Rice,2003,Kharif     ,Uttar Pradesh,5719933,12476923,1075.6,566158968.3,1372783.92,2.066285714
Rice,2003,Summer     ,Uttar Pradesh,7839,18016,1075.6,775904.22,1881.36,2.1595
Rice,2003,Kharif     ,Uttarakhand,271671,520831,1734.3,26889995.58,65201.04,1.640769231
Rice,2003,Summer     ,Uttarakhand,5655,21126,1734.3,559731.9,1357.2,3.66
Rice,2004,Kharif     ,Andhra Pradesh,2215067,6392717,781.8,239980358.8,465164.07,2.720454545
Rice,2004,Rabi       ,Andhra Pradesh,871135,3208328,781.8,94378765.9,182938.35,2.83
Rice,2004,Autumn     ,Assam,436244,286330,2536.9,47262674.96,91611.24,0.802173913
Rice,2004,Summer     ,Assam,311437,610136,2536.9,33741084.58,65401.77,1.764347826
Rice,2004,Winter     ,Assam,1636050,2574284,2536.9,177249657,343570.5,1.551304348
Rice,2004,Autumn     ,Bihar,534477,477325,1147.8,57905238.18,112240.17,0.788148148
Rice,2004,Summer     ,Bihar,116220,166198,1147.8,12591274.8,24406.2,1.437407407
Rice,2004,Winter     ,Bihar,2489419,1828633,1147.8,269703654.5,522777.99,0.647105263
Rice,2004,Kharif     ,Chhattisgarh,3843825,4586818,1122.8,416440000.5,807203.25,1.160625
Rice,2004,Kharif     ,Delhi,8431,28216,651.9,913414.54,1770.51,3.35
Rice,2004,Kharif     ,Gujarat,665600,1157300,719.8,72111104,139776,1.730666667
Rice,2004,Summer     ,Gujarat,13800,39200,719.8,1495092,2898,2.68625
Rice,2004,Kharif     ,Haryana,1024236,3010000,484.6,110965728.2,215089.56,2.832777778
Rice,2004,Kharif     ,Madhya Pradesh,1675513,1302615,895.7,181525078.4,351857.73,0.803541667
Rice,2004,Kharif     ,Maharashtra,1488200,2098200,1052,161231588,312522,1.022903226
Rice,2004,Summer     ,Maharashtra,20500,49000,1052,2220970,4305,2.463
Rice,2004,Kharif     ,Nagaland,153000,259750,1711.5,16576020,32130,1.65625
Rice,2004,Rabi       ,Nagaland,1000,2000,1711.5,108340,210,1.99
Rice,2004,Kharif     ,Punjab,2800000,10437000,366.4,303352000,588000,3.788823529
Rice,2004,Kharif     ,Tripura,256076,602221,2706.3,27743273.84,53775.96,2.24
Rice,2004,Kharif     ,Uttarakhand,281464,537876,1219.6,30493809.76,59107.44,1.592307692
Rice,2004,Summer     ,Uttarakhand,7511,22367,1219.6,813741.74,1577.31,2.975
Rice,2004,Autumn     ,Jharkhand,153608.9,105328,1149.2,16641988.23,32257.869,0.714
Rice,2004,Winter     ,Jharkhand,980642.41,901045,1149.2,106242798.7,205934.9061,0.85
Rice,2004,Autumn     ,West Bengal,320822,653044,1612.9,34757855.48,67372.62,2.037222222
Rice,2004,Summer     ,West Bengal,1376387,4257111,1612.9,149117767.6,289041.27,2.857777778
Rice,2004,Winter     ,West Bengal,4086404,9974734,1612.9,442721009.4,858144.84,2.336111111
Rice,2005,Autumn     ,Bihar,533233,503448,907.8,63945301.36,111978.93,0.962666667
Rice,2005,Summer     ,Bihar,113251,182827,907.8,13581059.92,23782.71,1.304583333
Rice,2005,Winter     ,Bihar,2604752,3023010,907.8,312361859.8,546997.92,1.035263158
Rice,2005,Kharif     ,Chhattisgarh,3854352,5267537,1292.7,462213891.8,809413.92,1.30375
Rice,2005,Kharif     ,Delhi,7506,21092,653.1,900119.52,1576.26,2.81
Rice,2005,Kharif     ,Gujarat,648300,1209300,942.4,77744136,136143,1.843125
Rice,2005,Summer     ,Gujarat,24600,74300,942.4,2950032,5166,3.054444444
Rice,2005,Kharif     ,Haryana,1046588,3194000,516.9,125506833,219783.48,2.940526316
Rice,2005,Kharif     ,Himachal Pradesh,79366,112139,1248.1,9517570.72,16666.86,1.396363636
Rice,2005,Kharif     ,Madhya Pradesh,1700446,1687475,1032.7,203917484.3,357093.66,0.881041667
Rice,2005,Kharif     ,Maharashtra,1473700,2596800,1387.2,176726104,309477,1.215666667
Rice,2005,Summer     ,Maharashtra,38800,72200,1387.2,4652896,8148,2.007
Rice,2005,Whole Year ,Mizoram,56460,107740,2075.4,6770683.2,11856.6,1.9425
Rice,2005,Kharif     ,Nagaland,155500,261300,1568.6,18647560,32655,1.6425
Rice,2005,Rabi       ,Nagaland,900,1800,1568.6,107928,189,2.06
Rice,2005,Kharif     ,Punjab,2642000,10193000,566.7,316828640,554820,3.820588235
Rice,2005,Kharif     ,Tripura,253067,602947,1765.9,30347794.64,53144.07,2.305
Rice,2005,Kharif     ,Uttarakhand,275459,526520,1353.3,33033043.28,57846.39,1.62
Rice,2005,Summer     ,Uttarakhand,8971,42646,1353.3,1075802.32,1883.91,3.89
Rice,2005,Autumn     ,Jharkhand,149362.86,77860,965.2,17911594.17,31366.2006,0.557857143
Rice,2005,Winter     ,Jharkhand,954735.25,536165,965.2,114491851.2,200494.4025,0.531363636
Rice,2006,Autumn     ,Bihar,517983,530242,1052.8,66151608.93,113956.26,0.962413793
Rice,2006,Summer     ,Bihar,109436,163989,1052.8,13976071.56,24075.92,1.45173913
Rice,2006,Winter     ,Bihar,2736591,4333716,1052.8,349490036.6,602050.02,1.482702703
Rice,2006,Kharif     ,Chhattisgarh,3905319,5441525,1317.2,498748289.5,859170.18,1.247222222
Rice,2006,Kharif     ,Delhi,7381,20815,462.7,942627.51,1623.82,2.82
Rice,2006,Kharif     ,Gujarat,655600,1045200,1056.2,83726676,144232,1.601875
Rice,2006,Summer     ,Gujarat,33700,96000,1056.2,4303827,7414,2.855555556
Rice,2006,Kharif     ,Haryana,1042036,3371000,329.3,133078417.6,229247.92,2.8545
Rice,2006,Kharif     ,Himachal Pradesh,79206,123485,1207,10115398.26,17425.32,1.750909091
Rice,2006,Kharif     ,Madhya Pradesh,1674013,1389269,1072.3,213788200.2,368282.86,0.856666667
Rice,2006,Kharif     ,Maharashtra,1491300,2488600,1439.4,190453923,328086,1.166333333
Rice,2006,Summer     ,Maharashtra,38000,81100,1439.4,4852980,8360,2.176
Rice,2006,Kharif     ,Nagaland,163680,261920,1362.5,20903572.8,36009.6,1.595
Rice,2006,Rabi       ,Nagaland,1000,1600,1362.5,127710,220,1.605
Rice,2006,Kharif     ,Punjab,2621000,10138000,569.6,334727910,576620,3.75
Rice,2006,Kharif     ,Tripura,250939,628200,1764.3,32047419.69,55206.58,2.4225
Rice,2006,Kharif     ,Uttar Pradesh,5902577,11082993,590.5,753818108.7,1298566.94,1.846
Rice,2006,Summer     ,Uttar Pradesh,18175,40620,590.5,2321129.25,3998.5,1.995
Rice,2006,Kharif     ,Uttarakhand,273662,540128,1178.9,34949374.02,60205.64,1.645384615
Rice,2006,Rabi       ,Uttarakhand,9923,31208,1178.9,1267266.33,2183.06,3.145
Rice,2006,Autumn     ,Jharkhand,183635.05,254351,1465.1,23452032.24,40399.711,1.274545455
Rice,2006,Winter     ,Jharkhand,995583.37,1175595,1465.1,127145952.2,219028.3414,1.208181818
Rice,2007,Kharif     ,Andhra Pradesh,2578000,8191000,1004.2,343905200,412480,3.094545455
Rice,2007,Rabi       ,Andhra Pradesh,1406000,5133000,1004.2,187560400,224960,3.159090909
Rice,2007,Autumn     ,Bihar,524266,318517,1600.2,69937084.4,83882.56,0.617
Rice,2007,Summer     ,Bihar,110440,172291,1600.2,14732696,17670.4,1.416666667
Rice,2007,Winter     ,Bihar,2842665,3967956,1600.2,379211511,454826.4,1.260789474
Rice,2007,Kharif     ,Chhattisgarh,3902881,5634972,1246.2,520644325.4,624460.96,1.393888889
Rice,2007,Kharif     ,Gujarat,726000,1376300,1021.6,96848400,116160,1.8325
Rice,2007,Summer     ,Gujarat,32600,97900,1021.6,4348840,5216,3.043333333
Rice,2007,Kharif     ,Haryana,1072545,3606000,443.8,143077503,171607.2,3.191578947
Rice,2007,Kharif     ,Himachal Pradesh,78571,121453,1095.4,10481371.4,12571.36,1.686363636
Rice,2007,Kharif     ,Madhya Pradesh,1634912,1325175,740.4,218097260.8,261585.92,0.875
Rice,2007,Kharif     ,Maharashtra,1535300,2912800,1257.2,204809020,245648,1.377241379
Rice,2007,Summer     ,Maharashtra,41400,98700,1257.2,5522760,6624,2.486
Rice,2007,Autumn     ,Meghalaya,32604,37918,4702,4349373.6,5216.64,1.498571429
Rice,2007,Summer     ,Meghalaya,11546,48132,4702,1540236.4,1847.36,2.022857143
Rice,2007,Winter     ,Meghalaya,62170,114027,4702,8293478,9947.2,1.812857143
Rice,2007,Kharif     ,Nagaland,166000,308800,1769,22144400,26560,1.8275
Rice,2007,Rabi       ,Nagaland,1500,2500,1769,200100,240,1.66
Rice,2007,Kharif     ,Punjab,2610000,10489000,527.2,348174000,417600,3.968
Rice,2007,Kharif     ,Tripura,252897,640424,2831.8,33736459.8,40463.52,2.4375
Rice,2007,Kharif     ,Uttar Pradesh,5690539,11731754,672.9,759117902.6,910486.24,1.962
Rice,2007,Summer     ,Uttar Pradesh,18849,48358,672.9,2514456.6,3015.84,2.152142857
Rice,2007,Kharif     ,Uttarakhand,259805,523203,1924.3,34657987,41568.8,1.709230769
Rice,2007,Summer     ,Uttarakhand,12364,41864,1924.3,1649357.6,1978.24,3.423333333
Rice,2007,Autumn     ,Jharkhand,183323.17,163692,1444.7,24455310.88,29331.7072,0.899047619
Rice,2007,Winter     ,Jharkhand,1014731.14,1306932,1444.7,135365134.1,162356.9824,1.306363636
Rice,2008,Autumn     ,Bihar,546872,727414,1197.7,78224570.88,49218.48,1.230344828
Rice,2008,Summer     ,Bihar,105526,178240,1197.7,15094439.04,9497.34,1.641
Rice,2008,Winter     ,Bihar,2842875,4684328,1197.7,406644840,255858.75,1.545789474
Rice,2008,Kharif     ,Chhattisgarh,3928815,4707499,1117.9,561977697.6,353593.35,1.198333333
Rice,2008,Kharif     ,Gujarat,722100,1225500,746.1,103289184,64989,1.615294118
Rice,2008,Summer     ,Gujarat,25200,77400,746.1,3604608,2268,2.921111111
Rice,2008,Kharif     ,Haryana,1211149,3299000,715.6,173242753,109003.41,2.569
Rice,2008,Kharif     ,Himachal Pradesh,77709,118277,1357.1,11115495.36,6993.81,1.6
Rice,2008,Kharif     ,Madhya Pradesh,1706557,1571103,895,244105913.3,153590.13,0.911020408
Rice,2008,Kharif     ,Maharashtra,1499500,2234300,1052.8,214488480,134955,1.170740741
Rice,2008,Summer     ,Maharashtra,22000,53200,1052.8,3146880,1980,2.421111111
Rice,2008,Kharif     ,Manipur,210990,518250,1134.8,30180009.6,18989.1,2.134444444
Rice,2008,Kharif     ,Nagaland,173100,345090,1540.9,24760224,15579,1.964545455
Rice,2008,Kharif     ,Punjab,2735000,11000000,691.3,391214400,246150,3.9855
Rice,2008,Kharif     ,Tripura,242966,627175,1827.8,34753856.64,21866.94,2.525
Rice,2008,Kharif     ,Uttar Pradesh,6011761,13051365,891.6,859922293.4,541058.49,2.124428571
Rice,2008,Summer     ,Uttar Pradesh,21621,45666,891.6,3092667.84,1945.89,2.095
Rice,2008,Kharif     ,Uttarakhand,275711,528524,1363.7,39437701.44,24813.99,1.627692308
Rice,2008,Summer     ,Uttarakhand,12654,39797,1363.7,1810028.16,1138.86,3.1
Rice,2008,Autumn     ,Jharkhand,188422.33,162674,1295.2,26951930.08,16958.0097,0.868695652
Rice,2008,Winter     ,Jharkhand,1008437.16,1333906,1295.2,144246851.4,90759.3444,1.39125
Rice,2009,Autumn     ,Bihar,525890,471321,889.3,81944179.8,89401.3,0.905666667
Rice,2009,Summer     ,Bihar,95682,176656,889.3,14909169.24,16265.94,1.492083333
Rice,2009,Winter     ,Bihar,2502458,2992233,889.3,389933005.6,425417.86,1.105526316
Rice,2009,Kharif     ,Chhattisgarh,3837610,4347316,956.9,597976390.2,652393.7,1.106666667
Rice,2009,Kharif     ,Gujarat,658500,1228400,618,102607470,111945,1.693529412
Rice,2009,Summer     ,Gujarat,21000,64600,618,3272220,3570,3.034444444
Rice,2009,Kharif     ,Haryana,1206435,3628000,393,187986701.7,205093.95,2.673809524
Rice,2009,Kharif     ,Himachal Pradesh,76186,105787,969.9,11871302.52,12951.62,1.484545455
Rice,2009,Kharif     ,Maharashtra,1450000,2138100,1002.4,225939000,246500,1.106071429
Rice,2009,Summer     ,Maharashtra,20600,47700,1002.4,3209892,3502,2.251111111
Rice,2009,Kharif     ,Manipur,113890,265090,992.5,17746339.8,19361.3,1.923333333
Rice,2009,Kharif     ,Nagaland,168570,240310,1225.9,26266577.4,28656.9,1.393636364
Rice,2009,Kharif     ,Punjab,2802000,11236000,371.3,436607640,476340,3.9775
Rice,2009,Kharif     ,Tripura,245538,640010,2004.2,38259731.16,41741.46,2.5225
Rice,2009,Kharif     ,Uttar Pradesh,5148046,10714990,585.8,802168527.7,875167.82,2.00971831
Rice,2009,Summer     ,Uttar Pradesh,24695,61514,585.8,3847974.9,4198.15,2.13
Rice,2009,Kharif     ,Uttarakhand,270608,551716,847.8,42166138.56,46003.36,1.613846154
Rice,2009,Rabi       ,Uttarakhand,13775,39300,847.8,2146420.5,2341.75,2.85
Rice,2009,Autumn     ,Jharkhand,157262,87970,996.1,24504564.84,26734.54,0.515217391
Rice,2009,Winter     ,Jharkhand,825787,504508,996.1,128674130.3,140383.79,0.58625
Rice,2009,Autumn     ,West Bengal,214062,466766,1317.2,33355140.84,36390.54,2.095
Rice,2009,Summer     ,West Bengal,1429703,4275871,1317.2,222776321.5,243049.51,2.79
Rice,2009,Winter     ,West Bengal,3986330,9597968,1317.2,621149940.6,677676.1,2.346111111
Rice,2009,Whole Year ,Madhya Pradesh,1593071,1355660,904.1,248232323.2,270822.07,0.906041667
Rice,2010,Autumn     ,Bihar,495218,444042,629.2,82260661.98,118852.32,0.919642857
Rice,2010,Summer     ,Bihar,84465,163031,629.2,14030481.15,20271.6,1.827916667
Rice,2010,Winter     ,Bihar,2265685,2505545,629.2,376352935.3,543764.4,0.979210526
Rice,2010,Kharif     ,Chhattisgarh,3937796,6637737,1283.1,654107293.6,945071.04,1.702222222
Rice,2010,Kharif     ,Gujarat,728300,1423800,1107.5,120977913,174792,1.8275
Rice,2010,Summer     ,Gujarat,79800,242000,1107.5,13255578,19152,2.987777778
Rice,2010,Kharif     ,Haryana,1243281,3465000,639.2,206521406.9,298387.44,2.561428571
Rice,2010,Kharif     ,Himachal Pradesh,75426,110238,1319.8,12529012.86,18102.24,1.561818182
Rice,2010,Kharif     ,Madhya Pradesh,1573535,1766596,856.3,261379898.8,377648.4,1.211666667
Rice,2010,Kharif     ,Maharashtra,1486200,2625100,1389,246872682,356688,1.3116
Rice,2010,Summer     ,Maharashtra,29500,65800,1389,4900245,7080,2.388888889
Rice,2010,Kharif     ,Manipur,212680,480240,2160.5,35328274.8,51043.2,1.945555556
Rice,2010,Autumn     ,Mizoram,28562,26499,2738.7,4744433.82,6854.88,0.92625
Rice,2010,Kharif     ,Mizoram,12123,20697,2738.7,2013751.53,2909.52,1.495
Rice,2010,Rabi       ,Mizoram,7,6,2738.7,1162.77,1.68,0.86
Rice,2010,Kharif     ,Nagaland,180060,378210,1771.8,29909766.6,43214.4,2.051818182
Rice,2010,Rabi       ,Nagaland,1330,3150,1771.8,220926.3,319.2,2.38
Rice,2010,Kharif     ,Punjab,2831000,10837000,392.7,470257410,679440,3.834
Rice,2010,Kharif     ,Tamil Nadu,1905726,5792415,1095.2,316560145.9,457374.24,3.597419355
Rice,2010,Kharif     ,Tripura,264558,702473,2348.3,43945729.38,63493.92,2.5725
Rice,2010,Kharif     ,Uttar Pradesh,5631949,11938078,742.6,935523048.4,1351667.76,2.052916667
Rice,2010,Summer     ,Uttar Pradesh,25121,54221,742.6,4172849.31,6029.04,2.032222222
Rice,2010,Kharif     ,Uttarakhand,270416,495083,1419,44918801.76,64899.84,1.540769231
Rice,2010,Rabi       ,Uttarakhand,15277,50503,1419,2537662.47,3666.48,2.25
Rice,2010,Kharif     ,Jammu and Kashmir,261347,507404,1352,43412350.17,62723.28,1.874
Rice,2010,Autumn     ,West Bengal,212132,453439,1096,35237246.52,50911.68,2.081666667
Rice,2010,Summer     ,West Bengal,1369892,4506848,1096,227552760.1,328774.08,3.123888889
Rice,2010,Winter     ,West Bengal,3362122,8429323,1096,558482085.4,806909.28,2.487222222
Rice,2011,Autumn     ,Bihar,570397,914228,1097.1,95552905.44,188231.01,1.546774194
Rice,2011,Summer     ,Bihar,96160,182628,1097.1,16108723.2,31732.8,1.736190476
Rice,2011,Winter     ,Bihar,2684379,7141115,1097.1,449687170.1,885845.07,2.491578947
Rice,2011,Kharif     ,Chhattisgarh,3939826,6300825,1302.7,659999651.5,1300142.58,1.527777778
Rice,2011,Kharif     ,Gujarat,751300,1521800,890.5,125857776,247929,1.951666667
Rice,2011,Summer     ,Gujarat,84200,267900,890.5,14105184,27786,3.122222222
Rice,2011,Kharif     ,Haryana,1234094,3574300,471.5409091,206735426.9,407251.02,2.63047619
Rice,2011,Kharif     ,Himachal Pradesh,75043,108648,1108.3,12571203.36,24764.19,1.545454545
Rice,2011,Kharif     ,Madhya Pradesh,1693231,2273045,852.6,283650057.1,558766.23,1.400416667
Rice,2011,Kharif     ,Maharashtra,1516400,2784600,1174.095455,254027328,500412,1.319642857
Rice,2011,Summer     ,Maharashtra,27800,64300,1174.095455,4657056,9174,2.427777778
Rice,2011,Kharif     ,Manipur,223670,591000,1533.561905,37469198.4,73811.1,2.34
Rice,2011,Autumn     ,Mizoram,25826,26644,2439.340909,4326371.52,8522.58,1.04125
Rice,2011,Kharif     ,Mizoram,12700,25304,2439.340909,2127504,4191,2.03125
Rice,2011,Rabi       ,Mizoram,450,947,2439.340909,75384,148.5,2.3775
Rice,2011,Kharif     ,Nagaland,179050,376390,1544.354545,29994456,59086.5,2.049090909
Rice,2011,Rabi       ,Nagaland,2530,5990,1544.354545,423825.6,834.9,2.34
Rice,2011,Kharif     ,Punjab,2818000,10542000,705.2,472071360,929940,3.7495
Rice,2011,Kharif     ,Tripura,265999,718304,2295.609091,44560152.48,87779.67,2.63
Rice,2011,Kharif     ,Uttar Pradesh,5922643,13962896,777.4,992161155.4,1954472.19,2.294444444
Rice,2011,Summer     ,Uttar Pradesh,23642,59496,777.4,3960507.84,7801.86,2.335909091
Rice,2011,Kharif     ,Uttarakhand,261319,544497,1564.7,43776158.88,86235.27,1.684615385
Rice,2011,Summer     ,Uttarakhand,13680,45267,1564.7,2291673.6,4514.4,3.31
Rice,2011,Autumn     ,Jharkhand,150654,126012,1374.7,25237558.08,49715.82,0.79173913
Rice,2011,Winter     ,Jharkhand,832047,1250312,1374.7,139384513.4,274575.51,1.554166667
Rice,2011,Autumn     ,West Bengal,212971,471282,1686.5,35676901.92,70280.43,2.072222222
Rice,2011,Summer     ,West Bengal,1221076,3875100,1686.5,204554651.5,402955.08,3.035
Rice,2011,Winter     ,West Bengal,3999653,10259384,1686.5,670021870.6,1319885.49,2.475555556
Rice,2012,Autumn     ,Bihar,540424,960007,924.1,81495939.2,167531.44,1.743793103
Rice,2012,Summer     ,Bihar,105117,285835,924.1,15851643.6,32586.27,2.396086957
Rice,2012,Winter     ,Bihar,2653346,7076168,924.1,400124576.8,822537.26,2.567894737
Rice,2012,Kharif     ,Chhattisgarh,3982172,7848401,1366.8,600511537.6,1234473.32,1.91962963
Rice,2012,Kharif     ,Gujarat,672000,1408100,460.6,101337600,208320,1.98
Rice,2012,Summer     ,Gujarat,29100,89200,460.6,4388280,9021,2.943
Rice,2012,Kharif     ,Haryana,1206255,3941000,307.9,181903254,373939.05,3.041
Rice,2012,Kharif     ,Himachal Pradesh,75380,111252,1035,11367304,23367.8,1.577272727
Rice,2012,Kharif     ,Madhya Pradesh,1791157,3106146,1049.5,270106475.6,555258.67,1.631041667
Rice,2012,Kharif     ,Maharashtra,1528100,3001640,1003.4,230437480,473711,1.316153846
Rice,2012,Summer     ,Maharashtra,30900,76400,1003.4,4659720,9579,2.38
Rice,2012,Kharif     ,Manipur,122690,257580,1176.7,18501652,38033.9,1.937777778
Rice,2012,Autumn     ,Mizoram,24706,27128,2050.2,3725664.8,7658.86,1.095
Rice,2012,Kharif     ,Mizoram,14330,29983,2050.2,2160964,4442.3,2.2925
Rice,2012,Rabi       ,Mizoram,306,589,2050.2,46144.8,94.86,2.3525
Rice,2012,Kharif     ,Nagaland,179780,396230,1296.6,27110824,55731.8,2.15
Rice,2012,Rabi       ,Nagaland,3550,8950,1296.6,535340,1100.5,2.52
Rice,2012,Kharif     ,Punjab,2849000,11390000,338.9,429629200,883190,3.923636364
Rice,2012,Kharif     ,Tamil Nadu,1493276,4050334,706.8,225186020.8,462915.56,3.293225806
Rice,2012,Kharif     ,Tripura,254743,713222,1882.2,38415244.4,78970.33,2.78
Rice,2012,Kharif     ,Uttar Pradesh,5837298,14353736,746.3,880264538.4,1809562.38,2.4092
Rice,2012,Summer     ,Uttar Pradesh,23984,62203,746.3,3616787.2,7435.04,2.434761905
Rice,2012,Kharif     ,Uttarakhand,255037,561339,1309.8,38459579.6,79061.47,1.750769231
Rice,2012,Summer     ,Uttarakhand,14200,45552,1309.8,2141360,4402,3.21
Rice,2012,Autumn     ,Jharkhand,148761,129693,1102,22433158.8,46115.91,0.761304348
Rice,2012,Winter     ,Jharkhand,942310,1292796,1102,142100348,292116.1,1.338333333
Rice,2012,Autumn     ,West Bengal,205082,471150,1566,30926365.6,63575.42,2.259444444
Rice,2012,Summer     ,West Bengal,1228263,4065052,1566,185222060.4,380761.53,3.206111111
Rice,2012,Winter     ,West Bengal,4010973,10410533,1566,604854728.4,1243401.63,2.53
Rice,2013,Autumn     ,Bihar,549404,798676,1069.9,79383383.96,148339.08,1.413
Rice,2013,Summer     ,Bihar,92207,215952,1069.9,13322989.43,24895.89,2.233157895
Rice,2013,Winter     ,Bihar,2509203,5634961,1069.9,362554741.5,677484.81,2.066842105
Rice,2013,Kharif     ,Chhattisgarh,3987721,7102729,1418.3,576185807.3,1076684.67,1.75037037
Rice,2013,Kharif     ,Gujarat,787300,1672585,1006.5,113756977,212571,1.939411765
Rice,2013,Summer     ,Gujarat,33099,105505,1006.5,4782474.51,8936.73,3.133636364
Rice,2013,Kharif     ,Haryana,1244000,4041000,452.2,179745560,335880,3.112
Rice,2013,Kharif     ,Himachal Pradesh,73139,106899,1216.9,10567854.11,19747.53,1.565454545
Rice,2013,Kharif     ,Madhya Pradesh,1881546,3321724,1451.4,271864581.5,508017.42,1.410204082
Rice,2013,Kharif     ,Maharashtra,1567500,3016600,1409.8,226488075,423225,1.436
Rice,2013,Summer     ,Maharashtra,37400,91690,1409.8,5403926,10098,2.423333333
Rice,2013,Kharif     ,Manipur,222800,597670,1428.8,32192372,60156,2.354444444
Rice,2013,Autumn     ,Mizoram,22633,25671,1848.8,3270242.17,6110.91,1.10625
Rice,2013,Kharif     ,Mizoram,15620,32440,1848.8,2256933.8,4217.4,2.1475
Rice,2013,Rabi       ,Mizoram,550,883,1848.8,79469.5,148.5,1.666666667
Rice,2013,Kharif     ,Nagaland,185670,419640,1350.9,26827458.3,50130.9,2.203636364
Rice,2013,Rabi       ,Nagaland,3810,10000,1350.9,550506.9,1028.7,2.633333333
Rice,2013,Kharif     ,Punjab,2851000,11267000,586.6,411940990,769770,3.834090909
Rice,2013,Kharif     ,Telangana,1166334,3768045,1348.7,168523599.7,314910.18,3.115555556
Rice,2013,Rabi       ,Telangana,828103,2813045,1348.7,119652602.5,223587.81,3.203333333
Rice,2013,Kharif     ,Tripura,254254,711831,2043.5,36737160.46,68648.58,2.775
Rice,2013,Kharif     ,Uttar Pradesh,5955306,14565665,995.2,860482163.9,1607932.62,2.396133333
Rice,2013,Summer     ,Uttar Pradesh,27063,70171,995.2,3910332.87,7307.01,2.479047619
Rice,2013,Kharif     ,Uttarakhand,246959,551758,1735.4,35683105.91,66678.93,1.736153846
Rice,2013,Summer     ,Uttarakhand,12420,41310,1735.4,1794565.8,3353.4,3.353333333
Rice,2013,Autumn     ,Jharkhand,154068,131682,1253.6,22261285.32,41598.36,0.854782609
Rice,2013,Winter     ,Jharkhand,933073,1366639,1253.6,134819717.8,251929.71,1.422083333
Rice,2013,Autumn     ,West Bengal,210036,493651,1939.9,30348101.64,56709.72,2.252777778
Rice,2013,Summer     ,West Bengal,1286995,4338142,1939.9,185957907.6,347488.65,3.127222222
Rice,2013,Winter     ,West Bengal,4016656,10545076,1939.9,580366625.4,1084497.12,2.626111111
Rice,2014,Autumn     ,Bihar,581128,1010341,1061,87727082.88,191772.24,1.738965517
Rice,2014,Summer     ,Bihar,82265,181555,1061,12418724.4,27147.45,1.971764706
Rice,2014,Winter     ,Bihar,2599981,7049728,1061,392493131.8,857993.73,2.625263158
Rice,2014,Kharif     ,Chhattisgarh,4035700,7977746,1274.7,609229272,1331781,1.92962963
Rice,2014,Kharif     ,Gujarat,763205,1671308,605.6,115213426.8,251857.65,1.867368421
Rice,2014,Summer     ,Gujarat,31238,100275,605.6,4715688.48,10308.54,3.144166667
Rice,2014,Kharif     ,Haryana,1277000,3989000,301.3,192775920,421410,2.9465
Rice,2014,Kharif     ,Himachal Pradesh,72380,116365,1019.9,10926484.8,23885.4,1.72
Rice,2014,Kharif     ,Madhya Pradesh,2057000,3522660,891.2,310524720,678810,1.663488372
Rice,2014,Kharif     ,Maharashtra,1508400,2835400,1001.6,227708064,497772,1.3064
Rice,2014,Summer     ,Maharashtra,42800,111200,1001.6,6461088,14124,2.52375
Rice,2014,Kharif     ,Manipur,224380,501980,987.5,33872404.8,74045.4,2.073333333
Rice,2014,Autumn     ,Mizoram,20064,23583,2029.9,3028861.44,6621.12,1.14875
Rice,2014,Kharif     ,Mizoram,16380,35983,2029.9,2472724.8,5405.4,2.2825
Rice,2014,Rabi       ,Mizoram,486,1113,2029.9,73366.56,160.38,2.063333333
Rice,2014,Kharif     ,Nagaland,191230,443450,1333.3,28868080.8,63105.9,2.260909091
Rice,2014,Rabi       ,Nagaland,4010,10740,1333.3,605349.6,1323.3,2.683333333
Rice,2014,Kharif     ,Punjab,2894000,11107000,382.7,436878240,955020,3.728181818
Rice,2014,Kharif     ,Telangana,920307,2854873,746.4,138929544.7,303701.31,2.958888889
Rice,2014,Rabi       ,Telangana,495113,1690109,746.4,74742258.48,163387.29,3.332222222
Rice,2014,Kharif     ,Tripura,257273,746954,2015.7,38837932.08,84900.09,2.885
Rice,2014,Kharif     ,Uttar Pradesh,5842029,13241518,616.4,881912697.8,1927869.57,2.240533333
Rice,2014,Summer     ,Uttar Pradesh,29947,75449,616.4,4520799.12,9882.51,2.384090909
Rice,2014,Kharif     ,Uttarakhand,247698,561856,1287.4,37392490.08,81740.34,1.738461538
Rice,2014,Summer     ,Uttarakhand,12394,39004,1287.4,1870998.24,4090.02,3.15
Rice,2014,Autumn     ,Jharkhand,139909,143816,1156.6,21120662.64,46169.97,1.01
Rice,2014,Winter     ,Jharkhand,849093,1248966,1156.6,128179079.3,280200.69,1.416666667
Rice,2014,Autumn     ,West Bengal,227829,591451,1483.5,34393065.84,75183.57,2.516111111
Rice,2014,Summer     ,West Bengal,1290020,4351753,1483.5,194741419.2,425706.6,3.254444444
Rice,2014,Winter     ,West Bengal,4008662,10983992,1483.5,605147615.5,1322858.46,2.700555556
Rice,2015,Autumn     ,Bihar,549012,725206,874,86694484.92,181173.96,1.347142857
Rice,2015,Summer     ,Bihar,81302,200983,874,12838398.82,26829.66,2.528333333
Rice,2015,Winter     ,Bihar,2602000,5876027,874,410881820,858660,2.166052632
Rice,2015,Kharif     ,Chhattisgarh,3959746,5154328,1136,625283490.9,1306716.18,1.21962963
Rice,2015,Kharif     ,Gujarat,741042,1584355,584.3,117017942.2,244543.86,1.895238095
Rice,2015,Summer     ,Gujarat,33140,107509,584.3,5233137.4,10936.2,3.201818182
Rice,2015,Kharif     ,Haryana,1353000,4142000,426.8,213652230,446490,2.963
Rice,2015,Kharif     ,Himachal Pradesh,71614,114670,1223.2,11308566.74,23632.62,1.612727273
Rice,2015,Kharif     ,Madhya Pradesh,2027000,3546790,1000.7,320083570,668910,1.701904762
Rice,2015,Kharif     ,Maharashtra,1471400,2517100,875.7,232348774,485562,1.334583333
Rice,2015,Summer     ,Maharashtra,31400,76000,875.7,4958374,10362,2.538888889
Rice,2015,Kharif     ,Manipur,237000,508140,1329.1,37424670,78210,1.876666667
Rice,2015,Autumn     ,Mizoram,19851,24343,2310.8,3134671.41,6550.83,1.22375
Rice,2015,Kharif     ,Mizoram,16804,36471,2310.8,2653519.64,5545.32,2.16
Rice,2015,Rabi       ,Mizoram,498,1275,2310.8,78639.18,164.34,2.515
Rice,2015,Kharif     ,Nagaland,176790,427240,1308.3,27916908.9,58340.7,2.41
Rice,2015,Rabi       ,Nagaland,4520,12220,1308.3,713753.2,1491.6,2.703333333
Rice,2015,Kharif     ,Punjab,2975000,11823000,512.6,469782250,981750,3.923181818
Rice,2015,Kharif     ,Telangana,748713,2197030,747.9,118229269.8,247075.29,2.822222222
Rice,2015,Rabi       ,Telangana,297475,850259,747.9,46974277.25,98166.75,2.785555556
Rice,2015,Kharif     ,Tripura,199818,575826,2334.4,31553260.38,65939.94,2.895
Rice,2015,Summer     ,Tripura,69975,219022,2334.4,11049752.25,23091.75,3.04625
Rice,2015,Kharif     ,Uttar Pradesh,5837445,12434053,596.7,921790939.9,1926356.85,2.096133333
Rice,2015,Summer     ,Uttar Pradesh,24595,67107,596.7,3883796.45,8116.35,2.295
Rice,2015,Kharif     ,Uttarakhand,252163,591755,1247.6,39819059.33,83213.79,1.795384615
Rice,2015,Summer     ,Uttarakhand,13043,50137,1247.6,2059620.13,4304.19,3.81
Rice,2015,Autumn     ,Jharkhand,145866,88110,1085.6,23033700.06,48135.78,0.606956522
Rice,2015,Winter     ,Jharkhand,1016623,674135,1085.6,160534937.9,335485.59,0.6625
Rice,2015,Autumn     ,West Bengal,235970,612966,1717,37262022.7,77870.1,2.48
Rice,2015,Summer     ,West Bengal,1310585,4424392,1717,206954477.4,432493.05,3.155
Rice,2015,Winter     ,West Bengal,3977400,10910896,1717,628071234,1312542,2.670555556
Rice,2016,Kharif     ,Arunachal Pradesh,131000,220000,2933.7,20075750,45850,1.606
Rice,2016,Autumn     ,Bihar,556827,949371,1205.6,85333737.75,194889.45,1.736153846
Rice,2016,Summer     ,Bihar,84323,224329,1205.6,12922499.75,29513.05,2.493333333
Rice,2016,Winter     ,Bihar,2698627,7065073,1205.6,413564587.8,944519.45,2.571052632
Rice,2016,Kharif     ,Chhattisgarh,4052587,8793273,1298.9,621058957.8,1418405.45,2.076666667
Rice,2016,Kharif     ,Gujarat,792207,1808275,710.5,121405722.8,277272.45,2.0745
Rice,2016,Summer     ,Gujarat,55403,180196,710.5,8490509.75,19391.05,3.133333333
Rice,2016,Kharif     ,Haryana,1384700,4451000,554.7,212205275,484645,2.9505
Rice,2016,Kharif     ,Himachal Pradesh,70855,103557,1373.9,10858528.75,24799.25,1.559090909
Rice,2016,Kharif     ,Madhya Pradesh,2260000,5400540,1048.4,346345000,791000,2.040294118
Rice,2016,Kharif     ,Maharashtra,1465730,3419021,1151.1,224623122.5,513005.5,1.664444444
Rice,2016,Summer     ,Maharashtra,69640,161900,1151.1,10672330,24374,2.369166667
Rice,2016,Kharif     ,Manipur,244000,645600,2039.8,37393000,85400,2.313333333
Rice,2016,Autumn     ,Mizoram,19602,23665,2626.8,3004006.5,6860.7,1.21125
Rice,2016,Kharif     ,Mizoram,16862,36979,2626.8,2584101.5,5901.7,2.2325
Rice,2016,Rabi       ,Mizoram,394,872,2626.8,60380.5,137.9,2.21
Rice,2016,Kharif     ,Nagaland,201860,491660,1959.8,30935045,70651,2.391818182
Rice,2016,Rabi       ,Nagaland,4800,13400,1959.8,735600,1680,2.79
Rice,2016,Kharif     ,Punjab,3046000,12638000,635.9,466799500,1066100,4.066818182
Rice,2016,Kharif     ,Telangana,889351,3028634,942.6,136293040.8,311272.85,3.229666667
Rice,2016,Rabi       ,Telangana,939223,3570445,942.6,143935924.8,328728.05,3.585
Rice,2016,Autumn     ,Tripura,38136,101574,2475.3,5844342,13347.6,2.5475
Rice,2016,Kharif     ,Tripura,16843,18190,2475.3,2581189.75,5895.05,1.05875
Rice,2016,Summer     ,Tripura,71877,231509,2475.3,11015150.25,25156.95,3.145
Rice,2016,Winter     ,Tripura,150250,463371,2475.3,23025812.5,52587.5,3.05375
Rice,2016,Kharif     ,Uttar Pradesh,5965657,14396168,965.3,914236935.3,2087979.95,2.3668
Rice,2016,Summer     ,Uttar Pradesh,26051,74184,965.3,3992315.75,9117.85,2.484117647
Rice,2016,Kharif     ,Uttarakhand,251498,582720,1580.9,38542068.5,88024.3,1.779230769
Rice,2016,Summer     ,Uttarakhand,14703,55577,1580.9,2253234.75,5146.05,3.77
Rice,2016,Autumn     ,Jharkhand,137925,154026,1296.3,21137006.25,48273.75,0.912
Rice,2016,Winter     ,Jharkhand,1204133,2621003,1296.3,184533382.3,421446.55,2.251666667
Rice,2016,Autumn     ,West Bengal,247978,642310,1795.8,38002628.5,86792.3,2.493809524
Rice,2016,Summer     ,West Bengal,1185381,4005685,1795.8,181659638.3,414883.35,3.244285714
Rice,2016,Winter     ,West Bengal,3963495,10996579,1795.8,607405608.8,1387223.25,2.691363636
Rice,2017,Kharif     ,Arunachal Pradesh,132000,233335,2745.5,20782080,50160,1.6915
Rice,2017,Autumn     ,Bihar,522698,903286,1112,82293573.12,198625.24,1.78173913
Rice,2017,Summer     ,Bihar,67865,143832,1112,10684665.6,25788.7,2.034285714
Rice,2017,Winter     ,Bihar,2716420,7046043,1112,427673164.8,1032239.6,2.466842105
Rice,2017,Kharif     ,Chhattisgarh,3976626,5749044,1124.5,626079997.4,1511117.88,1.386296296
Rice,2017,Kharif     ,Gujarat,802674,1749613,814.8,126372994.6,305016.12,2.0375
Rice,2017,Summer     ,Gujarat,52616,140196,814.8,8283863.04,19994.08,2.657857143
Rice,2017,Kharif     ,Haryana,1422100,4880000,417.1,223895424,540398,3.096190476
Rice,2017,Kharif     ,Himachal Pradesh,71613,114785,1182.2,11274750.72,27212.94,1.618181818
Rice,2017,Kharif     ,Jharkhand,1735411,3421253,1165.7,273223107.8,659456.18,2.023333333
Rice,2017,Kharif     ,Madhya Pradesh,2023070,4869658,800,318512140.8,768766.6,1.806888889
Rice,2017,Summer     ,Madhya Pradesh,12070,29400,800,1900300.8,4586.6,1.965294118
Rice,2017,Kharif     ,Maharashtra,1424765,2668600,1129.5,224315001.6,541410.7,1.637916667
Rice,2017,Summer     ,Maharashtra,26178,62200,1129.5,4121464.32,9947.64,2.535833333
Rice,2017,Kharif     ,Manipur,236710,607820,1780,37267622.4,89949.8,2.18
Rice,2017,Autumn     ,Mizoram,19587.5,23580,3865.8,3083856,7443.25,1.18625
Rice,2017,Kharif     ,Mizoram,16039.7,35029,3865.8,2525290.368,6095.086,2.15625
Rice,2017,Rabi       ,Mizoram,487,998,3865.8,76673.28,185.06,2.09
Rice,2017,Kharif     ,Nagaland,206750,509590,1722.1,32550720,78565,2.421818182
Rice,2017,Rabi       ,Nagaland,5250,14850,1722.1,826560,1995,2.826666667
Rice,2017,Kharif     ,Punjab,3065000,13382000,497.5,482553600,1164700,4.252727273
Rice,2017,Kharif     ,Telangana,1046987,2946004,815.7,164837633.3,397855.06,2.672333333
Rice,2017,Rabi       ,Telangana,915389,3317425,815.7,144118844.2,347847.82,3.532666667
Rice,2017,Autumn     ,Tripura,37775,104258,3326.8,5947296,14354.5,2.68125
Rice,2017,Kharif     ,Tripura,15837,16787,3326.8,2493377.28,6018.06,1.02625
Rice,2017,Summer     ,Tripura,72224,235115,3326.8,11370946.56,27445.12,3.1475
Rice,2017,Winter     ,Tripura,148232,455932,3326.8,23337646.08,56328.16,3.045
Rice,2017,Kharif     ,Uttar Pradesh,5897871,15441958,652.1,928560810.2,2241190.98,2.541333333
Rice,2017,Summer     ,Uttar Pradesh,25761,76645,652.1,4055811.84,9789.18,2.67
Rice,2017,Kharif     ,Uttarakhand,246539,620027,1475.8,38815100.16,93684.82,1.909230769
Rice,2017,Summer     ,Uttarakhand,13953,44845,1475.8,2196760.32,5302.14,3.223333333
Rice,2017,Autumn     ,West Bengal,249341,633542,1830,39256247.04,94749.58,2.45
Rice,2017,Summer     ,West Bengal,1295678,4671912,1830,203991544.3,492357.64,3.375714286
Rice,2017,Winter     ,West Bengal,3992412,11010468,1830,628565345.3,1517116.56,2.684545455
Rice,2018,Kharif     ,Arunachal Pradesh,133200,239998,2992.9,21605040,46620,1.737727273
Rice,2018,Autumn     ,Bihar,445393,615668,1521.4,72242744.6,155887.55,1.439545455
Rice,2018,Summer     ,Bihar,60400,136281,1521.4,9796880,21140,2.205
Rice,2018,Winter     ,Bihar,2653929,5403580,1521.4,430467283.8,928875.15,1.809210526
Rice,2018,Kharif     ,Chhattisgarh,4141378,6509430,1515.5,671731511.6,1449482.3,1.521481481
Rice,2018,Kharif     ,Gujarat,809367,1819260,1125.4,131279327.4,283278.45,2.131
Rice,2018,Summer     ,Gujarat,29582,92755,1125.4,4798200.4,10353.7,2.676153846
Rice,2018,Kharif     ,Haryana,1447000,4516000,533.2,234703400,506450,2.94952381
Rice,2018,Kharif     ,Himachal Pradesh,71810,114896,1052.2,11647582,25133.5,1.623636364
Rice,2018,Kharif     ,Jharkhand,1527103,2894101,1222.7,247696106.6,534486.05,1.817916667
Rice,2018,Kharif     ,Madhya Pradesh,2794020,5238850,1102.2,453190044,977907,1.444901961
Rice,2018,Kharif     ,Maharashtra,1417445,3143748,1387.4,229909579,496105.75,1.657916667
Rice,2018,Summer     ,Maharashtra,47541,132050,1387.4,7711150.2,16639.35,2.755833333
Rice,2018,Kharif     ,Manipur,233500,602430,1196.9,37873700,81725,2.232222222
Rice,2018,Autumn     ,Mizoram,18957,23372,1665.2,3074825.4,6634.95,1.215
Rice,2018,Kharif     ,Mizoram,16133,35678,1665.2,2616772.6,5646.55,2.1975
Rice,2018,Rabi       ,Mizoram,460,960,1665.2,74612,161,2.115
Rice,2018,Kharif     ,Nagaland,208990,519600,1372.7,33898178,73146.5,2.444545455
Rice,2018,Rabi       ,Nagaland,5460,15440,1372.7,885612,1911,2.8275
Rice,2018,Kharif     ,Punjab,3103000,12822000,585.5,503306600,1086050,4.011818182
Rice,2018,Kharif     ,Telangana,1189264,4135049,1350.3,192898620.8,416242.4,3.3065625
Rice,2018,Rabi       ,Telangana,742508,2533895,1350.3,120434797.6,259877.8,3.208125
Rice,2018,Autumn     ,Tripura,35340,93453,2169.1,5732148,12369,2.50625
Rice,2018,Kharif     ,Tripura,15382,16267,2169.1,2494960.4,5383.7,1.05375
Rice,2018,Summer     ,Tripura,70742,232551,2169.1,11474352.4,24759.7,3.0775
Rice,2018,Winter     ,Tripura,147900,450930,2169.1,23989380,51765,3.03375
Rice,2018,Kharif     ,Uttar Pradesh,5894983,15932429,792.8,956166242.6,2063244.05,2.6056
Rice,2018,Summer     ,Uttar Pradesh,29145,87266,792.8,4727319,10200.75,2.662631579
Rice,2018,Kharif     ,Uttarakhand,243666,574963,1373,39522625.2,85283.1,1.804615385
Rice,2018,Summer     ,Uttarakhand,15682,51570,1373,2543620.4,5488.7,3.283333333
Rice,2018,Autumn     ,West Bengal,230980,609496,2012.6,37464956,80843,2.672380952
Rice,2018,Summer     ,West Bengal,1279500,4615344,2012.6,207534900,447825,3.45952381
Rice,2018,Winter     ,West Bengal,4002092,11282409,2012.6,649139322.4,1400732.2,2.744545455
Rice,2019,Kharif     ,Arunachal Pradesh,133500,244741,2433.3,22929960,49395,1.7792
Rice,2019,Autumn     ,Bihar,443965,727611,1194.7,76255428.4,164267.05,1.759583333
Rice,2019,Summer     ,Bihar,60399,128812,1194.7,10374132.24,22347.63,2.142857143
Rice,2019,Winter     ,Bihar,2593026,6096095,1194.7,445378145.8,959419.62,2.173157895
Rice,2019,Kharif     ,Chhattisgarh,4266022,8569367,1420.3,732731938.7,1578428.14,1.936428571
Rice,2019,Kharif     ,Gujarat,849599,1821136,1067.8,145927124.2,314351.63,1.948571429
Rice,2019,Summer     ,Gujarat,54751,161497,1067.8,9404031.76,20257.87,2.848571429
Rice,2019,Kharif     ,Haryana,1558900,5194600,351.8,267756664,576793,3.048095238
Rice,2019,Kharif     ,Himachal Pradesh,72620,116879,1217.7,12473211.2,26869.4,1.656363636
Rice,2019,Kharif     ,Jharkhand,1357726,3612589,1137.8,233203017.8,502358.62,2.663333333
Rice,2019,Kharif     ,Madhya Pradesh,3076000,7268659,1446.7,528333760,1138120,1.858
Rice,2019,Summer     ,Madhya Pradesh,34311,94770,1446.7,5893257.36,12695.07,0.8775
Rice,2019,Kharif     ,Maharashtra,1478093,2701810,1555.8,253877253.7,546894.41,1.256296296
Rice,2019,Summer     ,Maharashtra,74896,195623,1555.8,12864136.96,27711.52,2.660833333
Rice,2019,Autumn     ,Mizoram,18510,22904,2178.5,3179277.6,6848.7,1.18875
Rice,2019,Kharif     ,Mizoram,16232,36357,2178.5,2788008.32,6005.84,2.2025
Rice,2019,Rabi       ,Mizoram,468,978,2178.5,80383.68,173.16,2.135
Rice,2019,Kharif     ,Nagaland,211280,528920,1593,36289452.8,78173.6,2.459090909
Rice,2019,Rabi       ,Nagaland,5670,16050,1593,973879.2,2097.9,2.83
Rice,2019,Autumn     ,Odisha,426080,769480,1593.9,73183500.8,157649.6,1.8825
Rice,2019,Summer     ,Odisha,292610,932910,1593.9,50258693.6,108265.7,2.796896552
Rice,2019,Winter     ,Odisha,3222020,8052660,1593.9,553414155.2,1192147.4,2.564666667
Rice,2019,Kharif     ,Punjab,3142000,12675000,653.2,539669920,1162540,3.930909091
Rice,2019,Kharif     ,Telangana,1631151,5985349,1031.7,280166495.8,603525.87,3.575625
Rice,2019,Rabi       ,Telangana,1585062,5900447,1031.7,272250249.1,586472.94,3.610625
Rice,2019,Autumn     ,Tripura,34235,94357,2252.8,5880203.6,12666.95,2.6425
Rice,2019,Kharif     ,Tripura,15228,16175,2252.8,2615561.28,5634.36,1.06875
Rice,2019,Summer     ,Tripura,70577,228104,2252.8,12122305.52,26113.49,3.13
Rice,2019,Winter     ,Tripura,147295,471608,2252.8,25299389.2,54499.15,3.17375
Rice,2019,Kharif     ,Uttar Pradesh,5898690,16947998,814.5,1013158994,2182515.3,2.823466667
Rice,2019,Summer     ,Uttar Pradesh,25659,79891,814.5,4407189.84,9493.83,2.968717949
Rice,2019,Kharif     ,Uttarakhand,240411,615514,1378.9,41292993.36,88952.07,1.933846154
Rice,2019,Summer     ,Uttarakhand,17370,61915,1378.9,2983471.2,6426.9,3.563333333
Rice,2019,Autumn     ,West Bengal,215126,514586,1733.4,36950041.76,79596.62,2.434285714
Rice,2019,Summer     ,West Bengal,1271772,4616835,1733.4,218439558.7,470555.64,3.464285714
Rice,2019,Winter     ,West Bengal,4004077,11344600,1733.4,687740265.5,1481508.49,2.771363636
Rice,2020,Kharif     ,Uttarakhand,241936,669372,1313.947826,46841228.96,89516.32,2.093076923
Rice,2020,Summer     ,Uttarakhand,15315,55057,1313.947826,2965137.15,5666.55,3.563333333
Rice,1997,Kharif     ,Haryana,913000,2556000,661.2,86890210,283030,2.730588235
Rice,1997,Kharif     ,Nagaland,145000,188000,1398.5,13799650,44950,1.29
Rice,1997,Rabi       ,Nagaland,200,250,1398.5,19034,62,1.3
Rice,1998,Kharif     ,Delhi,7303,10799,784.5,721536.4,2117.87,1.48
Rice,1999,Kharif     ,Andhra Pradesh,2848794,7056175,650.4,302342507.2,769174.38,2.400869565
Rice,1999,Rabi       ,Andhra Pradesh,1165454,3581740,650.4,123689633,314672.58,2.73
Rice,1999,Kharif     ,Delhi,8105,15279,365.9,860183.65,2188.35,1.89
Rice,1999,Kharif     ,Jammu and Kashmir,250625,391529,667.1,26598831.25,67668.75,1.489166667
Rice,2000,Kharif     ,Delhi,6053,11420,544.3,594223.01,1573.78,1.89
Rice,2000,Kharif     ,Jammu and Kashmir,244051,415342,989.5,23958486.67,63453.26,1.6
Rice,2001,Kharif     ,Delhi,6405,12063,611.9,654142.65,1665.3,1.88
Rice,2001,Kharif     ,Jammu and Kashmir,249830,422298,953.8,25515137.9,64955.8,1.634166667
Rice,2002,Kharif     ,Delhi,6096,12907,593.6,577108.32,1524,2.12
Rice,2002,Kharif     ,Jammu and Kashmir,236199,421457,933.2,22360959.33,59049.75,1.708333333
Rice,2002,Kharif     ,Puducherry,24142,57514,1434.5875,2285523.14,6035.5,2.56
Rice,2002,Kharif     ,Uttar Pradesh,5209137,9586935,664,493148999.8,1302284.25,1.765942029
Rice,2002,Summer     ,Uttar Pradesh,4292,9411,664,406323.64,1073,1.960952381
Rice,2003,Kharif     ,Himachal Pradesh,81335,120624,1112.6,8050538.3,19520.4,1.469090909
Rice,2003,Kharif     ,Jammu and Kashmir,259815,504797,1430.3,25716488.7,62355.6,1.870833333
Rice,2004,Kharif     ,Himachal Pradesh,79519,109129,939.2,8615088.46,16698.99,1.454545455
Rice,2004,Kharif     ,Jammu and Kashmir,250044,492732,1032.1,27089766.96,52509.24,1.838333333
Rice,2004,Autumn     ,Odisha,824000,677000,1290.4,89272160,173040,0.98
Rice,2004,Summer     ,Odisha,293000,652000,1290.4,31743620,61530,1.938148148
Rice,2004,Winter     ,Odisha,3375000,5207000,1290.4,365647500,708750,1.511333333
Rice,2004,Kharif     ,Uttar Pradesh,5934405,10749989,704,642933437.7,1246225.05,1.827714286
Rice,2005,Kharif     ,Jammu and Kashmir,259014,556774,1721.8,31060958.88,54392.94,2.040833333
Rice,2005,Kharif     ,Uttar Pradesh,5571524,11119095,751.9,668137158.1,1170020.04,1.951714286
Rice,2006,Kharif     ,Jammu and Kashmir,252516,554258,1786.5,32248818.36,55553.52,2.060833333
Rice,2007,Kharif     ,Delhi,7419,20946,677.5,989694.6,1187.04,2.82
Rice,2007,Kharif     ,Jammu and Kashmir,263246,561355,1042.2,35117016.4,42119.36,1.9745
Rice,2008,Kharif     ,Delhi,7039,19873,614.6,1006858.56,633.51,2.82
Rice,2009,Kharif     ,Delhi,6821,19008,528.4,1062848.22,1159.57,2.79
Rice,2009,Kharif     ,Jammu and Kashmir,259892,500880,751.7,40496371.44,44181.64,1.859
Rice,2010,Kharif     ,Delhi,6848,19083,989.5,1137521.28,1643.52,2.79
Rice,2011,Kharif     ,Delhi,7248,20198,641.3954545,1214184.96,2391.84,2.79
Rice,2011,Kharif     ,Jammu and Kashmir,262169,544396,887.6,43918550.88,86515.77,2.0225
Rice,2012,Kharif     ,Delhi,6068,19768,451.9,915054.4,1881.08,3.26
Rice,2012,Kharif     ,Jammu and Kashmir,261663,545186,1116.7,39458780.4,81115.53,1.8875
Rice,2012,Kharif     ,Puducherry,3559,11637,1098.3,536697.2,1103.29,3.076666667
Rice,2012,Rabi       ,Puducherry,8979,23373,1098.3,1354033.2,2783.49,3.233333333
Rice,2012,Summer     ,Puducherry,3743,11509,1098.3,564444.4,1160.33,2.54
Rice,2013,Kharif     ,Delhi,6068,19768,706.8,876765.32,1638.36,3.26
Rice,2013,Kharif     ,Puducherry,3671,12091,1083.2,530422.79,991.17,2.696666667
Rice,2013,Rabi       ,Puducherry,8382,24736,1083.2,1211115.18,2263.14,3.78
Rice,2013,Summer     ,Puducherry,3769,12965,1083.2,544582.81,1017.63,3.41
Rice,2014,Kharif     ,Delhi,6035,17269,416.4,911043.6,1991.55,2.86
Rice,2014,Kharif     ,Jammu and Kashmir,275861,344823,1278.4,41643976.56,91034.13,1.098947368
Rice,2014,Kharif     ,Puducherry,3643,11821,1330,549947.28,1202.19,2.936666667
Rice,2014,Rabi       ,Puducherry,9006,26378,1330,1359545.76,2971.98,3.506666667
Rice,2014,Summer     ,Puducherry,4005,14518,1330,604594.8,1321.65,3.62
Rice,2015,Kharif     ,Delhi,5884,16837,757.7,929142.44,1941.72,2.86
Rice,2015,Kharif     ,Jammu and Kashmir,304503,646362,1572.6,48084068.73,100485.99,2.05
Rice,2016,Kharif     ,Delhi,5973,17260,747.1,915362.25,2090.55,2.89
Rice,2016,Kharif     ,Jammu and Kashmir,283443,572213,902.8,43437639.75,99205.05,2.0255
Rice,2017,Kharif     ,Delhi,5854,16837,533.7,921653.76,2224.52,2.88
Rice,2017,Kharif     ,Jammu and Kashmir,273582,663755,1279.1,43072750.08,103961.16,2.31
Rice,2018,Kharif     ,Delhi,5848,16826,678.5,948545.6,2046.8,2.88
Rice,2018,Kharif     ,Jammu and Kashmir,262012,615799,1016.3,42498346.4,91704.2,2.35
Rice,2019,Kharif     ,Delhi,5848,17580,546.9,1004452.48,2163.76,3.01
Rice,2019,Kharif     ,Jammu and Kashmir,280513,587099,1324.1,48180912.88,103789.81,2.0755
Rice,1997,Kharif     ,Manipur,155,348,2053.3,14751.35,48.05,2.075555556
Rice,1998,Autumn     ,Manipur,88370,200290,1855,8730956,25627.3,2.094444444
Rice,1998,Winter     ,Manipur,78520,181900,1855,7757776,22770.8,2.2175
Rice,1999,Kharif     ,Manipur,157050,364980,2092.7,16667716.5,42403.5,2.171111111
Rice,2000,Kharif     ,Manipur,156890,381750,1969.7,15401891.3,40791.4,2.26
Rice,2001,Kharif     ,Manipur,162570,387270,2013.1,16603274.1,42268.2,2.234444444
Rice,2002,Kharif     ,Manipur,153110,335700,1743.7,14494923.7,38277.5,2.034444444
Rice,2004,Kharif     ,Manipur,176310,435930,1613.3,19101425.4,37025.1,2.327777778
Rice,2004,Autumn     ,Puducherry,6237,17257,1434.5875,675716.58,1309.77,2.76
Rice,2004,Summer     ,Puducherry,5689,15537,1434.5875,616346.26,1194.69,2.73
Rice,2004,Winter     ,Puducherry,12896,28242,1434.5875,1397152.64,2708.16,2.803333333
Rice,2005,Kharif     ,Manipur,166260,386070,1585.4,19937899.2,34914.6,2.238888889
Rice,2005,Autumn     ,Puducherry,5348,15278,1434.5875,641332.16,1123.08,2.57
Rice,2005,Summer     ,Puducherry,5167,13013,1434.5875,619626.64,1085.07,1.845
Rice,2005,Winter     ,Puducherry,12410,25326,1434.5875,1488207.2,2606.1,2.89
Rice,2006,Kharif     ,Manipur,165370,389170,1533.561905,21119402.7,36381.4,2.276666667
Rice,2007,Kharif     ,Manipur,166150,406150,1435.7,22164410,26584,2.378888889
Rice,1997,Kharif     ,Sikkim,15691,21447,2804.1,1493312.47,4864.21,1.365
Rice,1998,Kharif     ,Sikkim,15874,21957,3183.8,1568351.2,4603.46,1.3775
Rice,1999,Kharif     ,Sikkim,15908,23439,2678.5,1688316.04,4295.16,1.465
Rice,2000,Kharif     ,Sikkim,15218,21358,2504.8,1493951.06,3956.68,1.4225
Rice,2001,Kharif     ,Sikkim,14900,21372,2372.5,1521737,3874,1.4275
Rice,2002,Kharif     ,Sikkim,14790,21220,2496.2,1400169.3,3697.5,1.4325
Rice,2003,Kharif     ,Sikkim,14740,21190,2838.1,1458965.2,3537.6,1.4275
Rice,2004,Kharif     ,Sikkim,9070,21610,1650.5,982643.8,1904.7,4.7875
Rice,2005,Kharif     ,Sikkim,9790,23690,2041.6,1174016.8,2055.9,5.3425
Rice,2006,Kharif     ,Sikkim,9200,21450,2270.2,1174932,2024,4.84
Rice,2007,Kharif     ,Sikkim,11860,19480,2003.4,1582124,1897.6,1.5475
Rice,2008,Kharif     ,Sikkim,13000,22230,2247.5,1859520,1170,1.5925
Rice,2009,Kharif     ,Sikkim,12270,20930,2176.6,1911911.4,2085.9,1.595
Rice,2010,Kharif     ,Sikkim,12140,20973,2527,2016575.4,2913.6,1.6225
Rice,2011,Kharif     ,Sikkim,12070,20880,2585.486364,2021966.4,3983.1,1.6225
Rice,2012,Kharif     ,Sikkim,11920,21340,3006.9,1797536,3695.2,1.7175
Rice,2013,Kharif     ,Sikkim,11158,20260,2567.6,1612219.42,3012.66,1.76
Rice,2014,Kharif     ,Sikkim,11040,20070,2627,1666598.4,3643.2,1.76
Rice,2015,Kharif     ,Sikkim,10669,19687,2949.1,1684741.79,3520.77,1.7925
Rice,2016,Kharif     ,Sikkim,10481,19453,2971.6,1606213.25,3668.35,1.8075
Rice,2017,Kharif     ,Sikkim,9501,17636,2873.6,1495837.44,3610.38,1.815
Rice,2018,Kharif     ,Sikkim,9256,17182,3350.1,1501323.2,3239.6,1.82
Rice,2019,Kharif     ,Sikkim,8685,16137,2740,1491735.6,3213.45,1.8225
Rice,2004,Kharif     ,Goa,52442,145174,2518,5681566.28,11012.82,2.75
Rice,2005,Kharif     ,Goa,52177,147236,3392.8,6257065.84,10957.17,2.81
Rice,2006,Kharif     ,Goa,52985,128945,2928.8,6766714.35,11656.7,2.41
Rice,2007,Kharif     ,Goa,52191,121679,3674.7,6962279.4,8350.56,2.32
Rice,1998,Kharif     ,Mizoram,62372,95115,2640.7,6162353.6,18087.88,1.5225
Rice,1998,Rabi       ,Mizoram,6020,15698,2640.7,594776,1745.8,4.39
Rice,1999,Kharif     ,Mizoram,49713,88397,2535.9,5276040.69,13422.51,1.655
Rice,1999,Kharif     ,Tripura,232160,505680,2147.4,24639140.8,62683.2,2.075
Rice,2000,Kharif     ,Tripura,243070,547520,2437.5,23862181.9,63198.2,2.185
Rice,2001,Kharif     ,Tripura,246750,587390,2284.4,25200577.5,64155,2.28
Rice,2002,Kharif     ,Tripura,255270,602410,2579.8,24166410.9,63817.5,2.255
Rice,2003,Kharif     ,Tripura,257440,616820,2487.9,25481411.2,61785.6,2.31
Rice,2004,Kharif     ,Mizoram,57085,107660,2640.8,6184588.9,11987.85,1.9225
Rice,2006,Kharif     ,Mizoram,50619,25789,2353,6464552.49,11136.18,0.4525
Rice,2006,Rabi       ,Mizoram,2232,3675,2353,285048.72,491.04,1.58
Rice,2007,Kharif     ,Mizoram,54393,15501,3095.2,7256026.2,8702.88,0.2625
Rice,2007,Rabi       ,Mizoram,148,187,3095.2,19743.2,23.68,1.264
Rice,2008,Kharif     ,Mizoram,51859,68637,1912.1,7417911.36,4667.31,1.20625
Rice,2008,Rabi       ,Mizoram,131,280,1912.1,18738.24,11.79,2.555
Rice,2009,Kharif     ,Mizoram,47085,65893,2086.3,7336784.7,8004.45,1.3175
Rice,2009,Rabi       ,Mizoram,119,238,2086.3,18542.58,20.23,2
Rice,1998,Kharif     ,Arunachal Pradesh,115481,114116,3616.7,11409522.8,33489.49,0.965384615
Rice,1999,Kharif     ,Arunachal Pradesh,122740,134807,2338.6,13026396.2,33139.8,1.097692308
Rice,2000,Kharif     ,Arunachal Pradesh,118601,132690,2157.7,11643060.17,30836.26,1.066153846
Rice,2001,Kharif     ,Arunachal Pradesh,119455,134621,2128.5,12199939.15,31058.3,1.135384615
Rice,2002,Kharif     ,Arunachal Pradesh,124584,152500,2832.8,11794367.28,31146,1.182666667
Rice,2003,Kharif     ,Arunachal Pradesh,119205,154589,2782.2,11798910.9,28609.2,1.201333333
Rice,2004,Kharif     ,Arunachal Pradesh,121642,134950,2939.5,13178694.28,25544.82,1.080625
Rice,2005,Kharif     ,Arunachal Pradesh,122267,146191,2767,14662258.64,25676.07,1.16125
Rice,2006,Kharif     ,Arunachal Pradesh,123038,144635,1940,15713182.98,27068.36,1.151875
Rice,2007,Kharif     ,Arunachal Pradesh,124029,158146,3223.9,16545468.6,19844.64,1.225625
Rice,2008,Kharif     ,Arunachal Pradesh,126799,164538,2244.4,18137328.96,11411.91,1.183125
Rice,2009,Kharif     ,Arunachal Pradesh,121468,143893,1701.9,18927143.76,20649.56,1.12
Rice,2010,Kharif     ,Arunachal Pradesh,121570,155993,2574.1,20193992.7,29176.8,1.219375
Rice,2011,Kharif     ,Arunachal Pradesh,123500,159543,2193.7,20688720,40755,1.21875
Rice,2012,Kharif     ,Arunachal Pradesh,126085,174662,2760.7,19013618,39086.35,1.308125
Rice,2013,Kharif     ,Arunachal Pradesh,131989,184104,2042.9,19071090.61,35637.03,1.300588235
Rice,2014,Kharif     ,Arunachal Pradesh,127200,189992,2403.2,19202112,41976,1.447058824
Rice,2015,Kharif     ,Arunachal Pradesh,128800,204001,2593.2,20338808,42504,2.0875
Rice,1997,Kharif     ,Goa,15169,40864,3680.3,1443633.73,4702.39,2.69
Rice,1997,Rabi       ,Goa,6417,19052,3680.3,610705.89,1989.27,2.97
Rice,1997,Kharif     ,Arunachal Pradesh,120020,129505,2274.9,11422303.4,37206.2,1.06
Rice,1998,Autumn     ,Odisha,819731,501365,1357.1,80989422.8,237721.99,0.837666667
Rice,1998,Summer     ,Odisha,268081,506455,1357.1,26486402.8,77743.49,1.582666667
Rice,1998,Winter     ,Odisha,3358901,4383502,1357.1,331859418.8,974081.29,1.342333333
Rice,2005,Autumn     ,Odisha,781000,681000,1503.4,93657520,164010,1.016428571
Rice,2005,Summer     ,Odisha,325000,702000,1503.4,38974000,68250,2.04
Rice,2005,Winter     ,Odisha,3373000,5475000,1503.4,404490160,708330,1.639666667
Rice,2006,Autumn     ,Odisha,757000,765000,1716.9,96676470,166540,1.056785714
Rice,2006,Summer     ,Odisha,315000,720000,1716.9,40228650,69300,2.012
Rice,2006,Winter     ,Odisha,3379000,5338000,1716.9,431532090,743380,1.580333333
Rice,2007,Autumn     ,Odisha,742000,814000,1633.8,98982800,118720,1.082857143
Rice,2007,Summer     ,Odisha,334000,816000,1633.8,44555600,53440,2.108928571
Rice,2007,Winter     ,Odisha,3376000,5910000,1633.8,450358400,540160,1.747
Rice,2008,Autumn     ,Odisha,707000,735000,1539,101129280,63630,1.062142857
Rice,2008,Summer     ,Odisha,331000,811000,1539,47346240,29790,2.051538462
Rice,2008,Winter     ,Odisha,3417000,5266000,1539,488767680,307530,1.545333333
Rice,2008,Kharif     ,Goa,33638,78705,3271.6,4811579.52,3027.42,2.325
Rice,2008,Rabi       ,Goa,15688,43162,3271.6,2244011.52,1411.92,2.755
Rice,2009,Autumn     ,Odisha,687000,618000,1330.3,107048340,116790,1.024074074
Rice,2009,Summer     ,Odisha,265000,714000,1330.3,41292300,45050,2.163636364
Rice,2009,Winter     ,Odisha,3413000,5581000,1330.3,531813660,580210,1.575666667
Rice,2009,Kharif     ,Goa,31166,59267,3334.9,4856286.12,5298.22,1.895
Rice,2009,Rabi       ,Goa,15938,41338,3334.9,2483459.16,2709.46,2.57
Rice,2010,Autumn     ,Odisha,678000,563000,1291.9,112622580,162720,0.939642857
Rice,2010,Summer     ,Odisha,293000,863000,1291.9,48670230,70320,2.1024
Rice,2010,Winter     ,Odisha,3255000,5398000,1291.9,540688050,781200,1.633
Rice,2010,Kharif     ,Goa,30632,72221,4193.3,5088281.52,7351.68,2.35
Rice,2010,Rabi       ,Goa,15980,42773,4193.3,2654437.8,3835.2,2.68
Rice,2011,Autumn     ,Odisha,536000,418000,1346.2,89790720,176880,0.8
Rice,2011,Summer     ,Odisha,236000,755000,1346.2,39534720,77880,2.363913043
Rice,2011,Winter     ,Odisha,3233000,4633000,1346.2,541592160,1066890,1.405333333
Rice,2011,Kharif     ,Goa,31247,78770,3340.395455,5234497.44,10311.51,2.495
Rice,2011,Rabi       ,Goa,15990,43221,3340.395455,2678644.8,5276.7,2.7
Rice,2012,Autumn     ,Odisha,561000,970000,1430.2,84598800,173910,1.56
Rice,2012,Summer     ,Odisha,8629000,868000,1430.2,1301253200,2674990,0.077333333
Rice,2012,Winter     ,Odisha,3188000,7658000,1430.2,480750400,988280,2.490666667
Rice,2012,Kharif     ,Goa,31255,81229,3048.9,4713254,9689.05,2.59
Rice,2012,Rabi       ,Goa,14575,41592,3048.9,2197910,4518.25,2.85
Rice,2013,Autumn     ,Odisha,582000,851000,1632.4,84093180,157140,1.2972
Rice,2013,Summer     ,Odisha,300000,1025000,1632.4,43347000,81000,2.857307692
Rice,2013,Winter     ,Odisha,3298000,5734000,1632.4,476528020,890460,1.853
Rice,2014,Autumn     ,Odisha,583000,1036000,1536.9,88009680,192390,1.599166667
Rice,2014,Summer     ,Odisha,301000,1002000,1536.9,45438960,99330,2.62
Rice,2014,Winter     ,Odisha,3282000,7802000,1536.9,495450720,1083060,2.379333333
Rice,2015,Autumn     ,Odisha,541000,390000,1210.1,85429310,178530,0.864583333
Rice,2015,Summer     ,Odisha,234000,782000,1210.1,36950940,77220,2.619090909
Rice,2015,Winter     ,Odisha,3167000,4702000,1210.1,500100970,1045110,1.417666667
Rice,2016,Autumn     ,Odisha,511550,657520,1460.5,78395037.5,179042.5,1.444074074
Rice,2016,Summer     ,Odisha,224780,793690,1460.5,34447535,78673,2.745333333
Rice,2016,Winter     ,Odisha,3226450,8343100,1460.5,494453462.5,1129257.5,2.543
Rice,2017,Autumn     ,Odisha,530320,576840,1344.4,83493580.8,201521.6,1.218928571
Rice,2017,Summer     ,Odisha,221940,695400,1344.4,34942233.6,84337.2,2.673571429
Rice,2017,Winter     ,Odisha,3014130,5279130,1344.4,474544627.2,1145369.4,1.747
Rice,2018,Autumn     ,Odisha,454370,527490,1635.9,73698814,159029.5,1.322916667
Rice,2018,Summer     ,Odisha,274230,925810,1635.9,44480106,95980.5,2.586071429
Rice,2018,Winter     ,Odisha,3130820,6280410,1635.9,507819004,1095787,1.982333333
Rice,1998,Kharif     ,Nagaland,141000,205000,1498,13930800,40890,1.441428571
Rice,1997,Kharif     ,Jammu and Kashmir,275746,5488,1356.2,26242746.82,85481.26,0.016666667
